KOHAT TEXTILE MILLS LIMITED,,,,,,,,,
,,,,,,,,,
On-Hand Inventory,,,,,,,,,
,,,,,,,,,
,,,,,,,,,
,,,,,,,,,
Item,,Item Name,,Configuration,Size ,Color ,Style,Warehouse,Qty
CH70500100,,ACID,,-,HYDREX 1646/-,-,-,KTM-MNSTR,25.00
CH70500100,,ACID,,-,HYDREX 2330/-,-,-,KTM-MNSTR,34.00
CH70500100,,ACID,,-,HYDRO CHLORIC (HCL)/-,-,-,KTM-MNSTR,15.00
CH70500150,,ACID,,-,DIMETHYL FORMAMIDE/2«LTR,-,SIGMA ALDRICH/-/-,KTM-MNSTR,25.00
CH70500150,,ACID,,-,SULPHURIC (H2SO4)/2«LTR,-,MERCK/GERMANY/-,KTM-MNSTR,2.00
CH70502500,,SPRAY,,-,WD-40/400ML,-,MESDAN/-/-,KTM-MNSTR,10.00
CH70507800,,POTASSIUM DICHROMATE (K2CR2O7),,-,-/1KG,-,MERCK/GERMANY/-,KTM-MNSTR,2.00
CH70509000,,CHEMICAL,,-,EPOXY CHEM DUR/42,-,-,KTM-MNSTR,48.00
CH70509000,,CHEMICAL,,-,WATER CARE/A29L,-,-,KTM-MNSTR,168.00
CH70509000,,CHEMICAL,,LIQUID,CWS 102 A,-,-,KTM-MNSTR,64.00
CH70509020,,CHEMICAL,,-,CLEANING AGENT,-,-,KTM-MNSTR,22.00
CS70500001,,CEMENT,,-,-/50KGS,-/WHITE,-,KTM-MNSTR,1.00
CS70500100,,LIME STONE (QUICK),,-,-,-,-,KTM-MNSTR,40.00
CS70500400,,ENAMEL,,-,-/3.64L,-/ASH WHITE,-,KTM-MNSTR,1.00
CS70500400,,ENAMEL,,-,-,-/BLACK,-,KTM-MNSTR,3.00
CS70500400,,ENAMEL,,-,-/3.64L,-/GREY,-,KTM-MNSTR,1.00
CS70500400,,ENAMEL,,-,-/3.64L,-/MACHINE,-,KTM-MNSTR,1.00
CS70500400,,ENAMEL,,-,-/3.64L,-/PRIMER GREY,-,KTM-MNSTR,1.00
CS70500400,,ENAMEL,,-,-/3.64L,-/SILVER,BERGER/-/-,KTM-MNSTR,1.00
CS70500400,,ENAMEL,,-,-,-/YELLOW,-,KTM-MNSTR,2.00
CS70500400,,ENAMEL,,-,-/3.64L,1026/SILVER,BERGER/-/-,KTM-MNSTR,1.00
CS70500400,,ENAMEL,,-,-/3.64 LTR/-,1312/GOLDEN BROWN,HAPPILAC/-/-,KTM-MNSTR,2.00
CS70500400,,ENAMEL,,-,-/3.64L,14/SMOKE GREY,MASTER/-/-,KTM-MNSTR,3.00
CS70500400,,ENAMEL,,-,-/3.64L,16/BLUE SKY,MASTER/-/-,KTM-MNSTR,1.00
CS70500400,,ENAMEL,,-,-/3.64L,24/EMERALD,MASTER/-/-,KTM-MNSTR,1.00
CS70500400,,ENAMEL,,-,-/3.64L,29/WHITE,MASTER/-/-,KTM-MNSTR,4.00
CS70500400,,ENAMEL,,-,-/3.64L,30/BLACK,MASTER/-/-,KTM-MNSTR,2.00
CS70500400,,ENAMEL,,-,-/3.64L,5/GOLDEN YELLOW,MASTER/-/-,KTM-MNSTR,1.00
CS70500400,,ENAMEL,,-,-/3.64 LTR/-,50/ASH WHITE,MASTER/-/-,KTM-MNSTR,3.00
CS70500400,,ENAMEL,,-,-/3.64 LTR/-,59/TANK RED,MASTER/-/-,KTM-MNSTR,1.00
CS70500400,,ENAMEL,,-,-/3.64 LTR/-,60/TERRA COTTA,MASTER/-/-,KTM-MNSTR,1.00
CS70500410,,ENAMEL,,-,-,-/BLUE,HAPPILAC/-/-,KTM-MNSTR,1.00
CS70500600,,EMULSION,,-,WEATHER SHIELD/4 L,6018/BUFF GREY,MASTER/-/-,KTM-MNSTR,3.00
CS70500600,,EMULSION,,-,-/3.64L,WP-17/SWEET JEWEL,BERGER/-/-,KTM-MNSTR,1.00
CS70500700,,THINNER,,-,-,-,-,KTM-MNSTR,1.00
CS70501400,,PLASTER OF PARIS,,-,POWDER/-,-/WHITE,-,KTM-MNSTR,20.00
CS70501500,,CHIPS,,-,-/NO.9,-,-,KTM-MNSTR,50.00
CS70501700,,SHEET,,POLYTHENE,"TUBE/72""",-/BLUE/VIOLET,-,KTM-MNSTR,0.90
CS70501700,,SHEET,,POLYTHENE,"TUBE/72""",-/TRANSPARENT,-,AC-WH,-0.40
CS70501700,,SHEET,,POLYTHENE,"TUBE/72""",-/TRANSPARENT,-,KTM-TRNSIT,0.40
CS70502020,,TILES,,CERAMIC,"WALL/1'.5""X1'X8MM",-/WHITE,MASTER/-/-,KTM-MNSTR,0.60
EL71500500,,BALLAST,,-,ELECTRIC/36W-220V,-,PHILIPS/CHINA/EBC-136 TLD,KTM-MNSTR,10.00
EL71501000,,BOARD,,PLASTIC,"-/ 4""X4"" - 2 HOLE",-,-,KTM-MNSTR,22.00
EL71501000,,BOARD,,PLASTIC,"-/4""X4"" - 1 HOLE",-,-,KTM-MNSTR,18.00
EL71501000,,BOARD,,PLASTIC,"-/7""X4"" - 4 HOLE",-,-,ELECTRC-WH,-1.00
EL71501000,,BOARD,,PLASTIC,"-/7""X4"" - 4 HOLE",-,-,KTM-MNSTR,34.00
EL71501000,,BOARD,,PLASTIC,"-/7""X4"" - 4 HOLE",-,-,KTM-TRNSIT,1.00
EL71501000,,BOARD,,PLASTIC,"-/7""X4"" -5 HOLE",-,-,KTM-MNSTR,10.00
EL71501000,,BOARD,,PLASTIC,"-/8""X10"" - 8 HOLE",-,-,KTM-MNSTR,19.00
EL71501000,,BOARD,,PLASTIC,FOR POWER PLUG/-,-,-,KTM-MNSTR,45.00
EL71501020,,BOARD FOC,,-,-,-,-,KTM-MNSTR,27.00
EL71501020,,BOARD FOC,,-,COILER SERVO CONTROL/-,-,-,KTM-MNSTR,1.00
EL71501020,,BOARD FOC,,-,ROVING RIFT SURVEY/16 ROVINGS,-,COBE/MARZOLI/FT 6E,KTM-MNSTR,1.00
EL71501100,,BOARD ELECTRONIC CIRCUIT,,-,-,-,SCHLAFHORST/-/-,KTM-MNSTR,4.00
EL71501100,,BOARD ELECTRONIC CIRCUIT,,-,-,-,SCHLAFHORST/GERMANY/338,KTM-MNSTR,8.00
EL71501100,,BOARD ELECTRONIC CIRCUIT,,-,DRUM DRIVE/-,-,SCHLAFHORST/-/-,KTM-MNSTR,1.00
EL71501110,,BOARD ELECTRONIC CIRCUIT FOC,,-,QUAD STEPPER/-,-,-,KTM-MNSTR,2.00
EL71501300,,BOX,,PLASTIC,"-/4""X4""",-,-,KTM-MNSTR,14.00
EL71501500,,BREAKER,,-,-/5KA-10AMP-01 POLE,-,FUJI/JAPAN/-,KTM-MNSTR,23.00
EL71501500,,BREAKER,,-,-/5KA-10AMP-01 POLE,-,TECS/-/-,KTM-MNSTR,21.00
EL71501500,,BREAKER,,-,-/5KA-20AMP-01 POLE,-, ABB/-/-,KTM-MNSTR,20.00
EL71501500,,BREAKER,,-,-/6A~10A-3RV2011-1JA10 3PHAS 1NC+1NO/CIRCUIT,-,SIEMENS/GERMANY/-,KTM-MNSTR,8.00
EL71501500,,BREAKER,,-,CIRCUIT (XE225NC)/150AMP-50KV-03 POLE,-,MITSUBISHI/-/-,KTM-MNSTR,1.00
EL71501500,,BREAKER,,-,CIRCUIT ADJUSTABLE 3VU 1300 IMF00/0.6~1.6A,-,SIEMENS/GERMANY/-,KTM-MNSTR,2.00
EL71501500,,BREAKER,,-,CIRCUIT ADJUSTABLE/6~10A 3 POLE,-,SIEMENS/GERMANY/-,KTM-MNSTR,15.00
EL71501500,,BREAKER,,-,CIRCUIT WITH AUXILIARY ADJUSTABLE/2.1~4.5AMP-3POLE,-,CHNT CHINA/-,KTM-MNSTR,15.00
EL71501500,,BREAKER,,-,CIRCUIT WITH AUXILIARY ADJUSTABLE/4~6AMP-3POLE-GV2ME08,-,TELEMECANIQUE/-/-,KTM-MNSTR,6.00
EL71501500,,BREAKER,,-,CIRCUIT/100AMP-3POLE-30KA,-,MITSUBISHI/JAPAN/-,KTM-MNSTR,1.00
EL71501500,,BREAKER,,-,CIRCUIT/1POLE-10AMP,-,-,KTM-MNSTR,26.00
EL71501500,,BREAKER,,-,CIRCUIT/30AMP -3PHASE -25K,-,-,KTM-MNSTR,8.00
EL71501500,,BREAKER,,-,CIRCUIT/50AMP-3POLE-30KA,-,MITSUBISHI/JAPAN/-,KTM-MNSTR,1.00
EL71501500,,BREAKER,,-,CIRCUIT/50KA- 100AMP- 03 POLE,-,MITSUBISHI/JAPAN/-,KTM-MNSTR,1.00
EL71501500,,BREAKER,,-,CIRCUIT/63AMP -30K,-,SIEMENS/-/-,KTM-MNSTR,3.00
EL71501500,,BREAKER,,-,CIRCUIT/90~125AMP -30K -3POLE,-,MITSUBISHI/-/-,KTM-MNSTR,2.00
EL71501500,,BREAKER,,-,MCB/32A 5KA 2-POLE,-, ABB/-/-,KTM-MNSTR,6.00
EL71501500,,BREAKER,,-,MCB/63A 4.5KA 3-POLE,-,TECS/-/-,KTM-MNSTR,5.00
EL71501500,,BREAKER,,-,MCCB E100SF/32A-5KA-3 POLE,-,TERASAKI/JAPAN/-,KTM-MNSTR,6.00
EL71501500,,BREAKER,,-,MOTOR PROTECTION WITH AUXILIARY/1.6~2.5AMP,-,-,KTM-MNSTR,6.00
EL71501500,,BREAKER,,-,MOTOR PROTECTION WITH AUXILIARY/4~6AMP,-,SIEMENS/GERMANY/-,KTM-MNSTR,9.00
EL71501510,,BREAKER FOC,,-,"CIRCUIT MOTOR/13~18AMP, 3POLE",-,CHINA/SCHNEIDER/B 9589,KTM-MNSTR,2.00
EL71501510,,BREAKER FOC,,-,"CIRCUIT MOTOR/4~6.3AMP, 3POLE",-,CHINA/SCHNEIDER/B 9589,KTM-MNSTR,1.00
EL71501510,,BREAKER FOC,,-,CIRCUIT MOTOR/AR20-02B-A,-,-,KTM-MNSTR,1.00
EL71501510,,BREAKER FOC,,-,"CIRCUIT/2AMP, 2POLE",-,CHINA/SCHNEIDER/B 9589,KTM-MNSTR,2.00
EL71501510,,BREAKER FOC,,-,"CIRCUIT/4AMP, 2POLE",-,CHINA/SCHNEIDER/B 9589,KTM-MNSTR,1.00
EL71501700,,PHOTO CELL,,-,VFM10DT/24~220V,-,SUNX/CHINA/-,KTM-MNSTR,2.00
EL71501720,,PHOTO CELL FOC,,-,DOUBLE COBE APPETCS WITH STATIS/-,-,-,KTM-MNSTR,2.00
EL71501800,,RECEIVER,,-,WITH PROJECTOR/22MM 24V DC,-,-,KTM-MNSTR,1.00
EL71501900,,BULB,,-,-/15W,-,-,KTM-MNSTR,3.00
EL71501900,,BULB,,-,-/5W 12V 1PIN,-,-,KTM-MNSTR,4.00
EL71501900,,BULB,,-,-/5W-24V-2PIN,-,-,KTM-MNSTR,15.00
EL71501900,,BULB,,-,CORONA SPOT/M1,-,JOSSI/SWISS,KTM-MNSTR,2.00
EL71501900,,BULB,,-,FOR BLOW ROOM/130V,-,-,KTM-MNSTR,6.00
EL71501900,,BULB,,-,INDICATOR/220V,-,-,KTM-MNSTR,50.00
EL71501900,,BULB,,-,PIN TYPE/12V -5W,-,-,KTM-MNSTR,5.00
EL71501900,,BULB,,-,PIN TYPE/12V-5W-2PIN,-,-,KTM-MNSTR,38.00
EL71501900,,BULB,,-,PIN TYPE/130C -6W,-,-,KTM-MNSTR,15.00
EL71501900,,BULB,,-,PIN TYPE/B-50,-,-,KTM-MNSTR,10.00
EL71501900,,BULB,,-,SCREW TYPE/12V,-,-,KTM-MNSTR,3.00
EL71501900,,BULB,,-,SCREW TYPE/130V -2W,-,-,KTM-MNSTR,13.00
EL71501900,,BULB,,-,-/15MM-5W-24V AC-1PIN, -, -,KTM-MNSTR,60.00
EL71501900,,BULB,,LED,ENERGY SAVER THREADED/13W 220V,-, PHILIPS/-/-,KTM-MNSTR,55.00
EL71502310,,REFLECTOR,,-,RT-6600/10~30V,-,-,KTM-MNSTR,2.00
EL71502310,,REFLECTOR,,-,RT-6615 /10~30V -DC,-,-,KTM-MNSTR,2.00
EL71502500,,RELAY,,-,-/110V-8PINS,-,-,KTM-MNSTR,15.00
EL71502500,,RELAY,,-,-/12V DC -5PIN,-,-,KTM-MNSTR,20.00
EL71502500,,RELAY,,-,-/EM 11,-,-,KTM-MNSTR,1.00
EL71502500,,RELAY,,-,274P-40/G6A,-,OMRON/JAPAN/-,KTM-MNSTR,38.00
EL71502500,,RELAY,,-,3RE-TPO-0/115~110V -11PIN,-,SA/JAPAN/-,KTM-MNSTR,1.00
EL71502500,,RELAY,,-,"CONTACT/3TF4022 - 0BB4, 220V",-,SIEMENS/-/-,KTM-MNSTR,16.00
EL71502500,,RELAY,,-,CONTROL MY-4Z-14/110V AC-14PIN,-,OMRON/JAPAN/-,KTM-MNSTR,2.00
EL71502500,,RELAY,,-,ELECTRONIC OVERLOAD / 5~60 AMP-180~440V AC,-,-,KTM-MNSTR,13.00
EL71502500,,RELAY,,-,FLASHER/-,-,MITSUBA/JAPAN/-,KTM-MNSTR,1.00
EL71502500,,RELAY,,-,GLASS 55.32 WITH BASE /12V AC -8PIN,-,FINDER/-/-,KTM-MNSTR,13.00
EL71502500,,RELAY,,-,HH54PC/100~110V AC,-,FUJI/JAPAN/-,KTM-MNSTR,2.00
EL71502500,,RELAY,,-,MAGNET/100~500V,-,-,KTM-MNSTR,1.00
EL71502500,,RELAY,,-,MY-2N/110V AC -8PIN,-,OMRON/-/-,KTM-MNSTR,6.00
EL71502500,,RELAY,,-,OVER LOAD /4~6AMP,-,SIEMENS/GERMANY/-,KTM-MNSTR,1.00
EL71502500,,RELAY,,-,OVER LOAD 3TA 2037/4.5AMP,-,-,KTM-MNSTR,1.00
EL71502500,,RELAY,,-,OVER LOAD RC 3737-1/4~8AMP,-,FUJI/JAPAN/-,KTM-MNSTR,1.00
EL71502500,,RELAY,,-,OVER LOAD/0~6AMP,-,-,KTM-MNSTR,6.00
EL71502500,,RELAY,,-,OVERLOAD THERMAL-FT-15E /2~4.2AMP,-,RIXON/USA/-,KTM-MNSTR,5.00
EL71502500,,RELAY,,-,OVERLOAD THERMAL-FT-15E /2~4.2AMP,-,SCHNEIDER/FRANCE/-,KTM-MNSTR,15.00
EL71502500,,RELAY,,-,VOLTAGE MONITORING /-,-,-,KTM-MNSTR,1.00
EL71502500,,RELAY,,GLASS,-/110V-8PINS,-,-,KTM-MNSTR,1.00
EL71502500,,RELAY,,GLASS,-/110V-8PINS,-,FINDER/-/-,KTM-MNSTR,12.00
EL71502500,,RELAY,,GLASS,-/110VAC-14PIN/-,-,-,KTM-MNSTR,12.00
EL71502500,,RELAY,,GLASS,-/12V AC-14PIN,-,-,KTM-MNSTR,3.00
EL71502500,,RELAY,,GLASS,-/12V AC-14PIN,-,FINDER/-/-,KTM-MNSTR,9.00
EL71502500,,RELAY,,GLASS,-/12V AC-8PIN,-,FINDER/-/-,KTM-MNSTR,1.00
EL71502500,,RELAY,,GLASS,-/12V AC-8PIN,-,OMRON/JAPAN/-,KTM-MNSTR,8.00
EL71502500,,RELAY,,GLASS,-/12V DC,-,-,KTM-MNSTR,14.00
EL71502500,,RELAY,,GLASS,-/220V AC-8 PIN/-,-,RELIANCE/-/-,KTM-MNSTR,6.00
EL71502500,,RELAY,,GLASS,-/24V DC-14PN,-,-/-/RT1N,KTM-MNSTR,15.00
EL71502500,,RELAY,,GLASS,-/5V DC-8PIN,-,RELIANCE/-/-,KTM-MNSTR,15.00
EL71502500,,RELAY,,GLASS,24V AC-14PIN,-,-,KTM-MNSTR,6.00
EL71502500,,RELAY,,GLASS,"30V DC, 8PIN, 5AMP",-,SCHNEIDER/FRANCE/-,KTM-MNSTR,5.00
EL71502500,,RELAY,,GLASS,GLASS HHC 68-4Z/220V -14PIN,-,-,KTM-MNSTR,20.00
EL71502500,,RELAY,,GLASS,MULTI MODE 110V AC-11PIN,-,-,KTM-MNSTR,9.00
EL71502500,,RELAY,,GLASS,M-Z/12V AC -50\60,-,REPOL/-/-,KTM-MNSTR,2.00
EL71502500,,RELAY,,GLASS,WITH BASE /8PIN-220V AC,-,OMRON/JAPAN/-,KTM-MNSTR,10.00
EL71502510,,RELAY FOC,,-,DUAL/-,-,-,KTM-MNSTR,1.00
EL71502510,,RELAY FOC,,-,WITH BED/BASE/8PIN 24V DC,-,FINDER/-/-,KTM-MNSTR,1.00
EL71502600,,CABLE,,-,-/3\.029-1 CORE,-,FAST CABLE/-/-,KTM-MNSTR,180.00
EL71502600,,CABLE,,-,-/7\.029 -1CORE,-,FAST CABLE/-/-,KTM-MNSTR,270.00
EL71502600,,CABLE,,-,CONTROL FLEXIBLE/120MMý-5 CORE,-,-,KTM-MNSTR,25.00
EL71502600,,CABLE,,-,CONTROL FLEXIBLE/165MMý-5 CORE,-,-,KTM-MNSTR,15.00
EL71502600,,CABLE,,COPPER,EARTH/10MM,-,-,KTM-MNSTR,150.00
EL71502600,,CABLE,,COPPER,EARTH/16MMý,-,-,KTM-MNSTR,298.00
EL71502600,,CABLE,,COPPER,EARTH/25MM-1 CORE,-,-,KTM-MNSTR,180.00
EL71502600,,CABLE,,CU/PVC/PVC,-/35MMý -4 CORE,-,PAKISTAN CABLE/-/-,KTM-MNSTR,91.00
EL71502600,,CABLE,,CU/PVC/PVC,CONTROL SHIELDED/1.5MM 4 CORE,-,-,KTM-MNSTR,250.00
EL71502600,,CABLE,,CU/PVC/PVC,FLEXIBLE/1.5MM 2CORE,-,PAKISTAN CABLE/-/-,KTM-MNSTR,270.00
EL71502600,,CABLE,,CU/PVC/PVC,-/6 MMý 4 CORE,-/BLACK,FAST CABLE/-/-,KTM-MNSTR,14.00
EL71502600,,CABLE,,CU/PVC/PVC,-/7\.029 -2CORE,-/BLACK,PAKISTAN CABLE/-/-,KTM-MNSTR,320.00
EL71502600,,CABLE,,CU/PVC/PVC,FLEXIBLE/1.5MM-4 CORE,-/GRAY,FAST CABLE/-/-,KTM-MNSTR,99.00
EL71502600,,CABLE,,CU/PVC/PVC,FLEXIBLE/1.5MMý 1 CORE,-/RED,PAKISTAN CABLE/-/-,KTM-MNSTR,90.00
EL71502600,,CABLE,,CU/PVC/PVC,FLEXIBLE/1.5MMý 1 CORE,BLACK,PAKISTAN CABLE/-/-,KTM-MNSTR,90.00
EL71502600,,CABLE,,PVC,-/16 MM 4CORE,-,PAKISTAN CABLE/-/-,KTM-MNSTR,96.00
EL71502600,,CABLE,,PVC,-/19\.083,-,-,KTM-MNSTR,8.00
EL71502610,,CABLE,,-,-,-,SAURER/-/-,KTM-MNSTR,33.00
EL71502610,,CABLE,,-,COMMUNICATION/-,-,-,KTM-MNSTR,3.00
EL71502610,,CABLE,,-,STECKER D95-X3 KPL/M 15 POL,-,-,KTM-MNSTR,2.00
EL71502620,,CABLE,,PVC,-/7\29-1CORE,-,-,KTM-MNSTR,3.00
EL71502620,,CABLE,,PVC,FLEXIBLE/0.5MM-1 CORE,-/BLUE,-,KTM-MNSTR,2.00
EL71502640,,CABLE FOC,,-,-,-,-,KTM-MNSTR,4.00
EL71502640,,CABLE FOC,,-,CONNECTING WITH RJ-45/-,-,CHINA/-/B 9589,KTM-MNSTR,2.00
EL71502640,,CABLE FOC,,-,CONNECTING/-,-,CHINA/-/B 9589,KTM-MNSTR,3.00
EL71502640,,CABLE FOC,,-,CONTROL WITH JACK/-,-,-,KTM-MNSTR,2.00
EL71502640,,CABLE FOC,,-,FLEXIABLE/4CORE,-,ITALY/MARZOLI/FT6E,KTM-MNSTR,1.00
EL71502640,,CABLE FOC,,-,FOR EMERGENCY SWITCH/-,RED,ITALY/MARZOLI/FT6E,KTM-MNSTR,2.00
EL71503005,,CABLE NUMBERING,,-, A TO Z/-,-,-,KTM-MNSTR,2.00
EL71503400,,CABLE TIE,,NYLON,"-/12""",-,-,KTM-MNSTR,1.00
EL71503400,,CABLE TIE,,NYLON,"-/4""",-,-,KTM-MNSTR,22.00
EL71503400,,CABLE TIE,,NYLON,"-/8""",-,-,KTM-MNSTR,10.00
EL71503500,,SENSOR,,-,-,-,-,KTM-MNSTR,20.00
EL71503500,,SENSOR,,-,-/11MM 30 VDC/PNP,-,-,KTM-MNSTR,12.00
EL71503500,,SENSOR,,-,-/DJ-2G -2WIRE,-,-/-/MK-4,KTM-MNSTR,3.00
EL71503500,,SENSOR,,-,DOFFING/-,-,-,KTM-MNSTR,2.00
EL71503500,,SENSOR,,-,DRUM /-,-,MURATA/-/-,KTM-MNSTR,8.00
EL71503500,,SENSOR,,-,HANK METER PNP/-,-,-,KTM-MNSTR,9.00
EL71503500,,SENSOR,,-,M 12/4MM,-,-,KTM-MNSTR,3.00
EL71503500,,SENSOR,,-,NPN /10~30V DC 12MM,-,-,KTM-MNSTR,2.00
EL71503500,,SENSOR,,-,"NPN, W12 NCL /10~30V DC",-,-,KTM-MNSTR,1.00
EL71503500,,SENSOR,,-,PNP /10~30V DC 18MM,-,-,KTM-MNSTR,2.00
EL71503500,,SENSOR,,-,PNP MAGNET/10~30V DC 18MM,-,-,KTM-MNSTR,4.00
EL71503500,,SENSOR,,-,PNP METAL/12MM-10~36MM-VDC SENSE 3MM-DIA 6MM,-,ATLAS/-/-,KTM-MNSTR,8.00
EL71503500,,SENSOR,,-,PNP PIN TYPE /12MM-10~36V DC-SENSE 7MM,-,-,KTM-MNSTR,8.00
EL71503500,,SENSOR,,-,PNP TYPE /12MM-10V~30V DC,-,-,KTM-MNSTR,8.00
EL71503500,,SENSOR,,-,"PNP, JACK TYPE /10~30V DC 12MM",-,-,KTM-MNSTR,5.00
EL71503500,,SENSOR,,-,"PNP/10~30VDC, SENGSING RANGE 1MM, DIA 12MM",-,-/-/JWF 1213A,KTM-MNSTR,5.00
EL71503500,,SENSOR,,-,"PRESSURE SNHZ-TEC/0~10BAR  «""NPT 24V DC",-,-/USA/-,KTM-MNSTR,5.00
EL71503500,,SENSOR,,-,SENSE 1~3MM NPN/4MM-12~24V DC,-,-,KTM-MNSTR,5.00
EL71503500,,SENSOR,,-,SENSE 1~3MM NPN/6MM-12~24V DC,-,-,KTM-MNSTR,1.00
EL71503500,,SENSOR,,-,SENSE 1~3MM NPN/8MM-12~24V DC,-,-,KTM-MNSTR,5.00
EL71503500,,SENSOR,,-,SENSE 1~3MM PNP/4MM-12~24V DC,-,-,KTM-MNSTR,2.00
EL71503510,,SENSOR FOC,,-,-,-,-,KTM-MNSTR,20.00
EL71503510,,SENSOR FOC,,-,COBE FOR TENSION CONTROL/-,-,ITALY/MARZOLI/FT6E,KTM-MNSTR,1.00
EL71503510,,SENSOR FOC,,-,DOUBLE FOTOC COBE/-,-,ITALY/MARZOLI/FT6E,KTM-MNSTR,2.00
EL71503510,,SENSOR FOC,,-,GUN/-,-,CHINA/-/B 9589,KTM-MNSTR,9.00
EL71503510,,SENSOR FOC,,-,HALL/-,-,SCHLAFHORST/-/-,KTM-MNSTR,23.00
EL71503510,,SENSOR FOC,,-,INDUCTIVE PROXIMITY SWITCH TOP-BOTTOM ARM,-,TURKEY/ASTEKS/SF 201,KTM-MNSTR,1.00
EL71503510,,SENSOR FOC,,-,LOWER END/-,-,SCHLAFHORST/-/-,KTM-MNSTR,1.00
EL71503510,,SENSOR FOC,,-,M 12\SN 4MM/-,-,-,KTM-MNSTR,2.00
EL71503510,,SENSOR FOC,,-,PHOTOELECTRIC/-,-,CHINA/-/B 9589,KTM-MNSTR,6.00
EL71503510,,SENSOR FOC,,-,"PNP/DIAMETER M12,  4MM",-,CHINA/-/B 9589,KTM-MNSTR,2.00
EL71503510,,SENSOR FOC,,-,PROXIMITY/-,-,TURKEY/ASTEKS/SF 201,KTM-MNSTR,3.00
EL71503510,,SENSOR FOC,,-,SICK/10~30V DC,-,ITALY/MARZOLI/FT6E,KTM-MNSTR,2.00
EL71503510,,SENSOR FOC,,-,TRAVERSE/-,-,SCHLAFHORST/-/-,KTM-MNSTR,2.00
EL71503510,,SENSOR FOC,,-,UPPER END/-,-,SCHLAFHORST/-/-,KTM-MNSTR,1.00
EL71503600,,CAPACITOR,,-,-/1.2UF,-,-,KTM-MNSTR,24.00
EL71503600,,CAPACITOR,,-,-/1.6UF,-,-,KTM-MNSTR,12.00
EL71503600,,CAPACITOR,,-,-/10UF,-,-,KTM-MNSTR,10.00
EL71503600,,CAPACITOR,,-,-/10UF-400V,-,FUJI/-/-,KTM-MNSTR,40.00
EL71503600,,CAPACITOR,,-,-/2.5UF-220V,-,FUJI/-/-,KTM-MNSTR,49.00
EL71503600,,CAPACITOR,,-,-/4.5UF- 220V,-,FUJI/-/-,KTM-MNSTR,8.00
EL71503600,,CAPACITOR,,-,-/500UF-500W,-,-,KTM-MNSTR,8.00
EL71503600,,CAPACITOR,,-,-/50UF-450V AC-50\60HZ,-,-,KTM-MNSTR,4.00
EL71503600,,CAPACITOR,,-,-/6.5UF-450V AC-50\60HZ (+\-5%),-,-,KTM-MNSTR,2.00
EL71503600,,CAPACITOR,,-,-/7.5UF,-,FUJI/-/-,KTM-MNSTR,3.00
EL71503600,,CAPACITOR,,-,-/80UF,-,-,KTM-MNSTR,2.00
EL71503600,,CAPACITOR,,-,1.5UF-220V,-,FUJI/-/-,KTM-MNSTR,8.00
EL71503600,,CAPACITOR,,-,"ELECTROLYTIC/2400UF, 400V, 2PIN, 105øC",-,-,KTM-MNSTR,2.00
EL71503600,,CAPACITOR,,-,"ELECTROLYTIC/4700UF, 400V, 2PIN, 105øC",-,-,KTM-MNSTR,6.00
EL71503600,,CAPACITOR,,-,SH LIGHT KCD-G400-220/240V,-,-,KTM-MNSTR,1.00
EL71503620,,CAPACITOR FOC,,-,-/3UF-450V,-,CHINA/-/B 9589,KTM-MNSTR,2.00
EL71503620,,CAPACITOR FOC,,-,-/4UF-450V,-,CHINA/-/B 9589,KTM-MNSTR,4.00
EL71503710,,BRUSH CARBON FOC,,-,-,-,-,KTM-MNSTR,1.00
EL71503710,,BRUSH CARBON FOC,,-,-/D4X15,-,-,KTM-MNSTR,13.00
EL71503750,,BRUSH CARBON,,-,D4X15NR.K 33/-,-,-,KTM-MNSTR,16.00
EL71503750,,BRUSH CARBON,,-,FOR SERVO MOTOR/-,-,-,KTM-MNSTR,6.00
EL71503800,,SHEET,,PLASTIC,"BOARD/4""X4""",-,-,KTM-MNSTR,4.00
EL71503800,,SHEET,,PLASTIC,"BOARD/4""X9""",-,-,KTM-MNSTR,2.00
EL71504000,,PLUG,,-,CV MALE-FEMALE/24PIN,-,-,KTM-MNSTR,6.00
EL71504000,,PLUG,,-,MULTI SHOE/5AMP-2PIN,-,-,KTM-MNSTR,3.00
EL71504000,,PLUG,,-,POWER/30AMP,-,-,KTM-MNSTR,25.00
EL71504000,,PLUG,,-,POWER/30AMP,-,-/CHINA/-,KTM-MNSTR,7.00
EL71504000,,PLUG,,-,SHOE/30AMP-3PIN,-,-,ELECTRC-WH,-4.00
EL71504000,,PLUG,,-,SHOE/30AMP-3PIN,-,-,KTM-MNSTR,9.00
EL71504000,,PLUG,,-,SHOE/30AMP-3PIN,-,-,KTM-TRNSIT,4.00
EL71504000,,PLUG,,NYLON,RAWAL/NO.12,-,-,KTM-MNSTR,37.00
EL71504270,,SLEEVE,,-,HEAT PROOF (SILICON)/10MM,-,-,KTM-MNSTR,29.00
EL71504270,,SLEEVE,,-,HEAT PROOF (SILICON)/12MM,-,-,KTM-MNSTR,8.00
EL71504270,,SLEEVE,,-,HEAT PROOF (SILICON)/14MM,-,-,KTM-MNSTR,35.00
EL71504270,,SLEEVE,,-,HEAT PROOF (SILICON)/16MM,-,-,KTM-MNSTR,24.00
EL71504270,,SLEEVE,,-,HEAT PROOF (SILICON)/1MM,-,-,KTM-MNSTR,48.00
EL71504270,,SLEEVE,,-,HEAT PROOF (SILICON)/2MM,-,-,KTM-MNSTR,88.00
EL71504270,,SLEEVE,,-,HEAT PROOF (SILICON)/3MM,-,-,KTM-MNSTR,84.00
EL71504270,,SLEEVE,,-,HEAT PROOF (SILICON)/4MM,-,-,KTM-MNSTR,24.00
EL71504270,,SLEEVE,,-,HEAT PROOF (SILICON)/6MM,-,-,KTM-MNSTR,12.00
EL71504270,,SLEEVE,,GLASS,EMPIRE GLASS/4MM,-,-,KTM-MNSTR,13.00
EL71504300,,CLEAT,,-,FOR HEATER/-,-,-,KTM-MNSTR,100.00
EL71504400,,SOCKET,,-,-/15AMP,-,ITTEFAQ/-/-,KTM-MNSTR,36.00
EL71504400,,SOCKET,,-,INDUSTRIAL/16AMP-4PIN,-,-,KTM-MNSTR,1.00
EL71504400,,SOCKET,,-,TELEPHONE/-,-,-,KTM-MNSTR,14.00
EL71504400,,SOCKET,,PVC,-/12P AC  230V 10A/PLUG,-,RIETER/-/-,KTM-MNSTR,1.00
EL71504750,,Coil,,-,MAGNET /110V-LARGE,-,-,KTM-MNSTR,7.00
EL71504750,,Coil,,-,MAGNET AC SOLONOID SA-3702 /-,-,-/JAPAN/-,KTM-MNSTR,5.00
EL71504750,,Coil,,-,ONLY FOR CONTACTOR SRC-3631-2 3TA-2/-,-,-,KTM-MNSTR,1.00
EL71504750,,Coil,,-,SC2N FOR CONTACTOR/440V,-,-,KTM-MNSTR,2.00
EL71505000,,CONNECTOR,,-,-/30AMP-10WAY,-,-,KTM-MNSTR,54.00
EL71505000,,CONNECTOR,,-,PLUG Z 80-02328-00/-,-,-,KTM-MNSTR,8.00
EL71505000,,CONNECTOR,,BECOLITE,-/30AMP-10WAY,-,-,KTM-MNSTR,12.00
EL71505000,,CONNECTOR,,PVC,-/100AMP,-,-,KTM-MNSTR,80.00
EL71505000,,CONNECTOR,,PVC,-/10AMP,-,-,KTM-MNSTR,250.00
EL71505000,,CONNECTOR,,PVC,STRIP/20AMP-12WAY,-,-,KTM-MNSTR,200.00
EL71505000,,CONNECTOR,,PVC,STRIP/60AMP-10WAY,-,-,KTM-MNSTR,80.00
EL71505200,,CONTACT,,-,AUXILARY GH5 T 22/-,-,-,KTM-MNSTR,3.00
EL71505600,,STARTER,,-,LOCK TYPE/500V,-,-,KTM-MNSTR,10.00
EL71505700,,COOLING FAN,,-,-/120X120MM-220V AC,-,FULTECH/-/-,KTM-MNSTR,15.00
EL71505700,,COOLING FAN,,-,-/120X120MM-24V DC,-,-,KTM-MNSTR,8.00
EL71505700,,COOLING FAN,,-,-/120X120MM-24V DC,-,FULTECH/-/-,KTM-MNSTR,10.00
EL71505700,,COOLING FAN,,-,-/80X80MM-12V DC,-,-,KTM-MNSTR,18.00
EL71505700,,COOLING FAN,,METALLIC,-/160X160MM 220V AC,-,-,KTM-MNSTR,5.00
EL71506000,,METER,,-, ENERGY ELECTRONIC /1 PHASE-40AMP,-,-,KTM-MNSTR,5.00
EL71506000,,METER,,-,AVO/100AMP,-,-,KTM-MNSTR,3.00
EL71506000,,METER,,-,COUNTER FX4 AUTONICS/220V,-,-,KTM-MNSTR,1.00
EL71506000,,METER,,-,COUNTER FX4 AUTONICS/220V,-,AUTONICS/-/-,KTM-MNSTR,4.00
EL71506000,,METER,,-,COUNTER USTER/D-4,-,-,KTM-MNSTR,1.00
EL71506000,,METER,,-,ENERGY ELECTRONIC/3 PHASE 15(90)A 400V 3X230,-,-,KTM-MNSTR,1.00
EL71506000,,METER,,-,ENERGY/20AMP,-,-/CHINA/-,KTM-MNSTR,1.00
EL71506000,,METER,,-,POTENTIO RES (-\+) 0.2% NO=9A2/1K-OHM,-,-,KTM-MNSTR,4.00
EL71506000,,METER,,-,POTENTIO RES (-\+) 0.2%/20K-OHM,-,-,KTM-MNSTR,5.00
EL71506000,,METER,,-,"WATER FLOW/?"" IN OUT",-,BAYLAN/-/TK-4,KTM-MNSTR,1.00
EL71506100,,SURGE SUPPRESSOR FOC,,-,-,-,-,KTM-MNSTR,2.00
EL71506200,,SWITCH,,-,-/-/EMERGENCY,-,SUESSEN/GERMANY/-,KTM-MNSTR,2.00
EL71506200,,SWITCH,,-,-/-/LIMIT  -  D4MC-5020,-,OMRON/JAPAN/-,KTM-MNSTR,50.00
EL71506200,,SWITCH,,-,-/SMALL,-,-,KTM-MNSTR,6.00
EL71506200,,SWITCH,,-,4023\4036-5/-,-,-,KTM-MNSTR,3.00
EL71506200,,SWITCH,,-,APZ-04 LEVER /-,-,OMRON/JAPAN/-,KTM-MNSTR,16.00
EL71506200,,SWITCH,,-,BEATER COD.2.03.11/25AMP-3POLE,-,-,KTM-MNSTR,1.00
EL71506200,,SWITCH,,-,BZ-2RV0317-J/-,-,-,KTM-MNSTR,8.00
EL71506200,,SWITCH,,-,CAM JW2Z 3TH/-,-,-/-/JW2-11Z\3,KTM-MNSTR,28.00
EL71506200,,SWITCH,,-,CRADLE MICRO SWITCH TYPE /-,-,-,KTM-MNSTR,3.00
EL71506200,,SWITCH,,-,CRADLE/-,-,-,KTM-MNSTR,4.00
EL71506200,,SWITCH,,-,DIFFERENTIAL PRESSURE/-,-,KAESER/-/-,KTM-MNSTR,1.00
EL71506200,,SWITCH,,-,DIMMER/-,-,-,KTM-MNSTR,3.00
EL71506200,,SWITCH,,-,DOOR/-,-,-/CHINA/-,KTM-MNSTR,1.00
EL71506200,,SWITCH,,-,FLOAT/-,-, -,KTM-MNSTR,1.00
EL71506200,,SWITCH,,-,FUSE BRAKE FUSE 660/400AMP,-,-,KTM-MNSTR,1.00
EL71506200,,SWITCH,,-,LIMIT /K244-600V-10AMP,-,FUJI/JAPAN/-,KTM-MNSTR,6.00
EL71506200,,SWITCH,,-,LIMIT /LT-220V AC-5AMP,-,-,KTM-MNSTR,5.00
EL71506200,,SWITCH,,-,LIMIT 1-FL DC 55V S+2M/-,-,-,KTM-MNSTR,4.00
EL71506200,,SWITCH,,-,LIMIT 1-FL DC 55V S+6M/-,-,-,KTM-MNSTR,1.00
EL71506200,,SWITCH,,-,LIMIT 3SE2-100-1E/-,-,SIEMENS/JAPAN/-,KTM-MNSTR,2.00
EL71506200,,SWITCH,,-,LIMIT HL-5030/250V-5AMP,-,-,KTM-MNSTR,3.00
EL71506200,,SWITCH,,-,LIMIT KRONENBERG WZF-27D/-,-,-,KTM-MNSTR,1.00
EL71506200,,SWITCH,,-,LIMIT K-VE-CA2-12C/-,-,-,KTM-MNSTR,1.00
EL71506200,,SWITCH,,-,LIMIT M. SCHARMIERST. 20E/-,-,-,KTM-MNSTR,2.00
EL71506200,,SWITCH,,-,LIMIT SAFETY/-,-,-,KTM-MNSTR,3.00
EL71506200,,SWITCH,,-,LIMIT VE-10LA2-12-L/-,-,-,KTM-MNSTR,1.00
EL71506200,,SWITCH,,-,LIMIT WZF-2\D/-,-,-,KTM-MNSTR,7.00
EL71506200,,SWITCH,,-,LIMIT-CZ 7310/-,-,-,KTM-MNSTR,40.00
EL71506200,,SWITCH,,-,MAGNET NOVOPERM A11 RED-1360-8/-,-,-,KTM-MNSTR,1.00
EL71506200,,SWITCH,,-,MAIN/100AMP-3PHASE,-,-,KTM-MNSTR,1.00
EL71506200,,SWITCH,,-,MICRO -BLOW ROOM/-,-,-,KTM-MNSTR,11.00
EL71506200,,SWITCH,,-,MICRO KWX/-,-,-,KTM-MNSTR,6.00
EL71506200,,SWITCH,,-,MICRO-11/-,-,-,KTM-MNSTR,2.00
EL71506200,,SWITCH,,-,"MOTOR OVER LOAD, BG 502/32~40AMP",-,-,KTM-MNSTR,1.00
EL71506200,,SWITCH,,-,ON-OFF-PIANO /5AMP,-,ITTEFAQ/-/-,KTM-MNSTR,36.00
EL71506200,,SWITCH,,-,PHOTO ELECTRIC/10~30V DC NPN,-,OMRON/-/-,KTM-MNSTR,6.00
EL71506200,,SWITCH,,-,PNP/24V DC,-,-,KTM-MNSTR,5.00
EL71506200,,SWITCH,,-,READ/-,-,-,KTM-MNSTR,4.00
EL71506200,,SWITCH,,-,RESET/125V-6AMP-12MM,-,-/-/7-2,KTM-MNSTR,100.00
EL71506200,,SWITCH,,-,SELECTOR/-,-,-,KTM-MNSTR,1.00
EL71506200,,SWITCH,,-,SHIELD LIMIT/-,-,-,KTM-MNSTR,6.00
EL71506200,,SWITCH,,-,SLECTOR /22MM-NO-NC,-,-,KTM-MNSTR,25.00
EL71506200,,SWITCH,,-,SLECTOR ON-OFF/-,-, -,KTM-MNSTR,24.00
EL71506200,,SWITCH,,-,TABLE LAMP/-,-,-,KTM-MNSTR,3.00
EL71506200,,SWITCH,,-,TUMBLER/5AMP,-,-,KTM-MNSTR,5.00
EL71506200,,SWITCH,,-,TWO WAY/5AMP,-,-,KTM-MNSTR,3.00
EL71506200,,SWITCH,,-,"WATER DRAIN (WFS 6000)/150PSI 1000C, 1"" NPT 15A,250V",-,-,KTM-MNSTR,1.00
EL71506200,,SWITCH,,-,MICRO /-, -, -,KTM-MNSTR,2.00
EL71506200,,SWITCH,,-,PRESSURE /-, -, -,KTM-MNSTR,2.00
EL71506200,,SWITCH,,-,ROTARY REVERSE FORWARD /30AMP, -,-,KTM-MNSTR,1.00
EL71506200,,SWITCH,,-,SELECTOR ON-OFF /-, -,-,KTM-MNSTR,2.00
EL71506210,,SWITCH FOC,,-,LIMIT /-,-,ITLAY/MARZOLI/FT 6E,KTM-MNSTR,2.00
EL71506210,,SWITCH FOC,,-,LIMIT ROD /-,-,CHINA/-/B 9589,KTM-MNSTR,3.00
EL71506210,,SWITCH FOC,,-,PHOTO ELECTRIC  /-,-,-,KTM-MNSTR,1.00
EL71506210,,SWITCH FOC,,-,SELECTOR/-,-,-,KTM-MNSTR,7.00
EL71506290,,DISTRIBUTION BOX (D.B),,M.S,"WATER PROOF-WALL MOUNTED /L-12""XW-8"" D-4""",-,-,KTM-MNSTR,1.00
EL71506300,,DUCT,,PVC,CABLE/25MM,-,DURA/-/-,KTM-MNSTR,680.00
EL71506300,,DUCT,,PVC,CABLE/40X50MM,-,-,KTM-MNSTR,40.00
EL71506500,,TAPE,,COTTON,"-/?""",-,-,KTM-MNSTR,90.00
EL71506500,,TAPE,,PLASTIC,"-/?""",-,-,ELECTRC-WH,-20.00
EL71506500,,TAPE,,PLASTIC,"-/?""",-,-,KTM-TRNSIT,20.00
EL71506500,,TAPE,,PVC,"-/?""",-/BLACK,-,KTM-MNSTR,226.00
EL71506700,,EMERGENCY LIGHT,,-, RECHARGEABLE /220V,-,-,KTM-MNSTR,1.00
EL71506700,,EMERGENCY LIGHT,,-,EXIT EMERGENCY LIGHT 30 CM,-,-,KTM-MNSTR,8.00
EL71506800,,THERMOSTAT,,-,FOR GEYSER ELEMENT/0~90 220V,-,-,KTM-MNSTR,2.00
EL71506900,,ENCODER,,-,SERVO MOTOR/-,-,-,KTM-MNSTR,1.00
EL71506910,,ENCODER FOC,,-,-/TTL-EIL580-BM12 (A\30020,-,MARZOLI/-/-,KTM-MNSTR,1.00
EL71506910,,ENCODER FOC,,-,BAUMER MDFK 08T7104/11220407,-,MARZOLI/-/-,KTM-MNSTR,1.00
EL71506910,,ENCODER FOC,,-,ROTARY/TYPE 2T1000BF-3M,-,-,KTM-MNSTR,2.00
EL71507000,,FAN,,-,-/220~240V-380~415V,-,-,KTM-MNSTR,2.00
EL71507000,,FAN,,ALUMINUM,"PNEUMAFIL/OUTER DIA-410MM, INNER DIA-25MM, H 110MM",-,-,KTM-MNSTR,3.00
EL71507000,,FAN,,PLASTIC,"FOR MOTOR/18"" X BORE 38MM",-,-,KTM-MNSTR,5.00
EL71507100,,"TERMINAL / THIMBLE
",,-,CLIP/-,-,-,KTM-MNSTR,254.00
EL71507100,,"TERMINAL / THIMBLE
",,-,I-TYPE/16MM,-,-,KTM-MNSTR,150.00
EL71507100,,"TERMINAL / THIMBLE
",,-,O-TYPE/1.5MM,-,-,KTM-MNSTR,100.00
EL71507100,,"TERMINAL / THIMBLE
",,-,U-TYPE/1.5MM,-,-,KTM-MNSTR,100.00
EL71507100,,"TERMINAL / THIMBLE
",,-,U-TYPE/2.5MM,-,-,KTM-MNSTR,300.00
EL71507100,,"TERMINAL / THIMBLE
",,COPPER,-/10MM,-,-,KTM-MNSTR,105.00
EL71507100,,"TERMINAL / THIMBLE
",,COPPER,-/120MM,-,-,KTM-MNSTR,198.00
EL71507100,,"TERMINAL / THIMBLE
",,COPPER,-/16MM,-,-,KTM-MNSTR,34.00
EL71507100,,"TERMINAL / THIMBLE
",,COPPER,-/16X8MM,-,-,KTM-MNSTR,12.00
EL71507100,,"TERMINAL / THIMBLE
",,COPPER,-/185MM,-,-,KTM-MNSTR,100.00
EL71507100,,"TERMINAL / THIMBLE
",,COPPER,-/25MM,-,-,KTM-MNSTR,150.00
EL71507100,,"TERMINAL / THIMBLE
",,COPPER,-/35MM,-,-,KTM-MNSTR,30.00
EL71507100,,"TERMINAL / THIMBLE
",,COPPER,-/50MM,-,-,KTM-MNSTR,251.00
EL71507100,,"TERMINAL / THIMBLE
",,COPPER,-/6MM,-,-,KTM-MNSTR,401.00
EL71507100,,"TERMINAL / THIMBLE
",,COPPER,-/70MM,-,-,KTM-MNSTR,251.00
EL71507100,,"TERMINAL / THIMBLE
",,COPPER,-/95MM,-,-,KTM-MNSTR,60.00
EL71507100,,"TERMINAL / THIMBLE
",,COPPER BY METALIC,-/240MM,-,-,KTM-MNSTR,8.00
EL71507100,,"TERMINAL / THIMBLE
",,S.S,-/120MM,-,-,KTM-MNSTR,4.00
EL71507150,,THIMBLE,,-,U-TYPE/1.50MM,-,-,KTM-MNSTR,5.00
EL71507150,,THIMBLE,,-,U-TYPE/2.50MM,-,-,KTM-MNSTR,1.00
EL71507300,,TIMER,,-,"DOUBLE CYCLE RELAY/H3BF-N8, 220VAC",-,OMRON/-/H3BF-N8,KTM-MNSTR,6.00
EL71507300,,TIMER,,-,H3Y-2/110V,-,OMRON/-/-,KTM-MNSTR,1.00
EL71507300,,TIMER,,-,"RELAY TYPE H3Y-2/60SEC, 110V AC",-,-,KTM-MNSTR,4.00
EL71507300,,TIMER,,-,WITH BASE (ST-7P-4)/110V AC 50/60HZ (14 PIN),-,-,KTM-MNSTR,5.00
EL71507450,,REGULATOR,,-,CONTROL CARD,-,SCHLAFHORST/GERMANY/338,KTM-MNSTR,1.00
EL71507500,,TRANSFORMER,,-,-/INPUT 110V- OUTPUT 12V 1.5AMP AC,-,-,KTM-MNSTR,1.00
EL71507500,,TRANSFORMER,,-,-/INPUT 110V- OUTPUT 24V 0.02A,-,-,KTM-MNSTR,1.00
EL71507500,,TRANSFORMER,,-,CURRENT RATIO 30\5/-,-,-,KTM-MNSTR,1.00
EL71507700,,FUSE,,-,BOTTLE/5AMP,-,-,KTM-MNSTR,200.00
EL71507700,,FUSE,,PORCELAIN,RT-14/25AMP (10X38MM),-,-,KTM-MNSTR,25.00
EL71507710,,FUSE FOC,,-,-,-,-,KTM-MNSTR,6.00
EL71507710,,FUSE FOC,,-,-/25AMP,-,-,KTM-MNSTR,1.00
EL71507710,,FUSE FOC,,-,-/4AMP,-,-,KTM-MNSTR,3.00
EL71507710,,FUSE FOC,,-,-/6AMP,-,-,KTM-MNSTR,1.00
EL71507710,,FUSE FOC,,-,6.3AMP/500V,-,-,KTM-MNSTR,6.00
EL71507710,,FUSE FOC,,PORCELAIN,-/20AMP,-,CHINA/-/B 9589,KTM-MNSTR,4.00
EL71507710,,FUSE FOC,,PORCELAIN,-/40AMP,-,CHINA/-/B 9589,KTM-MNSTR,2.00
EL71507710,,FUSE FOC,,PORCELAIN,-/6AMP,-,CHINA/-/B 9589,KTM-MNSTR,4.00
EL71507900,,TUBE LIGHT,,-, DUST PROOF-WATER PROOF WITH DOUBLE ROD COMPLETE /14W 220V,-,YANKON/-/CHINA,KTM-MNSTR,30.00
EL71507900,,TUBE LIGHT,,-,L.E.D/18W-6500K,-,-,KTM-MNSTR,50.00
EL71508100,,BASE,,-,I.C/-,-,-,KTM-MNSTR,1.00
EL71508200,,TUBE PATTI,,-,WITH HOLDER WITH OUT CHOKE COMPLETE/LENGTH-4',-,PHILIPS/-/-,KTM-MNSTR,40.00
EL71508300,,TUBE ROD,,-,-/18W,-,PHILIPS/-/-,KTM-MNSTR,8.00
EL71508300,,TUBE ROD,,-,FLUORESCENT/6W,-,-,KTM-MNSTR,6.00
EL71508300,,TUBE ROD,,-,FOR SEARCH LIGHT/500W,-,-/GERMANY/-,KTM-MNSTR,7.00
EL71508300,,TUBE ROD,,-,LED-6500K/18W,-,-,KTM-MNSTR,1.00
EL71508300,,TUBE ROD,,-,-/18W, ULTRA VIOLET /-,PHILIPS/-/-,KTM-MNSTR,36.00
EL71508400,,VARNISH,,-,ELECTRIC/-,-,HITACHI/-/-,KTM-MNSTR,5.00
EL71508450,,VARNISH SPRAY,,-,-/ULTIMEG 2000/372 CLASS H/400ML,-/RED,UK/-,KTM-MNSTR,3.00
EL71508800,,VARIABLE FREQUENCY DRIVE,,-,-,-,-,KTM-MNSTR,3.00
EL71508800,,VARIABLE FREQUENCY DRIVE,,-,-/1.5KW 440V AC 3-PHASE,-,ABB/-/ACS580-01-04A1-4,KTM-MNSTR,1.00
EL71508800,,VARIABLE FREQUENCY DRIVE,,-,"-/15KW- INPUT3XAC.380~400V. 37.8~45.8A, 50\60HZ/-",-,REXROTH/-/VFC 5610,KTM-MNSTR,1.00
EL71508800,,VARIABLE FREQUENCY DRIVE,,-,"-/7.5KW-380~400V AC, 3-PHASE",-,YASKAWA/JAPAN/-,KTM-MNSTR,1.00
EL71508820,,VARIABLE FREQUENCY DRIVE (FOC),,-,-,-,-,KTM-MNSTR,1.00
EL71508820,,VARIABLE FREQUENCY DRIVE (FOC),,-,-/3KW,-,-/SCHNEIDER/-,KTM-MNSTR,1.00
EL71508820,,VARIABLE FREQUENCY DRIVE (FOC),,-,-/4KW,-,-/SCHNEIDER/-,KTM-MNSTR,2.00
EL71508900,,ELEMENT,,-,GEYSER ELECTRIC WITH TERMOSTATE/1500W-220V,-,-,KTM-MNSTR,5.00
EL71509100,,HEATER ROD,,-,ELECTRIC ROOM /1000W,-,ITTEFAQ/-/-,KTM-MNSTR,2.00
EL71509300,,HOLDER,,-,PIANO SCREW TYPE /220V,-,-,KTM-MNSTR,2.00
EL71509300,,HOLDER,,-,PIANO SCREW TYPE /220V,-,ITTEFAQ/-/-,KTM-MNSTR,48.00
EL71509300,,HOLDER,,-,SCREW TYPE WITH REFLEXIVE CASING/-,-,-,KTM-MNSTR,2.00
EL71509300,,HOLDER,,-,SHADE /-,-,-,KTM-MNSTR,2.00
EL71509300,,HOLDER,,-,TUBE STARTER /-,-,-,KTM-MNSTR,207.00
EL71509300,,HOLDER,,-,TUBE/-,-,-,KTM-MNSTR,80.00
EL71509300,,HOLDER,,-,WITH CARBON BRUSH /-,-,-,KTM-MNSTR,29.00
EL71509300,,HOLDER,,-,E-10 WITH LIMP/24V,-/RED+GREEN+BLUE,-,KTM-MNSTR,9.00
EL71509300,,HOLDER,,PLASTIC,BULB THREADED/-,-,-,KTM-MNSTR,30.00
EL71509800,,LAMP,,-,INDUCTO ROUND  COMPLETE/40W-6500K,-,-,KTM-MNSTR,1.00
EL71509900,,LIGHT BARRIER,,-,RLK 2-55-Z\31\116/-,-,-,KTM-MNSTR,1.00
EL71509910,,LIGHT BARRIER FOC,,-,REFLECTING/-,-,-,KTM-MNSTR,2.00
EL71510000,,LIGHT INDICATION,,-,-,-,-,KTM-MNSTR,1.00
EL71510000,,LIGHT INDICATION,,-,-/90V~160V,-,-,KTM-MNSTR,24.00
EL71510000,,LIGHT INDICATION,,-,-/22MM,-/GREEN,-,KTM-MNSTR,10.00
EL71510000,,LIGHT INDICATION,,-,-/22MM 220V,-/GREEN,-,KTM-MNSTR,51.00
EL71510000,,LIGHT INDICATION,,-,-,-/RED,-,KTM-MNSTR,2.00
EL71510000,,LIGHT INDICATION,,-,-/22MM,-/RED,-,KTM-MNSTR,6.00
EL71510000,,LIGHT INDICATION,,-,-/22MM 220V,-/RED,-,KTM-MNSTR,15.00
EL71510000,,LIGHT INDICATION,,-,-/22MM 24VDC,-/RED,-,KTM-MNSTR,4.00
EL71510000,,LIGHT INDICATION,,-,-/22MM-220V,-/YELLOW,-,KTM-MNSTR,15.00
EL71510100,,LIGHT SCANNER,,-,-,-,RIETER/-/-,KTM-MNSTR,4.00
EL71510100,,LIGHT SCANNER,,-,-/-/B24,-,RIETER/-/-,KTM-MNSTR,4.00
EL71510500,,MAGNET COIL,,-,-,-,-,KTM-MNSTR,5.00
EL71510600,,MAGNETIC CONTACTOR,,-,-/SC.N2 25 220V,-,FUJI/-/-,KTM-MNSTR,3.00
EL71510600,,MAGNETIC CONTACTOR,,-,-/SN35-220V,-,MITSUBISHI/JAPAN/-,KTM-MNSTR,1.00
EL71510600,,MAGNETIC CONTACTOR,,-,3RT-1017/24V DC,-,SIEMENS/-/-,KTM-MNSTR,9.00
EL71510600,,MAGNETIC CONTACTOR,,-,3RT-1025/7.5KW 24V DC,-,SIEMENS/GERMANY/-,KTM-MNSTR,2.00
EL71510600,,MAGNETIC CONTACTOR,,-,3RT-1034/220V,-,SIEMENS/GERMANY/-,KTM-MNSTR,5.00
EL71510600,,MAGNETIC CONTACTOR,,-,3TF-42/110V,-,SIEMENS/-,KTM-MNSTR,4.00
EL71510600,,MAGNETIC CONTACTOR,,-,BREAKE BMB 30 J /-,-,-/-/FL-16,KTM-MNSTR,2.00
EL71510600,,MAGNETIC CONTACTOR,,-,CLUTCH SAEB-90-5/-,-,-/-/FL-16,KTM-MNSTR,1.00
EL71510600,,MAGNETIC CONTACTOR,,-,FC80/400V,-,GREEN POWER/-/-,KTM-MNSTR,1.00
EL71510600,,MAGNETIC CONTACTOR,,-,SCN4/110V,-,-,KTM-MNSTR,3.00
EL71510600,,MAGNETIC CONTACTOR,,-,SCN4/220V,-,FUJI/-/-,KTM-MNSTR,7.00
EL71510600,,MAGNETIC CONTACTOR,,-,SJ-OG /3AMP-24V-DC,-,FUJI/-/-,KTM-MNSTR,7.00
EL71510600,,MAGNETIC CONTACTOR,,-,WITH AUXILIARY/3RH2140-2BB40 24V DC,-,SIEMENS/GERMANY/-,KTM-MNSTR,6.00
EL71510610,,MAGNETIC CONTACTOR FOC,,-,"-/18.5KW, 220V, 50/60HZ",-,CHINA/SCHNEIDER/B 9589,KTM-MNSTR,4.00
EL71510610,,MAGNETIC CONTACTOR FOC,,-,-/4KW 24V DC,-,-,KTM-MNSTR,1.00
EL71510610,,MAGNETIC CONTACTOR FOC,,-,"-/4KW, 220V, 50/60HZ",-,CHINA/SCHNEIDER/B 9589,KTM-MNSTR,5.00
EL71510610,,MAGNETIC CONTACTOR FOC,,-,"-/4KW,24V DC, 50/60HZ",-,CHINA/SCHNEIDER/B 9589,KTM-MNSTR,1.00
EL71510610,,MAGNETIC CONTACTOR FOC,,-,3RT2016/24V DC 8K,-,SIEMENS/GERMANY/-,KTM-MNSTR,2.00
EL71510900,,MODULE,,-,-,-,SIEMENS/GERMANY/SAMATIC S7-300,KTM-MNSTR,6.00
EL71510900,,MODULE,,-,6ES7-223-1PH22-0XA8,-,SIEMENS/-/-,KTM-MNSTR,1.00
EL71510900,,MODULE,,-,"6SL3120-1TE24-5AC0,45A",-,"ITALY/SIEMENS/MARZOLI, FT6E",KTM-MNSTR,1.00
EL71510900,,MODULE,,-,BLENDDIGITAL CAN1-0 JA1X16E-A/-,-,-,KTM-MNSTR,2.00
EL71510900,,MODULE,,-,IGBT (FS75R12KE3-G)/-,-,SEMIKRON/-/-,KTM-MNSTR,3.00
EL71510900,,MODULE,,-,"IGBT SKIIP/VIN 3317, 2FK229A06, 69467, 2456",-,-,KTM-MNSTR,3.00
EL71510900,,MODULE,,-,IGBT/6MBI75 S-120,-,FUJI/-/-,KTM-MNSTR,2.00
EL71510900,,MODULE,,-,IGBT/7MBR75VN 120-50,-,-,KTM-MNSTR,2.00
EL71510900,,MODULE,,-,RECTIFIER BRIDGE 3PHASE/SKD 146116-400,-,SEMIKRON/-/-,KTM-MNSTR,1.00
EL71510910,,MODULE FOC,,-,"INPUT DIGITAL/12X DC 24V, 3.7MA",-,-,KTM-MNSTR,1.00
EL71510910,,MODULE FOC,,-,"INPUT DIGITAL/2X DC 24V, 10.5MA",-,-,KTM-MNSTR,1.00
EL71510910,,MODULE FOC,,-,"OUTPUT DIGITAL/12X DC 24V, 0.5MA",-,-,KTM-MNSTR,1.00
EL71510910,,MODULE FOC,,-,"PLC (BUFFER)/5KW, 40AMP",-,-/SIEMENS/MARZOLI,KTM-MNSTR,1.00
EL71510910,,MODULE FOC,,-,SUPPORT/DC 24V,-,-,KTM-MNSTR,2.00
EL71511000,,MOTOR,,-,3PH AC 7.5KW 400V 1440RPM 50HZ 15AMP,-,-,KTM-MNSTR,4.00
EL71511000,,MOTOR,,-,CLEANING ROLLER,-,-/-/JWF 1213A,KTM-MNSTR,1.00
EL71511000,,MOTOR,,-,CYLINDER,-,-/-/JWF 1213A,KTM-MNSTR,1.00
EL71511000,,MOTOR,,-,DOFFER /-,-,-/-/JWF 1213A,KTM-MNSTR,1.00
EL71511000,,MOTOR,,-,DOFFING/0.37KW,-,-,KTM-MNSTR,1.00
EL71511000,,MOTOR,,-,DOFFING/AC-3PH 180W 680RPM 50HZ,-,-,KTM-MNSTR,1.00
EL71511000,,MOTOR,,-,ELECTRIC 1.3\7/-,-,-,KTM-MNSTR,1.00
EL71511000,,MOTOR,,-,ELECTRIC/ 15KW-26.5A-420V,-,-,KTM-MNSTR,1.00
EL71511000,,MOTOR,,-,ELECTRIC/50HP 2960 RPM,-,-,KTM-MNSTR,1.00
EL71511000,,MOTOR,,-,FEED ROLLER,-,-/-/JWF 1213A,KTM-MNSTR,1.00
EL71511000,,MOTOR,,-,FEED ROLLER OF CHUTE,-,-/-/JWF 1213A,KTM-MNSTR,1.00
EL71511000,,MOTOR,,-,GEAR/-,-,-,KTM-MNSTR,1.00
EL71511000,,MOTOR,,-,INDUCTION/20HP,-,-,KTM-MNSTR,1.00
EL71511000,,MOTOR,,-,MAIN/22 KW-1470/980 R/MIN-3 PHASE-400V Y-50HZ,-,-,KTM-MNSTR,1.00
EL71511000,,MOTOR,,-,OPENER ROLLER,-,-/-/JWF 1213A,KTM-MNSTR,1.00
EL71511000,,MOTOR,,-,SERVO BT-115/-,-,-,KTM-MNSTR,1.00
EL71511000,,MOTOR,,-,STEP /-,-,-,KTM-MNSTR,2.00
EL71511000,,MOTOR,,-,STEP/-,-,-,KTM-MNSTR,4.00
EL71511000,,MOTOR,,-,STEP/-,-,SCHLAFHORST/GERMANY/-,KTM-MNSTR,32.00
EL71511000,,MOTOR,,-,TOP SET,-,-/-/JWF 1213A,KTM-MNSTR,1.00
EL71511000,,MOTOR,,-,TOP SET BRUSH,-,-/-/JWF 1213A,KTM-MNSTR,1.00
EL71511000,,MOTOR,,-,TOP SET CLEANER,-,-/-/JWF 1213A,KTM-MNSTR,1.00
EL71511010,,MOTOR FOC,,-,-,-,-,KTM-MNSTR,15.00
EL71511010,,MOTOR FOC,,-,-,-,CHINA/JINGWAY/WJ 1213A,KTM-MNSTR,1.00
EL71511010,,MOTOR FOC,,-,FRICTION DRUM/-,-,SCHLAFHORST/-/-,KTM-MNSTR,6.00
EL71511010,,MOTOR FOC,,-,INDUCTION/55 KW,-,-,KTM-MNSTR,1.00
EL71511010,,MOTOR FOC,,-,SERVO/1.265 KW,-,-,KTM-MNSTR,1.00
EL71511010,,MOTOR FOC,,-,SERVO/2.64 KW,-,-,KTM-MNSTR,1.00
EL71511010,,MOTOR FOC,,-,SERVO/3.73 KW,-,-,KTM-MNSTR,1.00
EL71511010,,MOTOR FOC,,-,STEP/-,-,SCHLAFHORST/-/-,KTM-MNSTR,26.00
EL71511010,,MOTOR FOC,,-,SUPPRESSION/4KW,-,SCHLAFHORST/-/-,KTM-MNSTR,4.00
EL71511010,,MOTOR FOC,,-,TRANSMISSION/-,-,SCHLAFHORST/-/-,KTM-MNSTR,4.00
EL71511100,,PANEL,,-,SOLAR MODULE TYPE/JKM545-72HL4-V,-,CHINA/JINKO SOLAR/-,KTM-MNSTR,5.00
EL71511100,,PANEL,,-,SOLAR MONOCRYSTALLINE/545W,-,CHINA/JINKO SOLAR/-,KTM-MNSTR,21.00
EL71511200,,PAPER LEATHER RIDE,,-,-/NO10,-,NOMEX/GERMANY/-,KTM-MNSTR,9.94
EL71511700,,PIGNUM WIRE,,-,-/SWG-19,-,GHAZILUX/-/-,ELECTRC-WH,-10.59
EL71511700,,PIGNUM WIRE,,-,-/SWG-19,-,GHAZILUX/-/-,KTM-TRNSIT,10.59
EL71511700,,PIGNUM WIRE,,-,-/SWG-20,-,GHAZILUX/-/-,KTM-MNSTR,16.44
EL71511700,,PIGNUM WIRE,,-,-/SWG-21,-,GHAZILUX/-/-,ELECTRC-WH,-8.60
EL71511700,,PIGNUM WIRE,,-,-/SWG-21,-,GHAZILUX/-/-,KTM-TRNSIT,8.60
EL71511700,,PIGNUM WIRE,,-,-/SWG-22,-,GHAZILUX/-/-,KTM-MNSTR,12.04
EL71511700,,PIGNUM WIRE,,-,-/SWG-25,-,GHAZILUX/-/-,KTM-MNSTR,3.80
EL71511700,,PIGNUM WIRE,,-,-/SWG-26,-,GHAZILUX/-/-,KTM-MNSTR,10.78
EL71511700,,PIGNUM WIRE,,-,-/SWG-27,-,GHAZILUX/-/-,KTM-MNSTR,10.72
EL71511700,,PIGNUM WIRE,,-,-/SWG-28,-,GHAZILUX/-/-,ELECTRC-WH,-4.81
EL71511700,,PIGNUM WIRE,,-,-/SWG-28,-,GHAZILUX/-/-,KTM-MNSTR,8.79
EL71511700,,PIGNUM WIRE,,-,-/SWG-28,-,GHAZILUX/-/-,KTM-TRNSIT,4.81
EL71511700,,PIGNUM WIRE,,-,-/SWG-29,-,GHAZILUX/-/-,KTM-MNSTR,11.90
EL71511700,,PIGNUM WIRE,,-,-/SWG-30,-,GHAZILUX/-/-,KTM-MNSTR,3.75
EL71511700,,PIGNUM WIRE,,-,-/SWG-31,-,GHAZILUX/-/-,KTM-MNSTR,8.48
EL71511700,,PIGNUM WIRE,,-,-/SWG-32,-,GHAZILUX/-/-,ELECTRC-WH,-2.52
EL71511700,,PIGNUM WIRE,,-,-/SWG-32,-,GHAZILUX/-/-,KTM-MNSTR,18.76
EL71511700,,PIGNUM WIRE,,-,-/SWG-32,-,GHAZILUX/-/-,KTM-TRNSIT,2.52
EL71511700,,PIGNUM WIRE,,-,-/SWG-33,-,GHAZILUX/-/-,KTM-MNSTR,4.39
EL71511700,,PIGNUM WIRE,,-,-/SWG-35,-,GHAZILUX/-/-,KTM-MNSTR,4.98
EL71511700,,PIGNUM WIRE,,-,-/SWG-37,-,GHAZILUX/-/-,KTM-MNSTR,5.53
EL71511900,,PLC,,-,-,-,-,KTM-MNSTR,2.00
EL71511900,,PLC,,-,223-1PH WITH PROGRAM/-,-,-,KTM-MNSTR,1.00
EL71511900,,PLC,,-,CONTROL SYSTEM SBJ/CAT#620.015,-,-/RIETER/SB D-26,KTM-MNSTR,1.00
EL71511900,,PLC,,-,CPU/-,-,-,KTM-MNSTR,1.00
EL71511900,,PLC,,-,OUT PUT A01/-,-,-,KTM-MNSTR,1.00
EL71511900,,PLC,,-,SIMATIC S7-200 CPU 226/-,-,SIEMENS/-/-,KTM-MNSTR,2.00
EL71511930,,PLC FOC,,-,6EL7 216-2BD23-OXB8 COUNTI FEED,-,SIEMENS/-/-,KTM-MNSTR,1.00
EL71512200,,POWER SUPPLY,,-,"-/INPUT 110~220V, OUTPUT 12V DC-10AMP",-,-,KTM-MNSTR,2.00
EL71512200,,POWER SUPPLY,,-,"-/INPUT 110~220V, OUTPUT 24V DC-10AMP",-,-,KTM-MNSTR,2.00
EL71512200,,POWER SUPPLY,,-,"-/INPUT 110~220V, OUTPUT 5V DC-10AMP",-,-,KTM-MNSTR,2.00
EL71512210,,POWER SUPPLY FOC,,-,-,-,-,KTM-MNSTR,3.00
EL71512210,,POWER SUPPLY FOC,,-,UNIT/340~550V AC\24V DC,-,-,KTM-MNSTR,1.00
EL71512500,,PULSE GENERATOR,,-,PULSER/-,-,-,KTM-MNSTR,2.00
EL71512600,,PUSH BUTTON,,-,-,-,-,KTM-MNSTR,40.00
EL71512600,,PUSH BUTTON,,-,5-FACH KPL/-,-,-,KTM-MNSTR,2.00
EL71512600,,PUSH BUTTON,,-,B2-BA 55 DOUBLE/-,-,-,KTM-MNSTR,1.00
EL71512600,,PUSH BUTTON,,-,FWD-REV OFF TYPE BP-3/250V,-,-,KTM-MNSTR,3.00
EL71512600,,PUSH BUTTON,,-,-,-/GREEN,-,KTM-MNSTR,40.00
EL71512600,,PUSH BUTTON,,-,-/22MM-1NO-1NC,-/GREEN,-,KTM-MNSTR,1.00
EL71512600,,PUSH BUTTON,,-,ON/22MM-220V-5AMP,-/GREEN,-,KTM-MNSTR,4.00
EL71512600,,PUSH BUTTON,,-,-,-/RED,-,KTM-MNSTR,40.00
EL71512600,,PUSH BUTTON,,-,-/22MM-1NO-1NC,-/RED,-,KTM-MNSTR,6.00
EL71512610,,PUSH BUTTON FOC,,-,EMERGENCY/22MM,-,CHINA/-/B 9589,KTM-MNSTR,4.00
EL71512610,,PUSH BUTTON FOC,,-,OFF/-,-,-,KTM-MNSTR,5.00
EL71512610,,PUSH BUTTON FOC,,-,ON/-,-,-,KTM-MNSTR,5.00
EL71513400,,DISTANCE MEASURING SYSTEM,,-,DSP B90 STE /-,-,-,KTM-MNSTR,1.00
EL71513600,,EXTANSION UNIT,,-,ANALOGUE 1\0/-,-,-,KTM-MNSTR,1.00
EL71513600,,EXTANSION UNIT,,-,DIGITAL I\O/-,-,CROSROL/-/-,KTM-MNSTR,1.00
EL71514100,,LIGHT,,-,INDICATION TOWER/-,-,CHINA/SCHNEIDER/B 9589,KTM-MNSTR,1.00
EL71514100,,LIGHT,,-,"SMD FLOOD WARM, NB SERIES/200W, 220V",-,-,KTM-MNSTR,1.00
EL71514200,,LINEAR EL  ACTUATOR,,-,-,-,-,KTM-MNSTR,1.00
EL71514300,,MAGNET,,-,THERMAL CB-12/-,-,UNIPOLOR/-/-,KTM-MNSTR,1.00
EL71514300,,MAGNET,,-,THERMAL CD-09/-,-,UNIPOLOR/-/-,KTM-MNSTR,1.00
EL71514800,,RELEASE EQUIPMENT,,-,-,-,-,KTM-MNSTR,1.00
EL71515720,,TRANSMITTER FOC,,-,PRESSURE/-,-,THIES/-/-,KTM-MNSTR,2.00
EL71515800,,UNIT,,-,CONTROL/30KW,-,BOGE/-/-,KTM-MNSTR,1.00
EL71518300,,THERMISTOR,,-,PTC/150 OHM,-,-,KTM-MNSTR,10.00
ES71500000,,BATTERY,,-,-/ 9V,-,-,KTM-MNSTR,1.00
ES71500000,,BATTERY,,-,RECHARGEABLE/3.6V 2900MA,-,NACCON/-/-,KTM-MNSTR,1.00
ES71500000,,BATTERY,,LITHIUM,6ES7 291-8BA20-OXA0,-,-/SIEMENS/-,KTM-MNSTR,1.00
ES71500400,,I.C,,-,29F040B/32PIN,-,-,KTM-MNSTR,-20.00
ES71500400,,I.C,,-,DIP/UC 3804 N-8PIN,-,PHILIPS/-/-,KTM-MNSTR,20.00
ES71500400,,I.C,,-,LM 104H 10PIN/PIN,-,-,KTM-MNSTR,6.00
ES71500400,,I.C,,-,LM204 H-10PIN/DIP,-,-,KTM-MNSTR,3.00
ES71500900,,TRANSISTOR,,-,R3806/SMD,-,-,KTM-MNSTR,6.00
ES71501100,,VARIABLE,,-,"MULTI TURNS/2K OHM, 2W",-,-,ELECTRC-WH,15.00
ES71501500,,CURRENT TRANSDUCER,,-,-/LA 55-P LEM,-,-,KTM-MNSTR,6.00
ES71503400,,CONTROL SYSTEM,,-,-,-,GERMANY/SCHLAFHORST/338,KTM-MNSTR,3.00
FF73000100,,COT (CHARPAI),,M. S,-,-,-,KTM-MNSTR,1.00
FF73001100,,CHAIR,,-,REVOLVING/-,-,-,KTM-MNSTR,1.00
GN70500300,,BRASSO POLISH,,-,-/200ML,-,KIWI/-/-,KTM-MNSTR,109.00
GN70500325,,VARNISH,,-,INTERIOR FOR FURNITURE (LIBERON SPIRIT WOOD)/-,-,-,KTM-MNSTR,5.00
GN70500400,,BROOMS,,DATES (MAZRI),-,-,-,KTM-MNSTR,124.00
GN70500400,,BROOMS,,NARYAL,-,-,-,KTM-MNSTR,2.00
GN70500500,,BRUSH,,-,EMERY (DRILL MACHINE)/25MM,-,-,KTM-MNSTR,17.00
GN70500500,,BRUSH,,-,EMERY (DRILL MACHINE)/50MM,-,-,KTM-MNSTR,8.00
GN70500500,,BRUSH,,-,EMERY (DRILL MACHINE)/80MM,-,-,KTM-MNSTR,8.00
GN70500500,,BRUSH,,-,FIBER POLISH FOR BABY GRINDER,-,-,KTM-MNSTR,6.00
GN70500500,,BRUSH,,-,"PAINT/5""",-,-,KTM-MNSTR,1.00
GN70500500,,BRUSH,,-,STEEL WIRE/-,-,-,KTM-MNSTR,8.00
GN70500500,,BRUSH,,BRASS,-/6 LINES,-,-,KTM-MNSTR,9.00
GN70500500,,BRUSH,,BRASS,PENCIL (FOR GROOVES CLEANING)/-,-,-,KTM-MNSTR,20.00
GN70500500,,BRUSH,,BRASS,STEEL WIRE/-,-,-,KTM-MNSTR,6.00
GN70500500,,BRUSH,,NARYAL,MARKING/-,-,-,KTM-MNSTR,84.00
GN70500500,,BRUSH,,NYLON,BOTTLE CLEANING/-,-,-,KTM-MNSTR,"2,569.00"
GN70500500,,BRUSH,,NYLON,COMMODE CLEAING/-,-,-,KTM-MNSTR,3.00
GN70500500,,BRUSH,,STEEL,WHEEL STEEL WIRE 0.30/200MM,-,-,KTM-MNSTR,2.00
GN70500600,,BUCKET,,PLASTIC,-/70 LTR,-,-,KTM-MNSTR,6.00
GN70500950,,CLOTH,,-,-/WIDTH 5',SKY BLUE/-,-,KTM-MNSTR,43.00
GN70500950,,CLOTH,,COTTON,GREY (UN-FINISHED)/-,OFF-WHITE/-,-,KTM-MNSTR,50.00
GN70501300,,DETERGENT,,-,-/1KG,-,EXPRESS POWER/PAKISTAN/-,BRM-WH,-1.00
GN70501300,,DETERGENT,,-,-/1KG,-,EXPRESS POWER/PAKISTAN/-,KTM-MNSTR,16.50
GN70501300,,DETERGENT,,-,-/1KG,-,EXPRESS POWER/PAKISTAN/-,KTM-TRNSIT,1.00
GN70501350,,DETERGENT,,-,POWDER/900GRAM,-,VIM/-/-,KTM-MNSTR,3.00
GN70501700,,EAR PLUG,,-,-,-,-,KTM-MNSTR,400.00
GN70501800,,ELFY,,-,R-2/20GRM,-,NEW ROYAL/-/-,BRM-WH,-2.00
GN70501800,,ELFY,,-,R-2/20GRM,-,NEW ROYAL/-/-,KTM-TRNSIT,2.00
GN70502010,,GLOVES,,COTTON,-,-,-,KTM-MNSTR,24.00
GN70502010,,GLOVES,,LEATHER,HEAVY DUTY HEAT RESISTANCE HAND WELDING TIG/TWG-3502HEAVY DU,-,-,KTM-MNSTR,1.00
GN70502100,,GLUE,,-,-,-,WYTH/GERMANY/-,KTM-MNSTR,1.00
GN70502300,,GUR ( RAW SUGAR ),,-,-,-,-,BRM-WH,-40.00
GN70502300,,GUR ( RAW SUGAR ),,-,-,-,-,KTM-TRNSIT,40.00
GN70502450,,HELMET,,PLASTIC,SAFETY/-,-/GREEN,-,KTM-MNSTR,5.00
GN70502600,,MAGIC DEPOXY STEEL,,-,-/MEDIUM,-,-,KTM-MNSTR,44.00
GN70503200,,POWDER,,CHALK,-/20KG,-,-,KTM-MNSTR,1.00
GN70503210,,POWDER,,-,TINTED/-,-/GREEN,-,KTM-MNSTR,132.00
GN70503220,,POWDER,,TALCUM,TALCUM /300GRAM,-,BLACK CAT/-/-,KTM-MNSTR,52.00
GN70503300,,R.B LITE,,-, 1 HOUR /LARGE,-,-,KTM-MNSTR,3.00
GN70503300,,R.B LITE,,-, 1 HOUR /LARGE,-,-,KTM-TRNSIT,1.00
GN70503400,,RAGS,,HOSIERY, CLOTH /-,-,-,KTM-MNSTR,197.00
GN70503800,,SHEET,,GASKIT,"KILLANGER HIGH TEMPRATURE/47""X40""X3MM",-/BLACK,-,KTM-MNSTR,1.00
GN70503820,,SHEET,,-,FOAM /4' WIDTH X 10MM THICK,-,-,KTM-MNSTR,67.50
GN70503920,,SHOES,,LEATHER,PESHAWARI (CHAPPAL)/41,-/BLACK,-,KTM-MNSTR,1.00
GN70504000,,SILICON,,-,-/310ML,-,-,KTM-MNSTR,22.00
GN70504000,,SILICON,,-,HEAT SINK COMPOUND/750GRAM,-,WOCA/-/-,KTM-MNSTR,2.00
GN70504000,,SILICON,,-,SEALING AGENT,-,USA/-,KTM-MNSTR,4.00
GN70504000,,SILICON,,-,-/310ML,-/RED,-,KTM-MNSTR,1.00
GN70504000,,SILICON,,-,HIGH TEMPERATURE /85 GRAM,-/RED,-,KTM-MNSTR,5.00
GN70504000,,SILICON,,-,-/310ML,-/WHITE,-,KTM-MNSTR,1.00
GN70504150,,SOAP,,-,-/150 GRAM,-,LIFEBUOY/-/-,KTM-MNSTR,3.00
GN70504210,,SOLUTION,,-,LOCTITE 250ML/242,-,-/-/HENKEL,KTM-MNSTR,1.00
GN70504210,,SOLUTION,,-,LOCTITE 250ML/243,-,-/-/HENKEL,KTM-MNSTR,1.00
GN70504210,,SOLUTION,,-,LOCTITE 50ML/510,-,-/-/HENKEL,KTM-MNSTR,1.00
GN70504210,,SOLUTION,,-,LOCTITE 50ML/542,-,-/-/HENKEL,KTM-MNSTR,1.00
GN70504400,,STRAND (DOORI),,-,GLAND/12MM,-,-,KTM-MNSTR,2.00
GN70504420,,STRAND (DOORI),,-,"FOR SLIVER CAN/LENGTH 38""XTHICKNESS 2.5MM",-,-,KTM-MNSTR,250.00
GN70504500,,TAPE,,-,"42 MICRONE/3"" x 72 YARDS",-/KHAKI,-,KTM-MNSTR,551.00
GN70504500,,TAPE,,-,"42 MICRONE/3"" x 72 YARDS",-/TRANSPARENT,-,KTM-MNSTR,61.00
GN70504500,,TAPE,,-,"42 MICRONE/3"" x 72 YARDS",-/TRANSPARENT,-,KTM-TRNSIT,1.00
GN70504500,,TAPE,,-,"42 MICRONE/3"" x 72 YARDS",-/TRANSPARENT,-,RING-WH,-1.00
GN70504500,,TAPE,,CLOTH,"-/3""",-/GREEN,-,KTM-MNSTR,8.00
GN70504900,,WIPER,,-,"-/18""",-,-,KTM-MNSTR,3.00
GN70507500,,FLAG,,CLOTH,-/-/FOR PAKISTAN,-,-,KTM-MNSTR,3.00
GN70507500,,FLAG,,CLOTH,-/-/FOR SAIFGROUP MONOGRAM,-,-,KTM-MNSTR,3.00
GN75610300,,COVER,,COTTON,"CLOTH FOR SINGLE BED FOAM/76""X39""X4""",-,-,KTM-MNSTR,2.00
HW72500010,,BAR,,FIBER,-/50MM,-,-,KTM-MNSTR,3.00
HW72500010,,BAR,,FIBER,ROUND/70MM,-,-,KTM-MNSTR,2.60
HW72500100,,BEND,,G.I,"-/2""",-,-,KTM-MNSTR,8.00
HW72500100,,BEND,,M.S,"-/3""",-,-,KTM-MNSTR,5.00
HW72500100,,BEND,,PVC,"-/?""",-,-,KTM-MNSTR,236.00
HW72500100,,BEND,,PVC,"-/1""",-,-,KTM-MNSTR,198.00
HW72500100,,BEND,,PVC,"-/1«""",-,-,KTM-MNSTR,88.00
HW72500100,,BEND,,PVC,"-/2""",-,-/-/D,KTM-MNSTR,7.00
HW72500100,,BEND,,PVC,"-/4""",-,-,KTM-MNSTR,9.00
HW72500200,,BIB COCK,,C.P,"-/«""",-,ASIA/-/-,KTM-MNSTR,17.00
HW72500200,,BIB COCK,,C.P,"TEE/«""",-,-,KTM-MNSTR,6.00
HW72500300,,BLADE,,-,"FOR CABLE KNIFE UTILITY HEAVY DUTY/L 2.4"", W 0.75"", T 0.024""",-,-/STANLEY/11-921,KTM-MNSTR,10.00
HW72500300,,BLADE,,-,"HACKSAW-SINGLE EDGE/«""X300MM (18TWEETH PER INCH)",-,-/GERMANY/-,KTM-MNSTR,78.00
HW72500300,,BLADE,,BI-METAL,"HACKSAW-SINGLE EDGE/«""X250MM (18TEETH PER INCH)",WHITE,JAPAN/HOZAN/K-128,KTM-MNSTR,8.00
HW72500400,,BOLT,,-,SPL FOR AUTOMATIC BOX/-,-,-,KTM-MNSTR,45.00
HW72500400,,BOLT,,M. S,"RAWAL/2""X5\16""",-,-,KTM-MNSTR,899.00
HW72500450,,BOLT,,M.S,"HEX HEAD WITH NUT/1¬""X¬""",-,-,KTM-MNSTR,3.00
HW72500500,,CHANNEL,,S.S,"U-TYPE/HEIGHT 2"", WIDTH 2"", TC 3\16""",-,-,KTM-MNSTR,23.00
HW72500600,,CHECK NUT,,-,FOR PUSH BUTTON/-,-,-,KTM-MNSTR,44.00
HW72500700,,CLAMP,,-,"U TYPE/1""",-,-,KTM-MNSTR,20.00
HW72500700,,CLAMP,,G. I,"JUBILEE/10""",-,-,KTM-MNSTR,2.00
HW72500700,,CLAMP,,G. I,"JUBILEE/5""",-,-,KTM-MNSTR,20.00
HW72500700,,CLAMP,,M.S,U TYPE/7MM,-,-,KTM-MNSTR,3.00
HW72500700,,CLAMP,,NYLON,"WITH STEEL NAIL/1""",-,-,KTM-MNSTR,230.00
HW72500700,,CLAMP,,PPR,U TYPE/25MM,-,-,KTM-MNSTR,20.00
HW72500700,,CLAMP,,PVC,"WITH STEEL NAIL/?""",-,-,KTM-MNSTR,"2,400.00"
HW72500700,,CLAMP,,S. S,"U TYPE WITH NUT & WASHER/LENGTH-4""XDIA-3""",-,-,KTM-MNSTR,9.00
HW72501000,,DISC,,-,"CUTTING/4""X¬""",-,-,KTM-MNSTR,8.00
HW72501000,,DISC,,-,"GRINDING/7""X¬""",-,-,KTM-MNSTR,6.00
HW72501000,,DISC,,-,"GRINDING/9""X¬""X7\8""",-,-,KTM-MNSTR,5.00
HW72501000,,DISC,,-,"PAPER CUTTER/ 4""X1MMX16MM",-,-,KTM-MNSTR,12.00
HW72501000,,DISC,,S.S,"STEEL CUTTING/4""X105MM",-,-,KTM-MNSTR,12.00
HW72501100,,DRILL BIT,,-,"-/23\64""",-,-,KTM-MNSTR,3.00
HW72501100,,DRILL BIT,,-,MASONARY/13MMX350MM,-,HILTI/-/-,KTM-MNSTR,2.00
HW72501100,,DRILL BIT,,-,MASONRY/14X150MM,-,HILTI/-/-,KTM-MNSTR,5.00
HW72501100,,DRILL BIT,,-,MASONRY/5MM,-,-,KTM-MNSTR,12.00
HW72501100,,DRILL BIT,,-,MASONRY/6.5X100MM,-,HILTI/JAPAN/-,KTM-MNSTR,4.00
HW72501100,,DRILL BIT,,-,MASONRY/6X100MM,-,HILTI/-/-,KTM-MNSTR,15.00
HW72501100,,DRILL BIT,,H.S.S,-/12MM,-,DORMER/-/-,KTM-MNSTR,1.00
HW72501100,,DRILL BIT,,H.S.S,-/19MM/-,-,DORMER/-/-,KTM-MNSTR,1.00
HW72501100,,DRILL BIT,,H.S.S,-/4MM,-,-,KTM-MNSTR,12.00
HW72501100,,DRILL BIT,,H.S.S,MASONRY FOR HILTI MACHINE/10X300MM,-,HILTI/-/-,KTM-MNSTR,1.00
HW72501300,,ELBOW,,C.S,"WELDED/4"" SCH-40",-,-,KTM-MNSTR,2.00
HW72501300,,ELBOW,,G.I," REDUCER/1¬""X1«""",-,-,KTM-MNSTR,6.00
HW72501300,,ELBOW,,G.I,"-/1""",-,-,KTM-MNSTR,12.00
HW72501300,,ELBOW,,G.I,"-/1¬""",-,-,KTM-MNSTR,4.00
HW72501300,,ELBOW,,G.I,"-/1«""",-,-,KTM-MNSTR,11.00
HW72501300,,ELBOW,,G.I,"-/2""",-,-,KTM-MNSTR,35.00
HW72501300,,ELBOW,,G.I,"-/4""",-,-,KTM-MNSTR,1.00
HW72501300,,ELBOW,,G.I,"REDUCER/«""X1¬""",-,-,KTM-MNSTR,12.00
HW72501300,,ELBOW,,G.I,"REDUCER/1""X«""",-,-,KTM-MNSTR,4.00
HW72501300,,ELBOW,,G.I,"THREADED/?""",-,-,KTM-MNSTR,7.00
HW72501300,,ELBOW,,M.S,"-/1""",-,-,KTM-MNSTR,20.00
HW72501300,,ELBOW,,PPR," REDUCER/1¬""X40MM",-,-,KTM-MNSTR,10.00
HW72501300,,ELBOW,,PPR,-/25MM,-,-,KTM-MNSTR,17.00
HW72501300,,ELBOW,,PPR,-/25MM,-,ELPHA/-/-,KTM-MNSTR,1.00
HW72501300,,ELBOW,,PPR,-/32MM,-,-,KTM-MNSTR,28.00
HW72501300,,ELBOW,,PPR,-/40mm,-,-,KTM-MNSTR,28.00
HW72501300,,ELBOW,,PPR,-/50MM,-,-,KTM-MNSTR,2.00
HW72501300,,ELBOW,,PPR,"MALE/63MM 2""-THREADED",-,-,KTM-MNSTR,6.00
HW72501300,,ELBOW,,PPR,"MIXER/25MMX«""",-,-,KTM-MNSTR,2.00
HW72501300,,ELBOW,,PPR,"REDUCER/25MMX«""",-,-,KTM-MNSTR,13.00
HW72501300,,ELBOW,,PPR,"REDUCER/25MMX?""",-,-,KTM-MNSTR,12.00
HW72501300,,ELBOW,,PPR,"REDUCER/32MMX«""",-,-,KTM-MNSTR,5.00
HW72501300,,ELBOW,,PPR,REDUCER/50MMX40MM,-,-,KTM-MNSTR,2.00
HW72501300,,ELBOW,,PPR,REDUCER/63MMX50MM,-,-,KTM-MNSTR,10.00
HW72501300,,ELBOW,,PPR,REDUCER/63X32MM,-,-,KTM-MNSTR,2.00
HW72501300,,ELBOW,,PPR,REDUCER40MMX25MM,-,-,KTM-MNSTR,6.00
HW72501300,,ELBOW,,PPR,"THREADED/OUT DIA 32MM, IN DIA 25MM",-,-,KTM-MNSTR,19.00
HW72501300,,ELBOW,,PVC,"-/1¬""",-,-,KTM-MNSTR,15.00
HW72501300,,ELBOW,,PVC,"-/3""",-,-,KTM-MNSTR,1.00
HW72501400,,ELECTRODE WELDING,,BRASS,"GAS/1\8""",-,-,KTM-MNSTR,2.00
HW72501400,,ELECTRODE WELDING,,C.I,-/NO.10,-,LUNA/THAILAND/-,KTM-MNSTR,6.00
HW72501450,,ELECTRODE WELDING,,M.S,-/NO.10,-,-,KTM-MNSTR,7.00
HW72501450,,ELECTRODE WELDING,,M.S,-/NO.12,-,-,KTM-MNSTR,14.00
HW72501500,,EMERY PAPER,,-,-/NO.0,-,-,KTM-MNSTR,36.00
HW72501500,,EMERY PAPER,,-,-/NO.1,-,-,KTM-MNSTR,66.00
HW72501500,,EMERY PAPER,,-,-/NO.100,-,-,KTM-MNSTR,5.00
HW72501500,,EMERY PAPER,,-,-/NO.1«,-,-,KTM-MNSTR,76.00
HW72501500,,EMERY PAPER,,-,-/NO.2,-,-,KTM-MNSTR,22.00
HW72501500,,EMERY PAPER,,-,WATER/-,-,-,KTM-MNSTR,2.00
HW72501500,,EMERY PAPER,,CLOTH,SAND/NO.150,-,-,KTM-MNSTR,12.00
HW72501540,,EMERY PAPER,,CLOTH,"-/3""X120 GRIT X 10YARD",-/RED,-,KTM-MNSTR,2.00
HW72501540,,EMERY PAPER,,CLOTH,"-/3""X80 GRIT X 18YARD",-/RED,-,KTM-MNSTR,4.00
HW72501600,,FLANGE,,CARBON STEEL,"WELDED/3""",-,-,KTM-MNSTR,4.00
HW72501600,,FLANGE,,FIBER,"-/DIA 5""-8 HOLE",-,-,KTM-MNSTR,1.00
HW72501600,,FLANGE,,M. S,"-/DIA 5""-8 HOLE",-,-,KTM-MNSTR,6.00
HW72501600,,FLANGE,,M. S,"-/DIA 6""-8 HOLE",-,-,KTM-MNSTR,8.00
HW72501600,,FLANGE,,M. S,"BLIND/3""",-,-,KTM-MNSTR,3.00
HW72501600,,FLANGE,,M.S,"-/DIA 7""-8 HOLE",-,-,KTM-MNSTR,8.00
HW72501750,,GAUZE (JALLY),,M. S,"SPIRAL/WIDTH 4', HOLE 3""X3"", WIRE 4MM",-,-,KTM-MNSTR,48.00
HW72502000,,LOCK,,-,PAD/50MM,-,-,KTM-MNSTR,18.00
HW72502000,,LOCK,,-,PAD/50MM,-,WOHU/-,KTM-MNSTR,11.00
HW72502000,,LOCK,,S.S,-/40MM/PAD WITH COMPUTER KEY,-,WOHU/-,KTM-MNSTR,3.00
HW72502200,,NIPPLE,,G. I,"-/1¬""",-,-,KTM-MNSTR,16.00
HW72502200,,NIPPLE,,G. I,"BARREL/?""",-,-,KTM-MNSTR,16.00
HW72502200,,NIPPLE,,G. I,"BARREL/1""",-,-,KTM-MNSTR,4.00
HW72502200,,NIPPLE,,G. I,"BARREL/1«""",-,-,KTM-MNSTR,19.00
HW72502200,,NIPPLE,,G. I,"BARREL/2""",-,-,KTM-MNSTR,16.00
HW72502200,,NIPPLE,,G. I,"REDUCER/3""X«""",-,-,KTM-MNSTR,32.00
HW72502200,,NIPPLE,,M. S,"BARREL/1""",-,-,KTM-MNSTR,9.00
HW72502300,,NUT,,M.S,HEX/16MM,-,-,KTM-MNSTR,10.00
HW72502350,,NUT,,M.S,-/6MM,-,-,KTM-MNSTR,1.30
HW72502500,,PIPE,,G. I,"-/«""",-,-,KTM-MNSTR,60.00
HW72502500,,PIPE,,G. I,"-/?""",-,-,KTM-MNSTR,100.00
HW72502500,,PIPE,,G. I,"-/2""",-,-,KTM-MNSTR,40.00
HW72502500,,PIPE,,M. S,"SEAMLESS WELDED/1""-SCH-40",-,-,KTM-MNSTR,210.00
HW72502500,,PIPE,,PPR,"-/OUT DIA 25MM, IN DIA 20MM",-,ALPHA/-/-,KTM-MNSTR,52.00
HW72502500,,PIPE,,PPR,"-/OUT DIA 40MM, IN DIA 34MM/-",-,-,KTM-MNSTR,130.00
HW72502500,,PIPE,,PPR,"-/OUT DIA 50MM, IN DIA 40MM",-,-,KTM-MNSTR,286.00
HW72502500,,PIPE,,PPR,"-/OUTDIA 32MM, IN DIA 25MM",-,-,KTM-MNSTR,26.00
HW72502500,,PIPE,,PVC,"-/?""",-,-,KTM-MNSTR,20.00
HW72502500,,PIPE,,PVC,"-/1""",-,-,KTM-MNSTR,320.00
HW72502500,,PIPE,,PVC,"-/2""",-,-,KTM-MNSTR,80.00
HW72502500,,PIPE,,PVC,"FLEXIBLE/1""",-,-,KTM-MNSTR,150.00
HW72502500,,PIPE,,PVC,"FLEXIBLE/1«""",-,-,KTM-MNSTR,250.00
HW72502500,,PIPE,,PVC,"FLEXIBLE/2""",-,-,KTM-MNSTR,100.00
HW72502500,,PIPE,,RUBBER,"STEEL WIRE HELIX/?""",-,-,KTM-MNSTR,33.00
HW72502510,,PIPE,,-,"CONNECTION/23«""X«""",-,-,KTM-MNSTR,2.00
HW72502510,,PIPE,,PVC,"-/1¬""/FLEXIBLE DRAIN WASTE WITH COUPLING",-,-,KTM-MNSTR,1.00
HW72502510,,PIPE,,PVC,HOCKEY/-,-,-,KTM-MNSTR,3.00
HW72502510,,PIPE,,PVC,WASTE/-,-,-,KTM-MNSTR,1.00
HW72502510,,PIPE,,RUBBER,"BASIN CONNECTION/12""X«""X NIPPLE 8MM",-,-,KTM-MNSTR,2.00
HW72502510,,PIPE,,RUBBER,"CONNECTION FOR BASIN MIXER (THREADED)/18""X«""",-,-/FAISAL/-,KTM-MNSTR,12.00
HW72502510,,PIPE,,RUBBER,"CONNECTION/24""X«""",-,-,KTM-MNSTR,13.00
HW72502510,,PIPE,,RUBBER,"CONNECTION/36""X«""",-,-,KTM-MNSTR,11.00
HW72502510,,PIPE,,RUBBER,"CONNECTION/8«""X«""",-,-,KTM-MNSTR,1.00
HW72502600,,PLATE,,C.I,ROUND /110X40MM,-,-,KTM-MNSTR,1.00
HW72502600,,PLATE,,C.I,ROUND /170X50MM,-,-,KTM-MNSTR,1.00
HW72502600,,PLATE,,C.I,ROUND /200X50MM,-,-,KTM-MNSTR,1.00
HW72502600,,PLATE,,M. S,ROUND /210X95MM,-,-,KTM-MNSTR,1.00
HW72502600,,PLATE,,M. S,ROUND/85X32MM,-,-,KTM-MNSTR,3.00
HW72502600,,PLATE,,M. S,"SQUARE/4""X2""",-,-,KTM-MNSTR,5.00
HW72502800,,PUMP,,-,SUBMERSIBLE WITH AUTOMATIC SENSOR & 9 ROOM COOLERS/25W 220V,-,-,KTM-MNSTR,10.00
HW72502900,,REDUCER,,C.S,"SEAMLESS WELDED/3""X2"" SCH-40""",-,-,KTM-MNSTR,2.00
HW72502900,,REDUCER,,G. I,"-/«""X?"" SCH-10",-,-,KTM-MNSTR,26.00
HW72502900,,REDUCER,,M. S,"-/4""X5""",-,-,KTM-MNSTR,2.00
HW72503050,,RIVET,,-,BLIND/4MM X13MM,-,-,KTM-MNSTR,2.00
HW72503050,,RIVET,,-,BLIND/5X12MM,-,-,KTM-MNSTR,10.00
HW72503050,,RIVET,,M.S,-/NO.12,-,-,KTM-MNSTR,5.00
HW72503050,,RIVET,,M.S,-/NO.14,-,-,KTM-MNSTR,7.00
HW72503050,,RIVET,,M.S,MALE FEMALE/NO.16,-,-,KTM-MNSTR,2.00
HW72503050,,RIVET,,M.S,PLAIN/NO. 10,-,-,KTM-MNSTR,1.00
HW72503050,,RIVET,,M.S,PLAIN/NO. 8,-,-,KTM-MNSTR,2.00
HW72503200,,SCREW,,-,-,-,-,KTM-MNSTR,7.00
HW72503200,,SCREW,,-,-/1.5X3MM,-,-,KTM-MNSTR,24.00
HW72503200,,SCREW,,-,MACHINE/6X60MM,-,-,KTM-MNSTR,150.00
HW72503200,,SCREW,,-,PHILIPS/3X12MM,-,-,KTM-MNSTR,100.00
HW72503200,,SCREW,,M. S,STAR HEAD/5X12MM,-,-,KTM-MNSTR,385.00
HW72503210,,SCREW FOC,,-,-,-,-,KTM-MNSTR,5.00
HW72503250,,SCREW,,-,"WOODEN /«""",-,-,KTM-MNSTR,18.00
HW72503250,,SCREW,,-,"WOODEN /1""-NO.8",-,-,KTM-MNSTR,2.00
HW72503250,,SCREW,,-,"WOODEN /1«""-NO.8",-,-,KTM-MNSTR,1.00
HW72503250,,SCREW,,-,"WOODEN /3""-NO.8",-,-,KTM-MNSTR,1.00
HW72503250,,SCREW,,-,"WOODEN/?"" NO. 5",-,-,KTM-MNSTR,16.00
HW72503250,,SCREW,,G.I,"PAN HEAD SELF DRILLING PHILIPS WITH RUBBER WASHER/1""X¬",-,-,KTM-MNSTR,3.00
HW72503250,,SCREW,,G.I,PHILIPS HEAD WITH NUT/4X20MM,-,-,KTM-MNSTR,45.00
HW72503250,,SCREW,,G.I,"SELF DRILLING/?""X4MM",-,-,KTM-MNSTR,3.00
HW72503300,,SHEET,,GLASS,"PLAIN/21""X21""X5MM",-/TRANSPARENT,-,KTM-MNSTR,1.00
HW72503350,,SHEET,,THERMOPOLE,"-/4'X300MMX1""/-",-,-,KTM-MNSTR,142.00
HW72503400,,SOCKET,,G.I,"-/«""",-,-,KTM-MNSTR,17.00
HW72503400,,SOCKET,,G.I,"-/?""",-,-,KTM-MNSTR,18.00
HW72503400,,SOCKET,,G.I,"-/1¬""",-,-,KTM-MNSTR,15.00
HW72503400,,SOCKET,,G.I,"-/1«""",-,-,KTM-MNSTR,10.00
HW72503400,,SOCKET,,G.I,"-/2""",-,-,KTM-MNSTR,15.00
HW72503400,,SOCKET,,G.I,"REDUCER/1""X«""",-,-,KTM-MNSTR,14.00
HW72503400,,SOCKET,,G.I,"REDUCER/1""X?""",-,-,KTM-MNSTR,7.00
HW72503400,,SOCKET,,G.I,"REDUCER/1¬""X1«""",-,-,KTM-MNSTR,6.00
HW72503400,,SOCKET,,G.I,"REDUCER/2""X1¬""",-,-,KTM-MNSTR,9.00
HW72503400,,SOCKET,,G.I,"REDUCER/3""X2""",-,-,KTM-MNSTR,2.00
HW72503400,,SOCKET,,M. S,"-/1""",-,-,KTM-MNSTR,8.00
HW72503400,,SOCKET,,M. S,"-/2""",-,-,KTM-MNSTR,1.00
HW72503400,,SOCKET,,M. S,"-/2«""",-,-,KTM-MNSTR,1.00
HW72503400,,SOCKET,,M. S,"REDUCER/1""X?""",-,-,KTM-MNSTR,8.00
HW72503400,,SOCKET,,M. S,"REDUCER/2""X4""",-,-,KTM-MNSTR,2.00
HW72503400,,SOCKET,,M. S,"REDUCER/3""X2""",-,-,KTM-MNSTR,4.00
HW72503400,,SOCKET,,M. S,"THREADED/1¬"" SCH-40",-,-,KTM-MNSTR,133.00
HW72503400,,SOCKET,,PPR,-/25MM,-,-,KTM-MNSTR,16.00
HW72503400,,SOCKET,,PPR,-/40mm,-,-,KTM-MNSTR,16.00
HW72503400,,SOCKET,,PPR,-/63MM,-,-,KTM-MNSTR,17.00
HW72503400,,SOCKET,,PPR,50MMX40MM,-,-,KTM-MNSTR,22.00
HW72503400,,SOCKET,,PPR,"FEMALE/32MMX1""",-,-,KTM-MNSTR,2.00
HW72503400,,SOCKET,,PPR,"REDUCER/25MMX«""",-,-,KTM-MNSTR,7.00
HW72503400,,SOCKET,,PPR,"REDUCER/25MMX?""",-,-,KTM-MNSTR,7.00
HW72503400,,SOCKET,,PPR,"REDUCER/25MMX1""",-,-,KTM-MNSTR,10.00
HW72503400,,SOCKET,,PPR,"REDUCER/32MMX«""",-,-,KTM-MNSTR,6.00
HW72503400,,SOCKET,,PPR,REDUCER/32MMX25MM,-,-,KTM-MNSTR,24.00
HW72503400,,SOCKET,,PPR,"REDUCER/40MMX1¬""",-,-,KTM-MNSTR,10.00
HW72503400,,SOCKET,,PPR,REDUCER/40MMX32MM,-,-,KTM-MNSTR,10.00
HW72503400,,SOCKET,,PPR,"REDUCER/63MMX2""",-,-,KTM-MNSTR,6.00
HW72503400,,SOCKET,,PPR,REDUCER/63MMX50MM,-,-,KTM-MNSTR,3.00
HW72503400,,SOCKET,,PVC,"-/?""",-,-,KTM-MNSTR,3.00
HW72503400,,SOCKET,,PVC,"-/1""",-,-,KTM-MNSTR,222.00
HW72503400,,SOCKET,,PVC,"-/1¬""",-,-,KTM-MNSTR,7.00
HW72503400,,SOCKET,,PVC,"-/2""",-,-,KTM-MNSTR,1.00
HW72503400,,SOCKET,,PVC,"-/3""",-,-,KTM-MNSTR,21.00
HW72503400,,SOCKET,,PVC,"-/4""",-,-,KTM-MNSTR,5.00
HW72503400,,SOCKET,,PVC,-/40mm,-,-,KTM-MNSTR,6.00
HW72503500,,TAPS (MOOSE),,-,"THREADING/5\16""",-,-,KTM-MNSTR,1.00
HW72503500,,TAPS (MOOSE),,-,THREADING/6MM-0.1MM THREAD,-,-,KTM-MNSTR,1.00
HW72503520,,NECK,,C.P,"FOR MIXER/«""",-,-,KTM-MNSTR,4.00
HW72503600,,TEE,,C.S,"SEAMLESS WELDED/4""X3""X3""",-,-,KTM-MNSTR,2.00
HW72503600,,TEE,,G. I,"-/ 2""",-,-,KTM-MNSTR,7.00
HW72503600,,TEE,,G. I,"-/«""",-,-,KTM-MNSTR,8.00
HW72503600,,TEE,,G. I,"-/?""",-,-,KTM-MNSTR,14.00
HW72503600,,TEE,,G. I,"-/1""",-,-,KTM-MNSTR,12.00
HW72503600,,TEE,,G. I,"-/1«""",-,-,KTM-MNSTR,11.00
HW72503600,,TEE,,G. I,"REDUCER/«""X?""",-,-,KTM-MNSTR,4.00
HW72503600,,TEE,,G. I,"REDUCER/«""X1¬""",-,-,KTM-MNSTR,47.00
HW72503600,,TEE,,G. I,"REDUCER/1""X«""",-,-,KTM-MNSTR,1.00
HW72503600,,TEE,,G. I,"REDUCER/1«""X1¬""",-,-,KTM-MNSTR,13.00
HW72503600,,TEE,,G. I,"REDUCER/2""X«""",-,-,KTM-MNSTR,8.00
HW72503600,,TEE,,G. I,"REDUCER/2""X1""",-,-,KTM-MNSTR,4.00
HW72503600,,TEE,,G. I,"REDUCER/2""X1¬""",-,-,KTM-MNSTR,2.00
HW72503600,,TEE,,G. I,"REDUCER/2""X3""",-,-,KTM-MNSTR,1.00
HW72503600,,TEE,,M. S,"WELDED/6"" SCH-40",-,-,KTM-MNSTR,2.00
HW72503600,,TEE,,PPR,"-/32MMX«""",-,-,KTM-MNSTR,10.00
HW72503600,,TEE,,PPR,"-/32MMX1""",-,-,KTM-MNSTR,22.00
HW72503600,,TEE,,PPR,-/32MMX32MM,-,-,KTM-MNSTR,8.00
HW72503600,,TEE,,PPR,-/40mm,-,-,KTM-MNSTR,6.00
HW72503600,,TEE,,PPR,-/40X25MM,-,-,KTM-MNSTR,10.00
HW72503600,,TEE,,PPR,-/50MM,-,-,KTM-MNSTR,1.00
HW72503600,,TEE,,PPR,-/63MM,-,-,KTM-MNSTR,2.00
HW72503600,,TEE,,PPR,"POINT/32MMX«""",-,-,KTM-MNSTR,10.00
HW72503600,,TEE,,PPR,"REDUCER/25MMX«""",-,-,KTM-MNSTR,22.00
HW72503600,,TEE,,PPR,REDUCER/32X25MM,-,-,KTM-MNSTR,40.00
HW72503600,,TEE,,PPR,"REDUCER/40MM""X«""",-,-,KTM-MNSTR,30.00
HW72503600,,TEE,,PPR,"REDUCER/40MMX1¬""",-,-,KTM-MNSTR,10.00
HW72503600,,TEE,,PPR,REDUCER/40X32MM,-,-,KTM-MNSTR,10.00
HW72503600,,TEE,,PPR,REDUCER/50X40MM,-,-,KTM-MNSTR,4.00
HW72503600,,TEE,,PPR,"REDUCER/63MM""X40MM",-,-,KTM-MNSTR,4.00
HW72503600,,TEE,,PPR,REDUCER/63X25MM,-,-,KTM-MNSTR,7.00
HW72503600,,TEE,,PVC,"-/4""",-,-,KTM-MNSTR,5.00
HW72504100,,UNION,,G. I,"-/«""",-,-,KTM-MNSTR,5.00
HW72504100,,UNION,,G. I,"-/?""",-,-,KTM-MNSTR,6.00
HW72504100,,UNION,,G. I,"-/1""",-,-,KTM-MNSTR,14.00
HW72504100,,UNION,,G. I,"-/1¬""",-,-,KTM-MNSTR,5.00
HW72504100,,UNION,,G. I,"-/1«""",-,-,KTM-MNSTR,4.00
HW72504100,,UNION,,G. I,"-/2""",-,-,KTM-MNSTR,2.00
HW72504100,,UNION,,G. I,"-/3""",-,-,KTM-MNSTR,1.00
HW72504100,,UNION,,PPR,-/25MM,-,-,KTM-MNSTR,22.00
HW72504100,,UNION,,PPR,-/40mm,-,-,KTM-MNSTR,2.00
HW72504100,,UNION,,PPR,50MM,-,-,KTM-MNSTR,6.00
HW72504100,,UNION,,PPR,"THREADED/OUT DIA 32MM, IN DIA 25MM",-,-,KTM-MNSTR,3.00
HW72504200,,VALVE,,-,"- /«""/NON RETURN FOR GEAZER",-,-,KTM-MNSTR,1.00
HW72504200,,VALVE,,-," BALL / «""",-,-,KTM-MNSTR,18.00
HW72504200,,VALVE,,-," BALL /1""",-,FAISAL/-/-,KTM-MNSTR,2.00
HW72504200,,VALVE,,-," BALL /2""",-,-,KTM-MNSTR,10.00
HW72504200,,VALVE,,-,"BALL/¬""",-,-,KTM-MNSTR,8.00
HW72504200,,VALVE,,-,"BALL/?""",-,-,KTM-MNSTR,11.00
HW72504200,,VALVE,,-,"BALL/1¬""",-,-,KTM-MNSTR,6.00
HW72504200,,VALVE,,-,"BUTTERFLY/2""-SCH-40",-,-,KTM-MNSTR,2.00
HW72504200,,VALVE,,-,"BUTTERFLY/4""",-,-,KTM-MNSTR,5.00
HW72504200,,VALVE,,-,"BUTTERFLY/5""",-,-,KTM-MNSTR,2.00
HW72504200,,VALVE,,-,"FLOAT/ «""",-,-,KTM-MNSTR,8.00
HW72504200,,VALVE,,-,"GATE  WITH FLANGE/6""",-,-,KTM-MNSTR,1.00
HW72504200,,VALVE,,-,"GATE FLANGED/5""",-,-,KTM-MNSTR,1.00
HW72504200,,VALVE,,-,"NON RETURN/1«""",-,KITZ/JAPAN/-,KTM-MNSTR,5.00
HW72504200,,VALVE,,-,"NON RETURN/2""",-,-,KTM-MNSTR,2.00
HW72504200,,VALVE,,-,"STEAM-GLOBE WITH FLANGE/«""",-,-,KTM-MNSTR,2.00
HW72504200,,VALVE,,-,"STEAM-GLOBE WITH FLANGE/1""",-,-,KTM-MNSTR,2.00
HW72504200,,VALVE,,BRASS,"CHUCK/1""",-,-,KTM-MNSTR,2.00
HW72504200,,VALVE,,BRASS,"FLOAT/1""",-,KITZ/-/-,KTM-MNSTR,5.00
HW72504200,,VALVE,,BRASS,"FLOAT/1¬""",-,KITZ/-/-,KTM-MNSTR,3.00
HW72504200,,VALVE,,BRASS,"FLOAT/2""",-,-,KTM-MNSTR,2.00
HW72504200,,VALVE,,BRASS,"GATE/1""",-,-,KTM-MNSTR,3.00
HW72504200,,VALVE,,BRASS,"GATE/1¬""",-,-,KTM-MNSTR,6.00
HW72504200,,VALVE,,PPR,BALL/32MM,-,-,KTM-MNSTR,3.00
HW72504200,,VALVE,,PPR,WHEEL/63MM,-,-,KTM-MNSTR,4.00
HW72504200,,VALVE,,PPR,"WHEEL/OUT DIA 40MM, IN DIA 32MM",-,-,KTM-MNSTR,2.00
HW72504200,,VALVE,,S.S," BALL / «""",-,-,KTM-MNSTR,13.00
HW72504300,,WASHER,,-,DIAPHRAGM/-,-,-,KTM-MNSTR,8.00
HW72504300,,WASHER,,-,FLUSH TANK ASSEMBLY /-,-,-,KTM-MNSTR,16.00
HW72504300,,WASHER,,LEATHER,BOCKEY/-,-,-,KTM-MNSTR,5.00
HW72504300,,WASHER,,M.S,PLAIN/26X46X4MM,-,-,KTM-MNSTR,260.00
HW72504300,,WASHER,,M.S,PLAIN/BORE 16MMXDIA 40MMX6MM,-,-,KTM-MNSTR,50.00
HW72504320,,WASHER,,G.I,- 10MM DIA/PLAIN,-,-,KTM-MNSTR,5.10
HW72504320,,WASHER,,M.S,"PLAIN/1""X5/16XTHICK 3MM",-,-,KTM-MNSTR,7.00
HW72504800,,RIM,,-,FOR SCOOTER/-,-,-,KTM-MNSTR,1.00
HW72504900,,SHOWER,,-,"WITH ROD/«""",-,-,KTM-MNSTR,1.00
HW72505300,,HINGES,,M.S,"-/6""/SPRING TYPE WITH BEARING  (JOINT)",-,-/PAKISTAN/-,KTM-MNSTR,10.00
HW72505600,,WATER TANK,,PLASTIC,FLUSH COMPLETE/-,-,-,KTM-MNSTR,1.00
HW72505600,,WATER TANK,,PVC,-/1000 LTR,-,-,KTM-MNSTR,1.00
HW72506000,,MIXER,,C.P,BASIN (SINGLE)/-,-,-,KTM-MNSTR,10.00
HW72506300,,BUSH,,BRASS,"-/1""X?""",-,-,KTM-MNSTR,3.00
HW72506300,,BUSH,,G.I,"-/1""X2""",-,-,KTM-MNSTR,3.00
HW72506300,,BUSH,,M. S,"-/1""X«""",-,-,KTM-MNSTR,6.00
HW72507200,,END DISC (CAP),,PPR,-/32MM,-,-,KTM-MNSTR,6.00
HW72507600,,SPINDLE,,BRASS,"BIB COCK/«""",-,ASIA/PAKISTAN/-,KTM-MNSTR,22.00
HW72507600,,SPINDLE,,BRASS,"BIB COCK/«""",-,FAISAL/PAKISTAN/-,KTM-MNSTR,50.00
HW72508400,,MIRROR,,-,BATHROOM/-,-,-,KTM-MNSTR,1.00
HW72509020,,PASTE,,-,EMERY GRINDING/7MART-PK,-,-,KTM-MNSTR,20.00
HW72509400,,COVER,,PLASTIC,ENGLISH COMMODE (SEAT)/-,-/WHITE,-,KTM-MNSTR,1.00
IT74000100,,CPU,,-,CENTRAL UNIT # 103/-,-,SIEMENS/-/-,KTM-MNSTR,1.00
IT74000100,,CPU,,-,"CORE I3-4150 3.50GHZ MOTHERBOARD H-81MK GIGABYTE, RAM 4GB DD",-,NON BRANDED/-/-,PWRH-WH,-1.00
IT74000200,,MONITOR,,-,"L.E.D/24""",-,-,KTM-MNSTR,1.00
IT74000200,,MONITOR,,-,"L.E.D/18.5""",-/BLACK,HP/-/LV1911,PWRH-WH,-1.00
IT74000400,,CABLE,,-,DATA COMPUTER-,-,-,KTM-MNSTR,1.00
IT74000400,,CABLE,,-,INVERTER PARAMETER/-,-,-,KTM-MNSTR,11.00
IT74000500,,COMPACT DISC (CD),,-,WRITEABLE/-,-,-,KTM-MNSTR,8.00
IT74000600,,KEY BOARD,,-,"BLOWER ON, REVERSE, STOP/-",-,ITLAY/MARZOLI/FT 6E,KTM-MNSTR,1.00
IT74002800,,OPTICAL MEDIA DRIVE,,-,CD-R/-,-,-,KTM-HO,10.00
LT75600000,,ALLEN KEY,,-,-/3MM,-,-,KTM-MNSTR,3.00
LT75600500,,CUTTER,,-,MODULE/5.5MM) # 1,-,-,KTM-MNSTR,1.00
LT75600500,,CUTTER,,-,MODULE/5.5MM) # 2,-,-,KTM-MNSTR,1.00
LT75600500,,CUTTER,,-,MODULE/5.5MM) # 3,-,-,KTM-MNSTR,1.00
LT75600500,,CUTTER,,-,MODULE/5.5MM) # 4,-,-,KTM-MNSTR,1.00
LT75600500,,CUTTER,,-,PIPE M.S/-,-,-,KTM-MNSTR,1.00
LT75600500,,CUTTER,,-,"REDIOUS/5\32""",-,-,KTM-MNSTR,1.00
LT75601050,,GAUGE,,-,FEELER/0.01~1MM,-,-,ATC-WH,1.00
LT75601200,,GUN,,ALUMINUM,-/-/SPRAY PAINT,-,-,KTM-MNSTR,1.00
LT75602400,,SPANNER,,-, SOCKET (GOTI) /17MM,-,-,KTM-MNSTR,2.00
LT75602400,,SPANNER,,-,COMBINATION/24MM,-,-,KTM-MNSTR,1.00
LT75602600,,THREAD DIE,,-,"-/«""X19",-,-,KTM-MNSTR,1.00
LT75602600,,THREAD DIE,,-,-/12MMX1.00,-,-,KTM-MNSTR,1.00
LT75603100,,BEAKER,,GLASS,-/250ML,-,-,KTM-MNSTR,3.00
LT75603100,,BEAKER,,GLASS,-/500ML,-,-,KTM-MNSTR,2.00
LT75603800,,METER,,-,GRAVITY (HYDRO)/-,-,-,KTM-MNSTR,1.00
LT75603800,,METER,,-,HYGRO MASON TYPE WITH WET & DRY BULBS/-,-,ZEAL/ENGLAND/P-2501,KTM-MNSTR,5.00
LT75604300,,PLIERS,,-,"CUTTING/8""",-,-,KTM-MNSTR,2.00
LT75608800,,CRIMPING TOOL,,-,-,-,CHINA/WEIPU/B 9589,KTM-MNSTR,1.00
OL71000200,,GREASE,,-,-/18KGS/MOBILUX EP-2,-,MOBIL/PAKISTAN/-,KTM-MNSTR,80.00
OL71000200,,GREASE,,-,-/LGMT 3\1,-,SKF/-/-,KTM-MNSTR,3.00
OL71000200,,GREASE,,-,ASONIC/GHY 72,-,KLUBER/AUSTRIA/-,KTM-MNSTR,1.00
OL71000200,,GREASE,,-,HIGH TEMPRATURE/SP-300,-,-/USA/-,KTM-MNSTR,16.00
OL71000200,,GREASE,,-,PLEX BEM/41-132,-,KLUBER/USA/-,KTM-MNSTR,5.00
OL71000200,,GREASE,,-,XHP/222,-,MOBIL/PAKISTAN/-,KTM-MNSTR,48.00
OL71000320,,OIL,,-,GEO SNG4/-,-,VALVOLINE/-/-,KTM-MNSTR,3.00
OL71000370,,OIL,,-,COMPRESSOR CORINA /S3R-68,-,SHELL/-/-,KTM-MNSTR,209.00
OL71000370,,OIL,,-,DIESEL/HI-SPEED,-,-,KTM-MNSTR,100.00
OL71000370,,OIL,,-,KEROSENE/-,-,-,KTM-MNSTR,1.00
OL71000370,,OIL,,-,MORLINA /10-D209L,-,SHELL/-/-,KTM-MNSTR,15.00
OL71000370,,OIL,,-,OMALA/150,-,SHELL/-/-,BRM-WH,-15.00
OL71000370,,OIL,,-,OMALA/150,-,SHELL/-/-,KTM-MNSTR,15.00
OL71000370,,OIL,,-,OMALA/150,-,SHELL/-/-,KTM-TRNSIT,15.00
OL71000370,,OIL,,-,PETROL/-,-,-,KTM-MNSTR,102.00
OL71000370,,OIL,,-,SPARTAN 150,-,MOBIL/-/-,KTM-MNSTR,391.00
OL71000370,,OIL,,-,SPARTAN 320,-,MOBIL/-/-,KTM-MNSTR,159.00
OL71000370,,OIL,,-,SPINDLE M 10,-,MOBIL/-/-,KTM-MNSTR,236.00
PH76000050,,ACTUATING MECHANISM,,-,-,-,JENBACHER/-/-,BRM-WH,1.00
PH76000600,,BEARING,,-,-,-,JENBACHER/-/-,KTM-MNSTR,2.00
PH76000600,,BEARING,,-,2Z/6308,-,-,KTM-MNSTR,3.00
PH76000800,,BELLOW,,RUBBER,"EXPANSION/4""",-,-,KTM-MNSTR,1.00
PH76000800,,BELLOW,,RUBBER,"EXPANSION/5""",-,-,KTM-MNSTR,1.00
PH76001000,,BOLT,,-,HEXAGON/-,-,JENBACHER/-/-,KTM-MNSTR,44.00
PH76001500,,BUFFER,,RUBBER,-/15X15.65 SHA,-,-,KTM-MNSTR,4.00
PH76001560,,CABLE,,-,HARNES/-,-,JENBACHER/-/-,KTM-MNSTR,3.00
PH76001600,,CARD,,-,-,-,JENBACHER/-/JGS-320,KTM-MNSTR,1.00
PH76001600,,CARD,,-,ELECTRONIC-ANALOG INPUT/-,-,JENBACHER/-/-,KTM-MNSTR,2.00
PH76002800,,FILTER GG,,-,-,-,JENBACHER/-/-,KTM-MNSTR,88.00
PH76002800,,FILTER GG,,-,CARTRIDGE/-,-,JENBACHER/-/-,KTM-MNSTR,57.00
PH76002800,,FILTER GG,,-,INSERTER/-,-,JENBACHER/-/-,KTM-MNSTR,4.00
PH76002800,,FILTER GG,,-,MAT/-,-,JENBACHER/-/-,KTM-MNSTR,33.00
PH76002850,,FILTER,,-,GAS STREET/-,-,-,KTM-MNSTR,6.00
PH76002900,,GASKET,,-,-,-,-,KTM-MNSTR,6.00
PH76002900,,GASKET,,-,-,-,JENBACHER/-/-,KTM-MNSTR,162.00
PH76002900,,GASKET,,-,FOR TURBO CHARGER/-,-,JENBACHER/-/-,KTM-MNSTR,5.00
PH76002910,,GASKET,,-,-,-,JENBACHER/-/-,KTM-MNSTR,2.00
PH76002910,,GASKET,,-,HEAT EXCHANGER JACKET WATER/-,-,JENBACHER/-/-,KTM-MNSTR,3.00
PH76003000,,GAUGE,,-,TEMPERATURE/ 0~120øC,-,-,KTM-MNSTR,5.00
PH76003500,,INSULATOR,,-,H.T/-,-,-,KTM-MNSTR,10.00
PH76003700,,KIT,,-,-,-,JENBACHER/-/-,KTM-MNSTR,18.00
PH76003700,,KIT,,-, HT TERMINATION /3 CORE 120MMý,-,-,KTM-MNSTR,4.00
PH76003700,,KIT,,-,GASKET /-,-,-,KTM-MNSTR,1.00
PH76003700,,KIT,,-,GASKET /-,-,JENBACHER/-/-,KTM-MNSTR,178.00
PH76003700,,KIT,,-,GENERATOR BEARING SPARES,-,JENBACHER/-/-,KTM-MNSTR,4.00
PH76003700,,KIT,,-,HT TERMINATION IN DOOR/3 CORE 120MMý,-, RAYCHEM/-/-,KTM-MNSTR,5.00
PH76003700,,KIT,,-,HT TERMINATION IN DOOR/3 CORE 120MMý,-,RAYCHEM/-/-,KTM-MNSTR,4.00
PH76004200,,NUT,,-,HEXAGON/-,-,JENBACHER/-/-,KTM-MNSTR,103.00
PH76004200,,NUT,,-,LOCK/-,-,JENBACHER/-/-,KTM-MNSTR,24.00
PH76004200,,NUT,,-,TAPPET ADJUSTING/-,-,JENBACHER/-/-,KTM-MNSTR,21.00
PH76004200,,NUT,,-,THREAD LOCKING/-,-,JENBACHER/-/-,KTM-MNSTR,17.00
PH76004400,,PLATE,,S. S,BASE IN/304,-,JENBACHER/-/-,KTM-MNSTR,4.00
PH76004400,,PLATE,,S. S,BASE IN/304,-,JENBACHER/-/-,RING-WH,4.00
PH76005000,,RING,,-,O-TYPE 36802 /6X2,-,-,PWRH-WH,50.00
PH76005000,,RING,,-,O-TYPE/-,-,-,KTM-MNSTR,2.00
PH76005000,,RING,,-,O-TYPE/-,-,JENBACHER/-/-,KTM-MNSTR,402.00
PH76005000,,RING,,-,SCRAPER/-,-,JENBACHER/-/-,KTM-MNSTR,14.00
PH76005000,,RING,,-,SEALING/-,-,JENBACHER/-/-,KTM-MNSTR,42.00
PH76005000,,RING,,-,SEALING/-,-,JENBACHER/-/-,PWRH-WH,42.00
PH76005000,,RING,,-,SNAP/-,-,JENBACHER/-/-,KTM-MNSTR,3.00
PH76005100,,SCREW,,-,HEXAGONAL HEAD/-,-,JENBACHER/-/-,KTM-MNSTR,93.00
PH76005100,,SCREW,,-,LOCKING /-,-,JENBACHER/-/-,KTM-MNSTR,40.00
PH76005100,,SCREW,,-,TAPPET ADJUSTING/-,-,JENBACHER/-/-,KTM-MNSTR,33.00
PH76005200,,SEAL,,-,OIL/52X7X47,-,-,KTM-MNSTR,6.00
PH76005200,,SEAL,,-,RADIAL/-,-,JENBACHER/-/-,KTM-MNSTR,2.00
PH76005300,,SENSOR,,-,-,-,JENBACHER/-/-,KTM-MNSTR,5.00
PH76005300,,SENSOR,,-,KNOCK/-,-,JENBACHER/-/-,KTM-MNSTR,1.00
PH76005400,,SHAFT,,-,-,-,JENBACHER/-/-,KTM-MNSTR,2.00
PH76005400,,SHAFT,,-,PUMP /-,-,JENBACHER/-/-,KTM-MNSTR,1.00
PH76005700,,SOCKET,,-,-,-,JENBACHER/-/-,PWRH-WH,3.00
PH76005700,,SOCKET,,-,COMPLETE SPARK PLUG/-,-,JENBACHER/-/-,KTM-MNSTR,3.00
PH76005900,,SPRING,,-,VALVE INSIDE/-,-,JENBACHER/-/-,KTM-MNSTR,1.00
PH76005900,,SPRING,,RUBBER,-,-,JENBACHER/-/-,KTM-MNSTR,12.00
PH76006100,,STUD,,-,-,-,JENBACHER/-/-,KTM-MNSTR,134.00
PH76006200,,SWITCH,,-,-,-,JENBACHER/-/-,KTM-MNSTR,2.00
PH76006600,,TRANSFORMER,,-,CT (POWER FACTOR)/-,-,-,KTM-MNSTR,1.00
PH76006600,,TRANSFORMER,,-,CT/100\5AMP,-,-,KTM-MNSTR,3.00
PH76006600,,TRANSFORMER,,-,CURRENT CT HT TYPE E.C.T-13M/300\5,-,-,KTM-MNSTR,2.00
PH76006600,,TRANSFORMER,,-,"CURRENT CT/200\5AMP, 50\60HZ, 660V",-,-,KTM-MNSTR,3.00
PH76006600,,TRANSFORMER,,-,MEASURING/-,-,-,KTM-MNSTR,2.00
PH76006800,,VALVE,,-,-,-,JENBACHER/-/JGS-320,KTM-MNSTR,7.00
PH76006800,,VALVE,,-,"-/AC 220V, 6.0VA, PRESSURE 0.15~0.8PA",-,-/U-NID/4V210-08,KTM-MNSTR,1.00
PH76006800,,VALVE,,-,EXHAUST/-,-,JENBACHER/-/-,KTM-MNSTR,46.00
PH76006800,,VALVE,,-,GUIDE/-,-,JENBACHER/-/-,KTM-MNSTR,16.00
PH76006800,,VALVE,,-,INTAKE/-,-,JENBACHER/-/-,KTM-MNSTR,47.00
PH76006810,,VALVE USED,,-,INTAKE,-,-/GENBACHER/JGS 320,KTM-MNSTR,27.00
PH76007200,,Coil,,-,IGNITION/-,-,JENBACHER/-/-,KTM-MNSTR,8.00
PH76007300,,COMPENSATOR,,-,-,-,JENBACHER/-/-,KTM-MNSTR,5.00
PH76007400,,DISC,,-,-,-,JENBACHER/-/-,KTM-MNSTR,40.00
PH76007400,,DISC,,-,TENSION/-,-,JENBACHER/-/-,KTM-MNSTR,20.00
PH76007500,,MODULE,,-,AF/104,-,JENBACHER/-/-,KTM-MNSTR,1.00
PH76007500,,MODULE,,-,AT/324,-,JENBACHER/-/-,KTM-MNSTR,1.00
PH76007500,,MODULE,,-,DIGITAL MIX/-,-,JENBACHER/-/-,KTM-MNSTR,2.00
PH76007600,,PICK-UP,,-,-,-,JENBACHER/-/-,PWRH-WH,1.00
PH76007600,,PICK-UP,,-,MAGNETIC/-,-,JENBACHER/-/-,KTM-MNSTR,2.00
PH76007600,,PICK-UP,,-,SPEED /-,-,JENBACHER/-/-,KTM-MNSTR,1.00
PH76007700,,ROD END,,-,-,-,JENBACHER/-/-,KTM-MNSTR,16.00
PH76007800,,THERMOCOUPLE,,-,-,-,JENBACHER/-/-,PWRH-WH,1.00
PH76007900,,TRANSMITTER,,-,MEASURING/-,-,JENBACHER/-/-,KTM-MNSTR,5.00
PH76007900,,TRANSMITTER,,-,TEMPERATURE/-,-,JENBACHER/-/-,KTM-MNSTR,2.00
PH76008000,,BUSHING,,-,-,-,JENBACHER/-/-,KTM-MNSTR,12.00
PH76008600,,STARTER,,-,-,-,ISKRA/-/-,PWRH-WH,1.00
PH76010000,,RELAY,,-,-/24V DC,-,JENBACHER/-/-,KTM-MNSTR,5.00
PH76010000,,RELAY,,-,-/24V DC,-,JENBACHER/-/-,PWRH-WH,18.00
PH76011800,,DAMPER,,-,VIBRATION/-,-,JENBACHER/AUSTRIA/JGS-320,KTM-MNSTR,2.00
PH76012400,,STRAP,,-,-,-,-,KTM-MNSTR,2.00
PH76012600,,MOTOR,,-,SERVO/-,-,JENBACHER/-/-,KTM-MNSTR,1.00
PH76012600,,MOTOR,,-,SERVO/JGS-320,-,JENBACHER/-/-,KTM-MNSTR,1.00
PH76012700,,THERMOMETER,,-,-,-,JENBACHER/-/-,KTM-MNSTR,3.00
PH76012700,,THERMOMETER,,-,-,-,JENBACHER/-/-,PWRH-WH,1.00
PH76012800,,TRANSDUCER,,-,PRESSURE/0~6 BAR,-,JENBACHER/-/-,KTM-MNSTR,1.00
PH76012800,,TRANSDUCER,,-,PRESSURE/JGS-320,-,JENBACHER/-/-,KTM-MNSTR,6.00
PH76014000,,CONTROLLER,,-,SCHRITTMOTORENTRELBER BIS V2 . 4/-,-,JENBACHER/AUSTRIA/JGS-320,KTM-MNSTR,1.00
PH76014000,,CONTROLLER,,-,TEMPERATURE/-,-,JENBACHER/AUSTRIA/JGS-320,KTM-MNSTR,2.00
PH76014020,,CONTROLLER USED,,-,Z.P.R/-,-,-,KTM-MNSTR,1.00
PH76014600,,LINER,,-,CYLINDER (USED),-,JENBACHER/-/-,KTM-MNSTR,15.00
PH76014600,,LINER,,-,CYLINDER/-,-,JENBACHER/-/-,KTM-MNSTR,1.00
PH76014700,,ROTO CAP,,-,-,-,JENBACHER/-/-,KTM-MNSTR,24.00
PH76014800,,GEAR,,-,WATER PUMP/-,-,JENBACHER/-/-,KTM-MNSTR,2.00
PH76015200,,SEALING,,-,-,-,-,KTM-MNSTR,180.00
PH76015200,,SEALING,,-,EXHAUST/-,-,-,KTM-MNSTR,23.00
PH76016300,,PULSE GENERATOR,,-,-,-,-,KTM-MNSTR,2.00
PH76016420,,AVR USED,,-,-/320XMX321,-,-,KTM-MNSTR,1.00
PH76017400,,VESSEL,,-,PRESSURE/-,-,JENBACHER/-/-,KTM-MNSTR,1.00
PH76017800,,ROD,,-,CONNECTING BEARING TYPE 2 & TYPE 3/100X107X38.7,-,JENBACHER/-/-,KTM-MNSTR,3.00
PH76018300,,ACCESSORIES,,-,ELECTRIC/-,-,JENBACHER/-/JGS-320,KTM-MNSTR,2.00
PM70100000,,BAG,,-,"PLAIN/34""X46""",-,-,KTM-MNSTR,227.00
PM70100000,,BAG,,-,"PLAIN/36""x48""",-,-,KTM-MNSTR,"2,000.00"
PM70100000,,BAG,,NYLON,"MESH/L 87"", ROUND 90"", (MESH 60)",-/WHITE,-,KTM-MNSTR,2.00
PM70100000,,BAG,,POLY PROPYLENE,"PLAIN/33""X46""",-,-,KTM-MNSTR,"2,500.00"
PM70100000,,BAG,,POLY PROPYLENE,"PLAIN/33""X46""",-,-,PKNG-WH,32.00
PM70100000,,BAG,,POLY PROPYLENE,"PLAIN/34""X46""",-,-,KTM-MNSTR,500.00
PM70100000,,BAG,,POLY PROPYLENE,"PLAIN/34""X46""",-,-,KTM-TRNSIT,500.00
PM70100000,,BAG,,POLY PROPYLENE,"PLAIN/34""X46""",-,-,PKNG-WH,-605.00
PM70100000,,BAG,,POLY PROPYLENE,"PLAIN/35""X46""",-,-,KTM-MNSTR,300.00
PM70100000,,BAG,,POLY PROPYLENE,"PLAIN/35""X46""",-,-,PKNG-WH,14.00
PM70100000,,BAG,,POLY PROPYLENE,"PLAIN/36""x48""",-,-,KTM-MNSTR,500.00
PM70100000,,BAG,,POLY PROPYLENE,"PLAIN/36""x48""",-,-,PKNG-WH,105.00
PM70100000,,BAG,,POLY PROPYLENE,"PLAIN/37""X48""",-,-,KTM-MNSTR,"3,000.00"
PM70100000,,BAG,,POLY PROPYLENE,"PLAIN/38""X48""",-,-,KTM-MNSTR,100.00
PM70100000,,BAG,,POLY PROPYLENE,"PLAIN/42""X43""",-,-,KTM-MNSTR,"1,323.00"
PM70100000,,BAG,,POLY PROPYLENE,"LINER/35""X46""",-/DOUBLE BLACK STRIP,-,KTM-MNSTR,"2,500.00"
PM70100000,,BAG,,POLY PROPYLENE,"LINER/42""X43""",-/DOUBLE BLACK STRIP,-,KTM-TRNSIT,260.00
PM70100000,,BAG,,POLY PROPYLENE,"LINER/42""X43""",-/DOUBLE BLACK STRIP,-,PKNG-WH,-260.00
PM70100000,,BAG,,POLY PROPYLENE,"LINER/35""X46""",-/DOUBLE BLUE STRIP,-,KTM-MNSTR,"3,000.00"
PM70100000,,BAG,,POLY PROPYLENE,"LINER/35""X46""",-/DOUBLE BLUE STRIP,-,PKNG-WH,71.00
PM70100000,,BAG,,POLY PROPYLENE,"LINER/42""X43""",-/DOUBLE GREEN STRIP,-,KTM-MNSTR,"3,500.00"
PM70100000,,BAG,,POLY PROPYLENE,"LINER/42""X43""",-/DOUBLE GREEN STRIP,-,PKNG-WH,3.00
PM70100000,,BAG,,POLY PROPYLENE,"LINER35""X46""",-/DOUBLE GREEN STRIP,-,KTM-MNSTR,500.00
PM70100000,,BAG,,POLY PROPYLENE,"LINER/42""X43""",-/DOUBLE RED STRIP,-,KTM-MNSTR,"3,000.00"
PM70100000,,BAG,,POLY PROPYLENE,"LINER/42""X43""",-/DOUBLE RED STRIP,-,PKNG-WH,3.00
PM70100000,,BAG,,POLY PROPYLENE,"LINER35""X46""",-/DOUBLE RED STRIP,-,KTM-MNSTR,500.00
PM70100000,,BAG,,POLY PROPYLENE,"LINER35""X46""",-/DOUBLE RED STRIP,-,PKNG-WH,192.00
PM70100000,,BAG,,POLY PROPYLENE,"PLAIN/35""X46""",-/DOUBLE RED STRIP,-,PKNG-WH,1.00
PM70100000,,BAG,,POLY PROPYLENE,"LINER/35""X46""",-/DOUBLE YELLOW STRIP,-,KTM-MNSTR,"4,500.00"
PM70100000,,BAG,,POLY PROPYLENE,"LINER/35""X46""",-/DOUBLE YELLOW STRIP,-,KTM-TRNSIT,136.00
PM70100000,,BAG,,POLY PROPYLENE,"LINER/35""X46""",-/DOUBLE YELLOW STRIP,-,PKNG-WH,-331.00
PM70100000,,BAG,,POLY PROPYLENE,"LINER/34""X46""",-/SINGLE BLACK STRIP,-,KTM-MNSTR,"2,500.00"
PM70100000,,BAG,,POLY PROPYLENE,"LINER/34""X46""",-/SINGLE BLACK STRIP,-,PKNG-WH,51.00
PM70100000,,BAG,,POLY PROPYLENE,"LINER/42""X43""",-/SINGLE BLACK STRIP,-,KTM-MNSTR,"1,500.00"
PM70100000,,BAG,,POLY PROPYLENE,"LINER/42""X43""",-/SINGLE BLACK STRIP,-,PKNG-WH,13.00
PM70100000,,BAG,,POLY PROPYLENE,"LINER/34""X46""",-/SINGLE BLUE STRIP,-,KTM-MNSTR,"5,000.00"
PM70100000,,BAG,,POLY PROPYLENE,"LINER/34""X46""",-/SINGLE BLUE STRIP,-,PKNG-WH,39.00
PM70100000,,BAG,,POLY PROPYLENE,"LINER/42""X43""",-/SINGLE BLUE STRIP,-,KTM-MNSTR,"1,500.00"
PM70100000,,BAG,,POLY PROPYLENE,"PLAIN/35""X46""",-/SINGLE BLUE STRIP,-,PKNG-WH,6.00
PM70100000,,BAG,,POLY PROPYLENE,"LINER/34""X46""",-/SINGLE BROWN STRIP,-,KTM-MNSTR,"1,000.00"
PM70100000,,BAG,,POLY PROPYLENE,"LINER/34""X46""",-/SINGLE BROWN STRIP,-,PKNG-WH,69.00
PM70100000,,BAG,,POLY PROPYLENE,"LINER/34""X46""",-/SINGLE GREEN STRIP,-,PKNG-WH,-9.00
PM70100000,,BAG,,POLY PROPYLENE,"LINER/42""X43""",-/SINGLE GREEN STRIP,-,PKNG-WH,-10.00
PM70100000,,BAG,,POLY PROPYLENE,"LINER/34""X46""",-/SINGLE RED STRIP,-,KTM-MNSTR,"2,500.00"
PM70100000,,BAG,,POLY PROPYLENE,"LINER/34""X46""",-/SINGLE RED STRIP,-,PKNG-WH,13.00
PM70100000,,BAG,,POLY PROPYLENE,"LINER/37""X47""",-/SINGLE RED STRIP,-,KTM-MNSTR,"1,500.00"
PM70100000,,BAG,,POLY PROPYLENE,"LINER/42""X43""",-/SINGLE RED STRIP,-,KTM-MNSTR,"1,000.00"
PM70100000,,BAG,,POLY PROPYLENE,"LINER/42""X43""",-/SINGLE RED STRIP,-,PKNG-WH,7.00
PM70100000,,BAG,,POLY PROPYLENE,"PLAIN/37""X48""",-/SINGLE RED STRIP,-,KTM-MNSTR,"4,500.00"
PM70100000,,BAG,,POLY PROPYLENE,"LINER/42""X43""",-/SINGLE YELLOW STRIP,-,KTM-MNSTR,"5,500.00"
PM70100000,,BAG,,POLY PROPYLENE,"LINER/42""X43""",-/SINGLE YELLOW STRIP,-,PKNG-WH,15.00
PM70100000,,BAG,,POLY PROPYLENE,"LINER/36""X48""",-/TRIPPLE BLACK STRIP,-,KTM-MNSTR,"1,500.00"
PM70100000,,BAG,,POLY PROPYLENE,"LINER/36""X48""",-/TRIPPLE BLACK STRIP,-,PKNG-WH,35.00
PM70100000,,BAG,,POLY PROPYLENE,"LINER/36""X48""",-/TRIPPLE BLUE STRIP,-,KTM-MNSTR,"2,000.00"
PM70100000,,BAG,,POLY PROPYLENE,"LINER/36""X48""",-/TRIPPLE GREEN STRIP,-,KTM-MNSTR,"2,000.00"
PM70100000,,BAG,,POLY PROPYLENE,"LINER/36""X48""",-/TRIPPLE GREEN STRIP,-,PKNG-WH,57.00
PM70100000,,BAG,,POLY PROPYLENE,"LINER/36""X48""",-/TRIPPLE RED STRIP,-,KTM-MNSTR,"2,750.00"
PM70100000,,BAG,,POLY PROPYLENE,"LINER/36""X48""",-/TRIPPLE RED STRIP,-,PKNG-WH,7.00
PM70100000,,BAG,,POLY PROPYLENE,"PLAIN/33""X46""",-/WHITE,-,KTM-MNSTR,"3,000.00"
PM70100000,,BAG,,POLY PROPYLENE,"PLAIN/35""X47""",-/WHITE,-,KTM-MNSTR,"2,500.00"
PM70100000,,BAG,,POLY PROPYLENE,"PLAIN/38""X48""",-/WHITE,-,KTM-MNSTR,239.00
PM70100000,,BAG,,POLY PROPYLENE,"PLAIN/38""X48""",-/WHITE,-,PKNG-WH,176.00
PM70100000,,BAG,,POLY PROPYLENE,"LINER/34""X46""",-/YELLOW STRIP,-,KTM-MNSTR,"3,500.00"
PM70100000,,BAG,,POLY PROPYLENE,"LINER/34""X46""",-/YELLOW STRIP,-,PKNG-WH,30.00
PM70100000,,BAG,,POLY PROPYLENE,"PLAIN/34""X46""",-/YELLOW STRIP,-,KTM-MNSTR,"3,000.00"
PM70100000,,BAG,,POLYTHENE,"LINER/34""X46""",-/YELLOW STRIP,-,KTM-MNSTR,"2,500.00"
PM70100050,,BAG,,POLYTHENE,"H.D/13""X16""",-,-,KTM-MNSTR,"1,773.23"
PM70100050,,BAG,,POLYTHENE,"H.D/13""X16""",-,-,KTM-TRNSIT,499.95
PM70100050,,BAG,,POLYTHENE,"H.D/13""X16""",-,-,PKNG-WH,-295.71
PM70100050,,BAG,,POLYTHENE,"H.D/37""X48""",-,-,KTM-TRNSIT,413.00
PM70100050,,BAG,,POLYTHENE,"H.D/37""X48""",-,-,PKNG-WH,-413.00
PM70100050,,BAG,,POLYTHENE,"SHEESHA/12X16""",-,-,LAB-WH,0.30
PM70100050,,BAG,,POLYTHENE,"SHEESHA/13""X16""",-,-,KTM-MNSTR,"4,258.83"
PM70100050,,BAG,,POLYTHENE,"SHEESHA/13""X16""",-,-,PKNG-WH,283.62
PM70100050,,BAG,,POLYTHENE,"SHEESHA/13""X16""",-,-,RING-WH,0.50
PM70100050,,BAG,,POLYTHENE,"SHEESHA/15""X17""",-,-,KTM-MNSTR,"8,482.25"
PM70100050,,BAG,,POLYTHENE,"SHEESHA/15""X17""",-,-,PKNG-WH,705.26
PM70100050,,BAG,,POLYTHENE,"SHEESHA/37""X48""",-,-,KTM-MNSTR,"3,012.80"
PM70100050,,BAG,,POLYTHENE,"SHEESHA/37""X48""",-,-,PKNG-WH,"2,045.29"
PM70100400,,CORRUGATED BOX,,5PLY,"PLAIN/ 15""X7«""X7«""",-,-,KTM-MNSTR,120.00
PM70100400,,CORRUGATED BOX,,5PLY,"PLAIN/15""X15""X7«""",-,-,KTM-MNSTR,120.00
PM70100400,,CORRUGATED BOX,,5PLY,"PLAIN/21""X16""X14""",-,-,KTM-MNSTR,201.00
PM70100400,,CORRUGATED BOX,,5PLY,"PLAIN/21""X16""X14""",-,-,KTM-TRNSIT,680.00
PM70100400,,CORRUGATED BOX,,5PLY,"PLAIN/21""X16""X14""",-,-,PKNG-WH,101.00
PM70100400,,CORRUGATED BOX,,5PLY,"PLAIN/24""X7«""X7«""",-,-,KTM-MNSTR,130.00
PM70100400,,CORRUGATED BOX,,5PLY,"PLAIN/27""X13«""X22""",-,-,KTM-MNSTR,827.00
PM70100400,,CORRUGATED BOX,,5PLY,"PLAIN/27""X13«""X22""",-,-,KTM-TRNSIT,"1,001.00"
PM70100400,,CORRUGATED BOX,,5PLY,"PLAIN/27""X13«""X22""",-,-,PKNG-WH,427.00
PM70100400,,CORRUGATED BOX,,5PLY,"PLAIN/28""X13«""X24""",-,-,KTM-MNSTR,"2,140.00"
PM70100400,,CORRUGATED BOX,,5PLY,"PLAIN/28""X14""X24""",-,-,KTM-MNSTR,"4,306.00"
PM70100400,,CORRUGATED BOX,,5PLY,"PLAIN/28""X14""X24""",-,-,PKNG-WH,472.00
PM70100400,,CORRUGATED BOX,,5PLY,"PLAIN/8""X7«""X7«""",-,-,KTM-MNSTR,84.00
PM70100500,,CORRUGATED SHEET,,3 PLY,"PARTITION/21""X16""",-,-,KTM-MNSTR,514.00
PM70100500,,CORRUGATED SHEET,,3 PLY,"PARTITION/21""X16""",-,-,KTM-TRNSIT,200.00
PM70100500,,CORRUGATED SHEET,,3 PLY,"PARTITION/21""X16""",-,-,PKNG-WH,"6,456.00"
PM70100500,,CORRUGATED SHEET,,3 PLY,"PARTITION/27""X21«""",-,-,PKNG-WH,170.00
PM70100500,,CORRUGATED SHEET,,3PLY,"PARTITION/13""X30""",-,-,KTM-MNSTR,"3,061.00"
PM70100500,,CORRUGATED SHEET,,3PLY,"PARTITION/13""X30""",-,-,KTM-TRNSIT,"22,200.00"
PM70100500,,CORRUGATED SHEET,,3PLY,"PARTITION/13""X30""",-,-,PKNG-WH,"1,892.00"
PM70100500,,CORRUGATED SHEET,,3PLY,"PARTITION/27""X22""",-,-,KTM-MNSTR,"1,456.00"
PM70100500,,CORRUGATED SHEET,,3PLY,"PARTITION/27""X22""",-,-,KTM-TRNSIT,"1,491.00"
PM70100500,,CORRUGATED SHEET,,3PLY,"PARTITION/27""X22""",-,-,PKNG-WH,"3,665.00"
PM70100500,,CORRUGATED SHEET,,3PLY,"PARTITION/28""X24""",-,-,KTM-MNSTR,"5,328.00"
PM70100500,,CORRUGATED SHEET,,3PLY,"PARTITION/28""X24""",-,-,KTM-TRNSIT,6.00
PM70100500,,CORRUGATED SHEET,,3PLY,"PARTITION/28""X24""",-,-,PKNG-WH,"4,990.00"
PM70100800,,JUTE TWINE,,5PLY,-,-,-,KTM-TRNSIT,0.10
PM70100800,,JUTE TWINE,,5PLY,-,-,-,PKNG-WH,-0.10
PM70101200,,PAPER CONE 5PLY,,-,"5ø57'/TIP DIA 25~26, BOTTOM DIA 67~68, LENGTH 171~172MM, WEI",-/BLACK CHECK BOARD,-,KTM-MNSTR,"26,214.00"
PM70101200,,PAPER CONE 5PLY,,-,"5ø57'/TIP DIA 25~26, BOTTOM DIA 67~68, LENGTH 171~172MM, WEI",-/BLACK CHECK BOARD,-,KTM-TRNSIT,"8,880.00"
PM70101200,,PAPER CONE 5PLY,,-,"5ø57'/TIP DIA 25~26, BOTTOM DIA 67~68, LENGTH 171~172MM, WEI",-/BLACK CHECK BOARD,-,PKNG-WH,"-2,472.00"
PM70101200,,PAPER CONE 5PLY,,-,"5ø57'/TIP DIA 25~26, BOTTOM DIA 67~68, LENGTH 171~172MM, WEI",-/BLACK CHECK BOARD,FOC,KTM-MNSTR,"1,278.00"
PM70101200,,PAPER CONE 5PLY,,-,"5ø57'/TIP DIA 25~26, BOTTOM DIA 67~68, LENGTH 171~172MM, WEI",-/BLACK HORIZON,-,KTM-MNSTR,"20,676.00"
PM70101200,,PAPER CONE 5PLY,,-,"5ø57'/TIP DIA 25~26, BOTTOM DIA 67~68, LENGTH 171~172MM, WEI",-/BLACK HORIZON,-,KTM-TRNSIT,"5,184.00"
PM70101200,,PAPER CONE 5PLY,,-,"5ø57'/TIP DIA 25~26, BOTTOM DIA 67~68, LENGTH 171~172MM, WEI",-/BLACK HORIZON,-,PKNG-WH,"4,534.00"
PM70101200,,PAPER CONE 5PLY,,-,"5ø57'/TIP DIA 25~26, BOTTOM DIA 67~68, LENGTH 171~172MM, WEI",-/BLACK HORIZON,FOC,KTM-MNSTR,783.00
PM70101200,,PAPER CONE 5PLY,,-,"4ø20'/TIP DIA 25~26, BOTTOM DIA 57~58, LENGTH 171~172MM, WEI",-/BLACK SLASH,FOC,KTM-MNSTR,"1,128.00"
PM70101200,,PAPER CONE 5PLY,,-,"5ø57'/TIP DIA 25~26, BOTTOM DIA 67~68, LENGTH 171~172MM, WEI",-/BLACK SLASH,-,KTM-MNSTR,"16,934.00"
PM70101200,,PAPER CONE 5PLY,,-,"5ø57'/TIP DIA 25~26, BOTTOM DIA 67~68, LENGTH 171~172MM, WEI",-/BLACK SLASH,-,KTM-TRNSIT,"12,672.00"
PM70101200,,PAPER CONE 5PLY,,-,"5ø57'/TIP DIA 25~26, BOTTOM DIA 67~68, LENGTH 171~172MM, WEI",-/BLACK SLASH,-,PKNG-WH,"-1,880.00"
PM70101200,,PAPER CONE 5PLY,,-,"5ø57'/TIP DIA 25~26, BOTTOM DIA 67~68, LENGTH 171~172MM, WEI",-/BLACK SLASH,FOC,KTM-MNSTR,286.00
PM70101200,,PAPER CONE 5PLY,,-,"5ø57'/TIP DIA 25~26, BOTTOM DIA 67~68, LENGTH 171~172MM, WEI",-/BLACK STAR,-,KTM-MNSTR,762.00
PM70101200,,PAPER CONE 5PLY,,-,"5ø57'/TIP DIA 25~26, BOTTOM DIA 67~68, LENGTH 171~172MM, WEI",-/BLACK STAR,-,KTM-TRNSIT,"2,592.00"
PM70101200,,PAPER CONE 5PLY,,-,"5ø57'/TIP DIA 25~26, BOTTOM DIA 67~68, LENGTH 171~172MM, WEI",-/BLACK STAR,-,PKNG-WH,-778.00
PM70101200,,PAPER CONE 5PLY,,-,"5ø57'/TIP DIA 25~26, BOTTOM DIA 67~68, LENGTH 171~172MM, WEI",-/BLACK STAR,FOC,KTM-MNSTR,20.00
PM70101200,,PAPER CONE 5PLY,,-,"5ø57'/TIP DIA 25~26, BOTTOM DIA 67~68, LENGTH 171~172MM, WEI",-/BLACK TIP,-,KTM-MNSTR,"34,744.00"
PM70101200,,PAPER CONE 5PLY,,-,"5ø57'/TIP DIA 25~26, BOTTOM DIA 67~68, LENGTH 171~172MM, WEI",-/BLACK TIP,-,KTM-TRNSIT,"4,368.00"
PM70101200,,PAPER CONE 5PLY,,-,"5ø57'/TIP DIA 25~26, BOTTOM DIA 67~68, LENGTH 171~172MM, WEI",-/BLACK TIP,-,PKNG-WH,60.00
PM70101200,,PAPER CONE 5PLY,,-,"5ø57'/TIP DIA 25~26, BOTTOM DIA 67~68, LENGTH 171~172MM, WEI",-/BLACK TIP,FOC,KTM-MNSTR,"1,984.00"
PM70101200,,PAPER CONE 5PLY,,-,"5ø57'/TIP DIA 25~26, BOTTOM DIA 67~68, LENGTH 171~172MM, WEI",-/BLACK TWICE CIRCLE,-,KTM-MNSTR,"16,249.00"
PM70101200,,PAPER CONE 5PLY,,-,"5ø57'/TIP DIA 25~26, BOTTOM DIA 67~68, LENGTH 171~172MM, WEI",-/BLACK TWICE CIRCLE,-,PKNG-WH,"2,856.00"
PM70101200,,PAPER CONE 5PLY,,-,"5ø57'/TIP DIA 25~26, BOTTOM DIA 67~68, LENGTH 171~172MM, WEI",-/BLACK TWICE CIRCLE,FOC,KTM-MNSTR,"1,105.00"
PM70101200,,PAPER CONE 5PLY,,-,"5ø57'/TIP DIA 25~26, BOTTOM DIA 67~68, LENGTH 171~172MM, WEI",-/BLACK VERTICAL,-,PKNG-WH,"-3,600.00"
PM70101200,,PAPER CONE 5PLY,,-,"5ø57'/TIP DIA 25~26, BOTTOM DIA 67~68, LENGTH 171~172MM, WEI",-/BLACKHORIZON,FOC,KTM-MNSTR,384.00
PM70101200,,PAPER CONE 5PLY,,-,"5ø57'/TIP DIA 25~26, BOTTOM DIA 67~68, LENGTH 171~172MM, WEI",-/BLUE HALF MOON,-,KTM-MNSTR,288.00
PM70101200,,PAPER CONE 5PLY,,-,"5ø57'/TIP DIA 25~26, BOTTOM DIA 67~68, LENGTH 171~172MM, WEI",-/BLUE HALF MOON,-,KTM-TRNSIT,"5,296.00"
PM70101200,,PAPER CONE 5PLY,,-,"5ø57'/TIP DIA 25~26, BOTTOM DIA 67~68, LENGTH 171~172MM, WEI",-/BLUE HALF MOON,-,PKNG-WH,"-4,696.00"
PM70101200,,PAPER CONE 5PLY,,-,"5ø57'/TIP DIA 25~26, BOTTOM DIA 67~68, LENGTH 171~172MM, WEI",-/BLUE HALF MOON,FOC,KTM-MNSTR,660.00
PM70101200,,PAPER CONE 5PLY,,-,"5ø57'/TIP DIA 25~26, BOTTOM DIA 67~68, LENGTH 171~172MM, WEI",-/BLUE HALFMOON,-,KTM-MNSTR,"13,073.00"
PM70101200,,PAPER CONE 5PLY,,-,"5ø57'/TIP DIA 25~26, BOTTOM DIA 67~68, LENGTH 171~172MM, WEI",-/BLUE HALFMOON,-,PKNG-WH,"3,154.00"
PM70101200,,PAPER CONE 5PLY,,-,"5ø57'/TIP DIA 25~26, BOTTOM DIA 67~68, LENGTH 171~172MM, WEI",-/BLUE HALFMOON,FOC,KTM-MNSTR,"1,584.00"
PM70101200,,PAPER CONE 5PLY,,-,"5ø57'/TIP DIA 25~26, BOTTOM DIA 67~68, LENGTH 171~172MM, WEI",-/BLUE HORIZON,-,KTM-MNSTR,"10,688.00"
PM70101200,,PAPER CONE 5PLY,,-,"5ø57'/TIP DIA 25~26, BOTTOM DIA 67~68, LENGTH 171~172MM, WEI",-/BLUE HORIZON,-,KTM-TRNSIT,"7,200.00"
PM70101200,,PAPER CONE 5PLY,,-,"5ø57'/TIP DIA 25~26, BOTTOM DIA 67~68, LENGTH 171~172MM, WEI",-/BLUE HORIZON,-,PKNG-WH,"3,511.00"
PM70101200,,PAPER CONE 5PLY,,-,"5ø57'/TIP DIA 25~26, BOTTOM DIA 67~68, LENGTH 171~172MM, WEI",-/BLUE HORIZON,FOC,KTM-MNSTR,969.00
PM70101200,,PAPER CONE 5PLY,,-,"5ø57'/TIP DIA 25~26, BOTTOM DIA 67~68, LENGTH 171~172MM, WEI",-/BLUE HORIZONTAL LINE,-,KTM-TRNSIT,"2,305.00"
PM70101200,,PAPER CONE 5PLY,,-,"5ø57'/TIP DIA 25~26, BOTTOM DIA 67~68, LENGTH 171~172MM, WEI",-/BLUE HORIZONTAL LINE,-,PKNG-WH,"-2,305.00"
PM70101200,,PAPER CONE 5PLY,,-,"5ø57'/TIP DIA 25~26, BOTTOM DIA 67~68, LENGTH 171~172MM, WEI",-/BLUE SLASH,-,KTM-MNSTR,"9,792.00"
PM70101200,,PAPER CONE 5PLY,,-,"5ø57'/TIP DIA 25~26, BOTTOM DIA 67~68, LENGTH 171~172MM, WEI",-/BLUE SLASH,-,KTM-TRNSIT,864.00
PM70101200,,PAPER CONE 5PLY,,-,"5ø57'/TIP DIA 25~26, BOTTOM DIA 67~68, LENGTH 171~172MM, WEI",-/BLUE SLASH,-,PKNG-WH,"1,183.00"
PM70101200,,PAPER CONE 5PLY,,-,"5ø57'/TIP DIA 25~26, BOTTOM DIA 67~68, LENGTH 171~172MM, WEI",-/BLUE SLASH,FOC,KTM-MNSTR,155.00
PM70101200,,PAPER CONE 5PLY,,-,"5ø57'/TIP DIA 25~26, BOTTOM DIA 67~68, LENGTH 171~172MM, WEI",-/BLUE TIP,-,KTM-MNSTR,"2,304.00"
PM70101200,,PAPER CONE 5PLY,,-,"5ø57'/TIP DIA 25~26, BOTTOM DIA 67~68, LENGTH 171~172MM, WEI",-/BLUE TIP,-,KTM-TRNSIT,"8,928.00"
PM70101200,,PAPER CONE 5PLY,,-,"5ø57'/TIP DIA 25~26, BOTTOM DIA 67~68, LENGTH 171~172MM, WEI",-/BLUE TIP,-,PKNG-WH,"-3,456.00"
PM70101200,,PAPER CONE 5PLY,,-,"5ø57'/TIP DIA 25~26, BOTTOM DIA 67~68, LENGTH 171~172MM, WEI",-/BLUE TIP,FOC,KTM-MNSTR,1.00
PM70101200,,PAPER CONE 5PLY,,-,"5ø57'/TIP DIA 25~26, BOTTOM DIA 67~68, LENGTH 171~172MM, WEI",-/GREEN,-,KTM-MNSTR,"21,824.00"
PM70101200,,PAPER CONE 5PLY,,-,"5ø57'/TIP DIA 25~26, BOTTOM DIA 67~68, LENGTH 171~172MM, WEI",-/GREEN,-,PKNG-WH,477.00
PM70101200,,PAPER CONE 5PLY,,-,"5ø57'/TIP DIA 25~26, BOTTOM DIA 67~68, LENGTH 171~172MM, WEI",-/GREEN,FOC,KTM-MNSTR,"1,972.00"
PM70101200,,PAPER CONE 5PLY,,-,"5ø57'/TIP DIA 25~26, BOTTOM DIA 67~68, LENGTH 171~172MM, WEI",-/GREEN HORIZON,-,KTM-MNSTR,"23,907.00"
PM70101200,,PAPER CONE 5PLY,,-,"5ø57'/TIP DIA 25~26, BOTTOM DIA 67~68, LENGTH 171~172MM, WEI",-/GREEN HORIZON,-,KTM-TRNSIT,"1,440.00"
PM70101200,,PAPER CONE 5PLY,,-,"5ø57'/TIP DIA 25~26, BOTTOM DIA 67~68, LENGTH 171~172MM, WEI",-/GREEN HORIZON,FOC,KTM-MNSTR,926.00
PM70101200,,PAPER CONE 5PLY,,-,"5ø57'/TIP DIA 25~26, BOTTOM DIA 67~68, LENGTH 171~172MM, WEI",-/GREEN SLASH,-,KTM-MNSTR,852.00
PM70101200,,PAPER CONE 5PLY,,-,"5ø57'/TIP DIA 25~26, BOTTOM DIA 67~68, LENGTH 171~172MM, WEI",-/GREEN SLASH,-,KTM-TRNSIT,"6,912.00"
PM70101200,,PAPER CONE 5PLY,,-,"5ø57'/TIP DIA 25~26, BOTTOM DIA 67~68, LENGTH 171~172MM, WEI",-/GREEN SLASH,-,PKNG-WH,"-1,648.00"
PM70101200,,PAPER CONE 5PLY,,-,"5ø57'/TIP DIA 25~26, BOTTOM DIA 67~68, LENGTH 171~172MM, WEI",-/GREEN STAR,-,KTM-MNSTR,"29,056.00"
PM70101200,,PAPER CONE 5PLY,,-,"5ø57'/TIP DIA 25~26, BOTTOM DIA 67~68, LENGTH 171~172MM, WEI",-/GREEN STAR,-,KTM-TRNSIT,"1,152.00"
PM70101200,,PAPER CONE 5PLY,,-,"5ø57'/TIP DIA 25~26, BOTTOM DIA 67~68, LENGTH 171~172MM, WEI",-/GREEN STAR,-,PKNG-WH,"23,348.00"
PM70101200,,PAPER CONE 5PLY,,-,"5ø57'/TIP DIA 25~26, BOTTOM DIA 67~68, LENGTH 171~172MM, WEI",-/GREEN STAR,FOC,KTM-MNSTR,"2,070.00"
PM70101200,,PAPER CONE 5PLY,,-,"5ø57'/TIP DIA 25~26, BOTTOM DIA 67~68, LENGTH 171~172MM, WEI",-/GREEN TIP,-,KTM-TRNSIT,"8,352.00"
PM70101200,,PAPER CONE 5PLY,,-,"5ø57'/TIP DIA 25~26, BOTTOM DIA 67~68, LENGTH 171~172MM, WEI",-/GREEN TIP,-,PKNG-WH,80.00
PM70101200,,PAPER CONE 5PLY,,-,"5ø57'/TIP DIA 25~26, BOTTOM DIA 67~68, LENGTH 171~172MM, WEI",-/GREEN VERTICAL,-,PKNG-WH,"-3,000.00"
PM70101200,,PAPER CONE 5PLY,,-,"5ø57'/TIP DIA 25~26, BOTTOM DIA 67~68, LENGTH 171~172MM, WEI",-/GREENHORIZON,-,KTM-MNSTR,"8,352.00"
PM70101200,,PAPER CONE 5PLY,,-,"5ø57'/TIP DIA 25~26, BOTTOM DIA 67~68, LENGTH 171~172MM, WEI",-/GREENHORIZON,-,PKNG-WH,"6,048.00"
PM70101200,,PAPER CONE 5PLY,,-,"5ø57'/TIP DIA 25~26, BOTTOM DIA 67~68, LENGTH 171~172MM, WEI",-/KHAKI,-,KTM-MNSTR,"60,158.00"
PM70101200,,PAPER CONE 5PLY,,-,"5ø57'/TIP DIA 25~26, BOTTOM DIA 67~68, LENGTH 171~172MM, WEI",-/KHAKI,-,KTM-TRNSIT,"3,168.00"
PM70101200,,PAPER CONE 5PLY,,-,"5ø57'/TIP DIA 25~26, BOTTOM DIA 67~68, LENGTH 171~172MM, WEI",-/KHAKI,-,PKNG-WH,946.00
PM70101200,,PAPER CONE 5PLY,,-,"5ø57'/TIP DIA 25~26, BOTTOM DIA 67~68, LENGTH 171~172MM, WEI",-/KHAKI,FOC,KTM-MNSTR,"1,224.00"
PM70101200,,PAPER CONE 5PLY,,-,"5ø57'/TIP DIA 25~26, BOTTOM DIA 67~68, LENGTH 171~172MM, WEI",-/PINK TIP,-,KTM-TRNSIT,864.00
PM70101200,,PAPER CONE 5PLY,,-,"5ø57'/TIP DIA 25~26, BOTTOM DIA 67~68, LENGTH 171~172MM, WEI",-/RED,-,PKNG-WH,392.00
PM70101200,,PAPER CONE 5PLY,,-,"5ø57'/TIP DIA 25~26, BOTTOM DIA 67~68, LENGTH 171~172MM, WEI",-/RED HORIZON,-,KTM-MNSTR,"20,820.00"
PM70101200,,PAPER CONE 5PLY,,-,"5ø57'/TIP DIA 25~26, BOTTOM DIA 67~68, LENGTH 171~172MM, WEI",-/RED HORIZON,-,KTM-TRNSIT,"3,744.00"
PM70101200,,PAPER CONE 5PLY,,-,"5ø57'/TIP DIA 25~26, BOTTOM DIA 67~68, LENGTH 171~172MM, WEI",-/RED HORIZON,-,PKNG-WH,709.00
PM70101200,,PAPER CONE 5PLY,,-,"5ø57'/TIP DIA 25~26, BOTTOM DIA 67~68, LENGTH 171~172MM, WEI",-/RED HORIZON,FOC,KTM-MNSTR,"1,019.00"
PM70101200,,PAPER CONE 5PLY,,-,"5ø57'/TIP DIA 25~26, BOTTOM DIA 67~68, LENGTH 171~172MM, WEI",-/RED SLASH,-,KTM-MNSTR,"44,360.00"
PM70101200,,PAPER CONE 5PLY,,-,"5ø57'/TIP DIA 25~26, BOTTOM DIA 67~68, LENGTH 171~172MM, WEI",-/RED SLASH,-,KTM-TRNSIT,"10,080.00"
PM70101200,,PAPER CONE 5PLY,,-,"5ø57'/TIP DIA 25~26, BOTTOM DIA 67~68, LENGTH 171~172MM, WEI",-/RED SLASH,-,PKNG-WH,"5,512.00"
PM70101200,,PAPER CONE 5PLY,,-,"5ø57'/TIP DIA 25~26, BOTTOM DIA 67~68, LENGTH 171~172MM, WEI",-/RED SLASH,FOC,KTM-MNSTR,"1,635.00"
PM70101200,,PAPER CONE 5PLY,,-,"5ø57'/TIP DIA 25~26, BOTTOM DIA 67~68, LENGTH 171~172MM, WEI",-/RED STAR,-,KTM-MNSTR,"37,331.00"
PM70101200,,PAPER CONE 5PLY,,-,"5ø57'/TIP DIA 25~26, BOTTOM DIA 67~68, LENGTH 171~172MM, WEI",-/RED STAR,-,KTM-TRNSIT,"7,776.00"
PM70101200,,PAPER CONE 5PLY,,-,"5ø57'/TIP DIA 25~26, BOTTOM DIA 67~68, LENGTH 171~172MM, WEI",-/RED STAR,-,PKNG-WH,"-12,890.00"
PM70101200,,PAPER CONE 5PLY,,-,"5ø57'/TIP DIA 25~26, BOTTOM DIA 67~68, LENGTH 171~172MM, WEI",-/RED STAR,-,PWRH-WH,278.00
PM70101200,,PAPER CONE 5PLY,,-,"5ø57'/TIP DIA 25~26, BOTTOM DIA 67~68, LENGTH 171~172MM, WEI",-/RED STAR,FOC,KTM-MNSTR,"2,053.00"
PM70101200,,PAPER CONE 5PLY,,-,"5ø57'/TIP DIA 25~26, BOTTOM DIA 67~68, LENGTH 171~172MM, WEI",-/RED VERTICAL,-,PKNG-WH,"-2,100.00"
PM70101200,,PAPER CONE 5PLY,,-,"5ø57'/TIP DIA 25~26, BOTTOM DIA 67~68, LENGTH 171~172MM, WEI",-/REDHORIZON,-,PKNG-WH,60.00
PM70101200,,PAPER CONE 5PLY,,-,"5ø57'/TIP DIA 25~26, BOTTOM DIA 67~68, LENGTH 171~172MM, WEI",-/REDSTAR,-,KTM-MNSTR,"25,056.00"
PM70101200,,PAPER CONE 5PLY,,-,"5ø57'/TIP DIA 25~26, BOTTOM DIA 67~68, LENGTH 171~172MM, WEI",-/VIOLET,-,PKNG-WH,792.00
PM70101200,,PAPER CONE 5PLY,,-,"5ø57'/TIP DIA 25~26, BOTTOM DIA 67~68, LENGTH 171~172MM, WEI",-/WHITE TIP,-,KTM-MNSTR,"96,544.00"
PM70101200,,PAPER CONE 5PLY,,-,"5ø57'/TIP DIA 25~26, BOTTOM DIA 67~68, LENGTH 171~172MM, WEI",-/WHITE TIP,-,KTM-TRNSIT,"9,792.00"
PM70101200,,PAPER CONE 5PLY,,-,"5ø57'/TIP DIA 25~26, BOTTOM DIA 67~68, LENGTH 171~172MM, WEI",-/WHITE TIP,-,PKNG-WH,"-4,696.00"
PM70101200,,PAPER CONE 5PLY,,-,"5ø57'/TIP DIA 25~26, BOTTOM DIA 67~68, LENGTH 171~172MM, WEI",-/WHITE TIP,FOC,KTM-MNSTR,"1,657.00"
PM70101200,,PAPER CONE 5PLY,,-,"5ø57'/TIP DIA 25~26, BOTTOM DIA 67~68, LENGTH 171~172MM, WEI",-/YELLOW,-,KTM-MNSTR,"15,942.00"
PM70101200,,PAPER CONE 5PLY,,-,"5ø57'/TIP DIA 25~26, BOTTOM DIA 67~68, LENGTH 171~172MM, WEI",-/YELLOW,-,PKNG-WH,"6,020.00"
PM70101200,,PAPER CONE 5PLY,,-,"5ø57'/TIP DIA 25~26, BOTTOM DIA 67~68, LENGTH 171~172MM, WEI",-/YELLOW,FOC,KTM-MNSTR,"1,600.00"
PM70101200,,PAPER CONE 5PLY,,-,"5ø57'/TIP DIA 25~26, BOTTOM DIA 67~68, LENGTH 171~172MM, WEI",-/YELLOW TIP,-,KTM-MNSTR,"14,113.00"
PM70101200,,PAPER CONE 5PLY,,-,"5ø57'/TIP DIA 25~26, BOTTOM DIA 67~68, LENGTH 171~172MM, WEI",-/YELLOW TIP,-,KTM-TRNSIT,"2,584.00"
PM70101200,,PAPER CONE 5PLY,,-,"5ø57'/TIP DIA 25~26, BOTTOM DIA 67~68, LENGTH 171~172MM, WEI",-/YELLOW TIP,-,PKNG-WH,-34.00
PM70101200,,PAPER CONE 5PLY,,-,"5ø57'/TIP DIA 25~26, BOTTOM DIA 67~68, LENGTH 171~172MM, WEI",BLACK DOUBLE LINE,-,KTM-MNSTR,"18,874.00"
PM70101200,,PAPER CONE 5PLY,,-,"5ø57'/TIP DIA 25~26, BOTTOM DIA 67~68, LENGTH 171~172MM, WEI",BLACK DOUBLE LINE,-,PKNG-WH,534.00
PM70101200,,PAPER CONE 5PLY,,-,"5ø57'/TIP DIA 25~26, BOTTOM DIA 67~68, LENGTH 171~172MM, WEI",BLACK DOUBLE LINE,FOC,KTM-MNSTR,"1,484.00"
PM70101200,,PAPER CONE 5PLY,,-,"5ø57'/TIP DIA 25~26, BOT DIA 67~68, L 171~172MM, WT 58~63GRM",BLUE MUSIC VESPA COLOR,-,KTM-MNSTR,"15,552.00"
PM70101200,,PAPER CONE 5PLY,,-,"5ø57'/TIP DIA 25~26, BOT DIA 67~68, L 171~172MM, WT 58~63GRM",BLUE MUSIC VESPA COLOR,-,KTM-TRNSIT,"1,300.00"
PM70101200,,PAPER CONE 5PLY,,-,"5ø57'/TIP DIA 25~26, BOT DIA 67~68, L 171~172MM, WT 58~63GRM",BLUE MUSIC VESPA COLOR,-,PKNG-WH,788.00
PM70101200,,PAPER CONE 5PLY,,-,"5ø57'/TIP DIA 25~26, BOT DIA 67~68, L 171~172MM, WT 58~63GRM",BLUE MUSIC VESPA COLOR,FOC,KTM-MNSTR,804.00
PM70101200,,PAPER CONE 5PLY,,-,"5ø57'/TIP DIA 25~26, BOT DIA 67~68, L 171~172MM, WT 58~63GRM",PURPLE STAR,-,KTM-MNSTR,"12,960.00"
PM70101200,,PAPER CONE 5PLY,,-,"5ø57'/TIP DIA 25~26, BOT DIA 67~68, L 171~172MM, WT 58~63GRM",PURPLE STAR,-,PKNG-WH,"6,272.00"
PM70101200,,PAPER CONE 5PLY,,-,"5ø57'/TIP DIA 25~26, BOT DIA 67~68, L 171~172MM, WT 58~63GRM",PURPLE STAR,FOC,KTM-MNSTR,728.00
PM70101200,,PAPER CONE 5PLY,,-,"5ø57'/TIP DIA 25~26, BOT DIA 67~68, L 171~172MM, WT 58~63GRM",RED DOUBLE LINE,-,KTM-MNSTR,"5,760.00"
PM70101200,,PAPER CONE 5PLY,,-,"5ø57'/TIP DIA 25~26, BOT DIA 67~68, L 171~172MM, WT 58~63GRM",RED DOUBLE LINE,FOC,KTM-MNSTR,240.00
PM70101400,,STICKER,,-,GLOSSY PRINTABLE/A4,-,-,KTM-MNSTR,"11,500.00"
PM70101500,,STOPPER,,-,WASHER CUP TYPE/DIA 68MM,-,FOC,KTM-TRNSIT,10.00
PM70101500,,STOPPER,,-,WASHER CUP TYPE/DIA 68MM,-,FOC,PKNG-WH,-10.00
PM70101500,,STOPPER,,DIA 68MM,WASHER CUP TYPE/DIA 68MM,-,-,KTM-TRNSIT,490.00
PM70101500,,STOPPER,,DIA 68MM,WASHER CUP TYPE/DIA 68MM,-,-,PKNG-WH,-489.92
PM70101600,,TAPE,,PVC,45 MICRON/72MM X 72 YARDS,-/TRANSPARENT,-/-/SKBCO,KTM-MNSTR,414.00
PM70101600,,TAPE,,PVC,45 MICRON/72MM X 72 YARDS,-/TRANSPARENT,-/-/SKBCO,PKNG-WH,-21.00
PM70101630,,STRING,,PLASTIC,PACKING ROLL TAPE(ROPE),GREY,-/-/-,KTM-MNSTR,200.00
PM70101630,,STRING,,PLASTIC,PACKING ROLL TAPE(ROPE),GREY,-/-/-,PKNG-WH,91.13
PM70101700,,WAX ROLL,,-,-/38X32X12.7MM,-,JOHNSON/-/-,KTM-MNSTR,30.00
PM70101700,,WAX ROLL,,-,-/45X38X16MM,-,JOHNSON/-/-,KTM-MNSTR,150.00
PM70101800,,INK PRINTING,,-,-,-/YELLOW,SIHAN/CHINA/-,KTM-MNSTR,6.00
PM70101800,,INK PRINTING,,-,-,3102/RED,SIHAN/CHINA/-,KTM-MNSTR,6.00
PM70101800,,INK PRINTING,,-,-,3311/BLUE,SIHAN/CHINA/-,KTM-MNSTR,6.00
PM70101800,,INK PRINTING,,-,-,3502/BLACK,SIHAN/CHINA/-,KTM-MNSTR,6.00
PM70101800,,INK PRINTING,,-,-,3611/GREEN,SIHAN/CHINA/-,KTM-MNSTR,6.00
PM70101900,,PAPER CONE 4PLY,,-,"5ø57'/TIP DIA 25~26, BOTTOM DIA 67~68, LENGTH 171~172MM, WEI",-/BLUE TIP,-,PKNG-WH,"-4,200.00"
PM70101900,,PAPER CONE 4PLY,,-,"5ø57'/TIP DIA 25~26, BOTTOM DIA 67~68, LENGTH 171~172MM, WEI",-/GREEN TIP,-,KTM-MNSTR,"80,320.00"
PM70101900,,PAPER CONE 4PLY,,-,"5ø57'/TIP DIA 25~26, BOTTOM DIA 67~68, LENGTH 171~172MM, WEI","-/GREY ""YELLOW TIP""",-,KTM-TRNSIT,"2,016.00"
PM70101900,,PAPER CONE 4PLY,,-,"5ø57'/TIP DIA 25~26, BOTTOM DIA 67~68, LENGTH 171~172MM, WEI","-/GREY ""YELLOW TIP""",-,PKNG-WH,"-4,704.00"
PM70101900,,PAPER CONE 4PLY,,-,"5ø57'/TIP DIA 25~26, BOTTOM DIA 67~68, LENGTH 171~172MM, WEI","-/GREY ""YELLOW TIP""",FOC,PKNG-WH,"-1,512.00"
PM70101900,,PAPER CONE 4PLY,,-,"5ø57'/TIP DIA 25~26, BOTTOM DIA 67~68, LENGTH 171~172MM, WEI",-/KHAKI/GREY,-,KTM-MNSTR,-552.00
PM70101900,,PAPER CONE 4PLY,,-,"5ø57'/TIP DIA 25~26, BOTTOM DIA 67~68, LENGTH 171~172MM, WEI",-/KHAKI/GREY,-,PKNG-WH,"-6,300.00"
PM70101900,,PAPER CONE 4PLY,,-,"5ø57'/TIP DIA 25~26, BOTTOM DIA 67~68, LENGTH 171~172MM, WEI",-/KHAKI/GREY,FOC,KTM-MNSTR,-552.00
PM70101900,,PAPER CONE 4PLY,,-,"5ø57'/TIP DIA 25~26, BOTTOM DIA 67~68, LENGTH 171~172MM, WEI",-/PINK TIP,-,PKNG-WH,"-3,000.00"
PM70101900,,PAPER CONE 4PLY,,-,"5ø57'/TIP DIA 25~26, BOTTOM DIA 67~68, LENGTH 171~172MM, WEI",-/PINK TIP,FOC,KTM-MNSTR,-504.00
PM70102200,,STRETCH FILM,,-,-/30 MICRONE/-,-,-,KTM-MNSTR,9.50
PM70102300,,PAPER CONE 6PLY,,-,"6ø57'/TIP DIA 25~26, BOTTOM DIA 67~68, LENGTH 171~172MM, WEI",-/BROWN,-,KTM-MNSTR,"23,796.00"
PM70102300,,PAPER CONE 6PLY,,-,"6ø57'/TIP DIA 25~26, BOTTOM DIA 67~68, LENGTH 171~172MM, WEI",-/BROWN,-,KTM-TRNSIT,"4,032.00"
PM70102300,,PAPER CONE 6PLY,,-,"6ø57'/TIP DIA 25~26, BOTTOM DIA 67~68, LENGTH 171~172MM, WEI",-/BROWN,-,PKNG-WH,860.00
PM70102300,,PAPER CONE 6PLY,,-,"6ø57'/TIP DIA 25~26, BOTTOM DIA 67~68, LENGTH 171~172MM, WEI",-/BROWN,FOC,KTM-MNSTR,252.00
PM70102300,,PAPER CONE 6PLY,,-,"6ø57'/TIP DIA 25~26, BOTTOM DIA 67~68, LENGTH 171~172MM, WEI",-/GREEN,-,KTM-MNSTR,"2,592.00"
PM70102300,,PAPER CONE 6PLY,,-,"6ø57'/TIP DIA 25~26, BOTTOM DIA 67~68, LENGTH 171~172MM, WEI",-/GREEN,-,KTM-TRNSIT,"2,952.00"
PM70102300,,PAPER CONE 6PLY,,-,"6ø57'/TIP DIA 25~26, BOTTOM DIA 67~68, LENGTH 171~172MM, WEI",-/GREEN,-,PKNG-WH,-147.00
PM70102300,,PAPER CONE 6PLY,,-,"6ø57'/TIP DIA 25~26, BOTTOM DIA 67~68, LENGTH 171~172MM, WEI",-/GREEN,FOC,KTM-MNSTR,636.00
PM70102300,,PAPER CONE 6PLY,,-,"6ø57'/TIP DIA 25~26, BOTTOM DIA 67~68, LENGTH 171~172MM, WEI",-/KHAKI,-,KTM-MNSTR,578.00
PM70102300,,PAPER CONE 6PLY,,-,"6ø57'/TIP DIA 25~26, BOTTOM DIA 67~68, LENGTH 171~172MM, WEI",-/KHAKI,-,KTM-TRNSIT,"3,168.00"
PM70102300,,PAPER CONE 6PLY,,-,"6ø57'/TIP DIA 25~26, BOTTOM DIA 67~68, LENGTH 171~172MM, WEI",-/KHAKI,-,PKNG-WH,"-1,122.00"
PM70102300,,PAPER CONE 6PLY,,-,"6ø57'/TIP DIA 25~26, BOTTOM DIA 67~68, LENGTH 171~172MM, WEI",-/RED,-,KTM-MNSTR,"23,031.00"
PM70102300,,PAPER CONE 6PLY,,-,"6ø57'/TIP DIA 25~26, BOTTOM DIA 67~68, LENGTH 171~172MM, WEI",-/RED,-,KTM-TRNSIT,"3,572.00"
PM70102300,,PAPER CONE 6PLY,,-,"6ø57'/TIP DIA 25~26, BOTTOM DIA 67~68, LENGTH 171~172MM, WEI",-/RED,-,PKNG-WH,"-2,692.00"
PM70102300,,PAPER CONE 6PLY,,-,"6ø57'/TIP DIA 25~26, BOTTOM DIA 67~68, LENGTH 171~172MM, WEI",-/RED,FOC,KTM-MNSTR,"1,281.00"
PM70102300,,PAPER CONE 6PLY,,-,"6ø57'/TIP DIA 25~26, BOTTOM DIA 67~68, LENGTH 171~172MM, WEI",-/VIOLET,-,KTM-MNSTR,"22,493.00"
PM70102300,,PAPER CONE 6PLY,,-,"6ø57'/TIP DIA 25~26, BOTTOM DIA 67~68, LENGTH 171~172MM, WEI",-/VIOLET,-,KTM-TRNSIT,"1,480.00"
PM70102300,,PAPER CONE 6PLY,,-,"6ø57'/TIP DIA 25~26, BOTTOM DIA 67~68, LENGTH 171~172MM, WEI",-/VIOLET,-,PKNG-WH,"-1,752.00"
PM70102300,,PAPER CONE 6PLY,,-,"6ø57'/TIP DIA 25~26, BOTTOM DIA 67~68, LENGTH 171~172MM, WEI",-/VIOLET,FOC,KTM-MNSTR,"1,123.00"
PM70102300,,PAPER CONE 6PLY,,-,"6ø57'/TIP DIA 25~26, BOTTOM DIA 67~68, LENGTH 171~172MM, WEI",-/WHITE TIP,FOC,KTM-MNSTR,1.00
PM70102300,,PAPER CONE 6PLY,,-,"6ø57'/TIP DIA 25~26, BOTTOM DIA 67~68, LENGTH 171~172MM, WEI",BLACK CHECKER BOARD/-,-,KTM-TRNSIT,"1,488.00"
PM70102300,,PAPER CONE 6PLY,,-,"6ø57'/TIP DIA 25~26, BOTTOM DIA 67~68, LENGTH 171~172MM, WEI",BLACK CHECKER BOARD/-,-,PKNG-WH,"-1,152.00"
PM70102300,,PAPER CONE 6PLY,,-,"6ø57'/TIP DIA 25~26, BOTTOM DIA 67~68, LENGTH 171~172MM, WEI",BLACK DOUBLE LINE/-,-,KTM-MNSTR,"48,124.00"
PM70102300,,PAPER CONE 6PLY,,-,"6ø57'/TIP DIA 25~26, BOTTOM DIA 67~68, LENGTH 171~172MM, WEI",BLACK DOUBLE LINE/-,-,KTM-TRNSIT,"5,184.00"
PM70102300,,PAPER CONE 6PLY,,-,"6ø57'/TIP DIA 25~26, BOTTOM DIA 67~68, LENGTH 171~172MM, WEI",BLACK DOUBLE LINE/-,-,PKNG-WH,"-1,552.00"
PM70102300,,PAPER CONE 6PLY,,-,"6ø57'/TIP DIA 25~26, BOTTOM DIA 67~68, LENGTH 171~172MM, WEI",BLACK DOUBLE LINE/-,FOC,KTM-MNSTR,"2,264.00"
PM70102300,,PAPER CONE 6PLY,,-,"6ø57'/TIP DIA 25~26, BOTTOM DIA 67~68, LENGTH 171~172MM, WEI",BLACK SLASH,-,KTM-TRNSIT,"3,456.00"
PM70102300,,PAPER CONE 6PLY,,-,"6ø57'/TIP DIA 25~26, BOTTOM DIA 67~68, LENGTH 171~172MM, WEI",BLACK SLASH,-,PKNG-WH,4.00
PM70102300,,PAPER CONE 6PLY,,-,"6ø57'/TIP DIA 25~26, BOTTOM DIA 67~68, LENGTH 171~172MM, WEI",BLACK STAR/-,-,KTM-MNSTR,"15,092.00"
PM70102300,,PAPER CONE 6PLY,,-,"6ø57'/TIP DIA 25~26, BOTTOM DIA 67~68, LENGTH 171~172MM, WEI",BLACK STAR/-,-,PKNG-WH,"8,850.00"
PM70102300,,PAPER CONE 6PLY,,-,"6ø57'/TIP DIA 25~26, BOTTOM DIA 67~68, LENGTH 171~172MM, WEI",BLACK STAR/-,FOC,KTM-MNSTR,"1,660.00"
PM70102300,,PAPER CONE 6PLY,,-,"6ø57'/TIP DIA 25~26, BOTTOM DIA 67~68, LENGTH 171~172MM, WEI",BLACK TIP/-,-,KTM-MNSTR,"7,776.00"
PM70102300,,PAPER CONE 6PLY,,-,"6ø57'/TIP DIA 25~26, BOTTOM DIA 67~68, LENGTH 171~172MM, WEI",BLACK TIP/-,-,PKNG-WH,942.00
PM70102300,,PAPER CONE 6PLY,,-,"6ø57'/TIP DIA 25~26, BOTTOM DIA 67~68, LENGTH 171~172MM, WEI",BLACK TIP/-,FOC,KTM-MNSTR,325.00
PM70102300,,PAPER CONE 6PLY,,-,"6ø57'/TIP DIA 25~26, BOTTOM DIA 67~68, LENGTH 171~172MM, WEI",BLUE DOUBLE LINE/-,-,KTM-MNSTR,"32,204.00"
PM70102300,,PAPER CONE 6PLY,,-,"6ø57'/TIP DIA 25~26, BOTTOM DIA 67~68, LENGTH 171~172MM, WEI",BLUE DOUBLE LINE/-,-,KTM-TRNSIT,"1,152.00"
PM70102300,,PAPER CONE 6PLY,,-,"6ø57'/TIP DIA 25~26, BOTTOM DIA 67~68, LENGTH 171~172MM, WEI",BLUE DOUBLE LINE/-,-,PKNG-WH,"1,258.00"
PM70102300,,PAPER CONE 6PLY,,-,"6ø57'/TIP DIA 25~26, BOTTOM DIA 67~68, LENGTH 171~172MM, WEI",BLUE DOUBLE LINE/-,FOC,KTM-MNSTR,"3,039.00"
PM70102300,,PAPER CONE 6PLY,,-,"6ø57'/TIP DIA 25~26, BOTTOM DIA 67~68, LENGTH 171~172MM, WEI",BLUE MUSIC,-,PKNG-WH,"1,446.00"
PM70102300,,PAPER CONE 6PLY,,-,"6ø57'/TIP DIA 25~26, BOTTOM DIA 67~68, LENGTH 171~172MM, WEI",BLUE MUSIC,FOC,KTM-MNSTR,168.00
PM70102300,,PAPER CONE 6PLY,,-,"6ø57'/TIP DIA 25~26, BOTTOM DIA 67~68, LENGTH 171~172MM, WEI",BLUE TIP,-,KTM-MNSTR,"17,289.00"
PM70102300,,PAPER CONE 6PLY,,-,"6ø57'/TIP DIA 25~26, BOTTOM DIA 67~68, LENGTH 171~172MM, WEI",BLUE TIP,-,PKNG-WH,395.00
PM70102300,,PAPER CONE 6PLY,,-,"6ø57'/TIP DIA 25~26, BOTTOM DIA 67~68, LENGTH 171~172MM, WEI",BLUE TIP,FOC,KTM-MNSTR,977.00
PM70102300,,PAPER CONE 6PLY,,-,"6ø57'/TIP DIA 25~26, BOTTOM DIA 67~68, LENGTH 171~172MM, WEI",GREEN DOUBLE LINE/-,-,KTM-MNSTR,"33,706.00"
PM70102300,,PAPER CONE 6PLY,,-,"6ø57'/TIP DIA 25~26, BOTTOM DIA 67~68, LENGTH 171~172MM, WEI",GREEN DOUBLE LINE/-,-,KTM-TRNSIT,"3,456.00"
PM70102300,,PAPER CONE 6PLY,,-,"6ø57'/TIP DIA 25~26, BOTTOM DIA 67~68, LENGTH 171~172MM, WEI",GREEN DOUBLE LINE/-,-,PKNG-WH,-606.00
PM70102300,,PAPER CONE 6PLY,,-,"6ø57'/TIP DIA 25~26, BOTTOM DIA 67~68, LENGTH 171~172MM, WEI",GREEN DOUBLE LINE/-,FOC,KTM-MNSTR,"2,982.00"
PM70102300,,PAPER CONE 6PLY,,-,"6ø57'/TIP DIA 25~26, BOTTOM DIA 67~68, LENGTH 171~172MM, WEI",GREEN SLASH/-,-,KTM-MNSTR,"57,708.00"
PM70102300,,PAPER CONE 6PLY,,-,"6ø57'/TIP DIA 25~26, BOTTOM DIA 67~68, LENGTH 171~172MM, WEI",GREEN SLASH/-,-,PKNG-WH,"5,626.00"
PM70102300,,PAPER CONE 6PLY,,-,"6ø57'/TIP DIA 25~26, BOTTOM DIA 67~68, LENGTH 171~172MM, WEI",GREEN SLASH/-,FOC,KTM-MNSTR,"2,530.00"
PM70102300,,PAPER CONE 6PLY,,-,"6ø57'/TIP DIA 25~26, BOTTOM DIA 67~68, LENGTH 171~172MM, WEI",GREEN STAR/-,-,PKNG-WH,"1,720.00"
PM70102300,,PAPER CONE 6PLY,,-,"6ø57'/TIP DIA 25~26, BOTTOM DIA 67~68, LENGTH 171~172MM, WEI",GREEN TIP/-,-,KTM-MNSTR,"27,470.00"
PM70102300,,PAPER CONE 6PLY,,-,"6ø57'/TIP DIA 25~26, BOTTOM DIA 67~68, LENGTH 171~172MM, WEI",GREEN TIP/-,-,PKNG-WH,207.00
PM70102300,,PAPER CONE 6PLY,,-,"6ø57'/TIP DIA 25~26, BOTTOM DIA 67~68, LENGTH 171~172MM, WEI",GREEN TIP/-,FOC,KTM-MNSTR,"1,496.00"
PM70102300,,PAPER CONE 6PLY,,-,"6ø57'/TIP DIA 25~26, BOTTOM DIA 67~68, LENGTH 171~172MM, WEI",PINK ARROW,-,KTM-MNSTR,"36,742.00"
PM70102300,,PAPER CONE 6PLY,,-,"6ø57'/TIP DIA 25~26, BOTTOM DIA 67~68, LENGTH 171~172MM, WEI",PINK ARROW,-,PKNG-WH,"3,711.00"
PM70102300,,PAPER CONE 6PLY,,-,"6ø57'/TIP DIA 25~26, BOTTOM DIA 67~68, LENGTH 171~172MM, WEI",PINK ARROW,FOC,KTM-MNSTR,"2,086.00"
PM70102300,,PAPER CONE 6PLY,,-,"6ø57'/TIP DIA 25~26, BOTTOM DIA 67~68, LENGTH 171~172MM, WEI",RED DOUBLE LINE/-,-,KTM-MNSTR,"19,628.00"
PM70102300,,PAPER CONE 6PLY,,-,"6ø57'/TIP DIA 25~26, BOTTOM DIA 67~68, LENGTH 171~172MM, WEI",RED DOUBLE LINE/-,-,KTM-TRNSIT,"9,505.00"
PM70102300,,PAPER CONE 6PLY,,-,"6ø57'/TIP DIA 25~26, BOTTOM DIA 67~68, LENGTH 171~172MM, WEI",RED DOUBLE LINE/-,-,PKNG-WH,"-2,141.00"
PM70102300,,PAPER CONE 6PLY,,-,"6ø57'/TIP DIA 25~26, BOTTOM DIA 67~68, LENGTH 171~172MM, WEI",RED DOUBLE LINE/-,FOC,KTM-MNSTR,"1,606.00"
PM70102300,,PAPER CONE 6PLY,,-,"6ø57'/TIP DIA 25~26, BOTTOM DIA 67~68, LENGTH 171~172MM, WEI",RED STAR/-,-,PKNG-WH,"3,845.00"
PM70102300,,PAPER CONE 6PLY,,-,"6ø57'/TIP DIA 25~26, BOTTOM DIA 67~68, LENGTH 171~172MM, WEI",TURQUOISE,-,KTM-MNSTR,"15,312.00"
PM70102300,,PAPER CONE 6PLY,,-,"6ø57'/TIP DIA 25~26, BOTTOM DIA 67~68, LENGTH 171~172MM, WEI",TURQUOISE,-,PKNG-WH,"6,130.00"
PM70102300,,PAPER CONE 6PLY,,-,"6ø57'/TIP DIA 25~26, BOTTOM DIA 67~68, LENGTH 171~172MM, WEI",TURQUOISE,FOC,KTM-MNSTR,"1,668.00"
PS72000000,,ENVELOP,,-,"-/10""X12""",-/KHAKI,-,KTM-MNSTR,364.00
PS72000000,,ENVELOP,,-,"PRINTED/15""X12""",-/KHAKI,-,KTM-MNSTR,544.00
PS72000000,,ENVELOP,,-,"-/4""X9""",-/WHITE,-,KTM-HO,112.00
PS72000000,,ENVELOP,,-,"PRINTED/4""X9""",-/WHITE,-,KTM-MNSTR,195.00
PS72000100,,PAPER,,-,-/A-4 80GRAM / M2 210X297MM,-,-,KTM-MNSTR,8.00
PS72000120,,PAPER,,-,A-4/80GRAM M2 210X297MM,-/BLACK,-,KTM-MNSTR,2.00
PS72000150,,PAPER REAM,,-,-/A-4 70GRAM M2 210X297MM,-,-,KTM-MNSTR,9.00
PS72000300,,PRINTED PAD,,-, AUTO CONE MECHANICAL REPORT/-,-,-,KTM-MNSTR,2.00
PS72000300,,PRINTED PAD,,-,-/-/OUTWARD GATE PASS FOR YARN,-,-,KTM-MNSTR,12.00
PS72000300,,PRINTED PAD,,-,APPLICATION FORM FOR RECRUITMENT/-,-,-,KTM-MNSTR,5.00
PS72000300,,PRINTED PAD,,-,APPLICATION LEAVE FORM (STAFF)/-,-,-,KTM-MNSTR,21.00
PS72000300,,PRINTED PAD,,-,AUTO CONE REWIND REPORT /-,-,-,KTM-MNSTR,8.00
PS72000300,,PRINTED PAD,,-,BACK PROCESS INSTRUCTION/-,-,-,KTM-MNSTR,6.00
PS72000300,,PRINTED PAD,,-,BLEND INSTRUCTION NOTE BOOK{MIXING}/-,-,-,KTM-MNSTR,15.00
PS72000300,,PRINTED PAD,,-,BLOW ROOM CV% REPORT/-,-,-,KTM-MNSTR,6.00
PS72000300,,PRINTED PAD,,-,CARD PROGRESS REPORT {GENERAL}/-,-,-,KTM-MNSTR,11.00
PS72000300,,PRINTED PAD,,-,CARD WASTE REPORT/-,-,-,KTM-MNSTR,5.00
PS72000300,,PRINTED PAD,,-,CHART CARD U%/-,-,-,KTM-MNSTR,1.00
PS72000300,,PRINTED PAD,,-,DAILY ATTENDANCE REPORT WORKER/-,-,-,KTM-MNSTR,2.00
PS72000300,,PRINTED PAD,,-,DAILY PRODUCTION REPORT/-,-,-,KTM-MNSTR,48.00
PS72000300,,PRINTED PAD,,-,DAILY RING STOPPAGE REPORT/-,-,-,KTM-MNSTR,7.00
PS72000300,,PRINTED PAD,,-,FOR RAW MATERIAL ISSUE NOTE/A4,-,-,KTM-MNSTR,3.00
PS72000300,,PRINTED PAD,,-,"GAS ENGINE HOURLY DATA REPORT/17""X11""",-,-,KTM-MNSTR,2.00
PS72000300,,PRINTED PAD,,-,GATE PASS SCRAP/-,-,-,KTM-MNSTR,10.00
PS72000300,,PRINTED PAD,,-,GENERAL STOPPAGE REPORT/-,-,-,KTM-MNSTR,7.00
PS72000300,,PRINTED PAD,,-,JOB ORDER MANUFACTRUING/-,-,-,KTM-MNSTR,9.00
PS72000300,,PRINTED PAD,,-,OVER TIME SLIP/-,-,-,KTM-MNSTR,35.00
PS72000300,,PRINTED PAD,,-,OVER TIME SUPPLIMENTARY BILL/-,-,-,KTM-MNSTR,40.00
PS72000300,,PRINTED PAD,,-,PACKING BAGS WEIGHT REPORT/-,-,-,KTM-MNSTR,3.00
PS72000300,,PRINTED PAD,,-,PIPE FITTING PROGRESS REPORT/-,-,-,KTM-MNSTR,1.00
PS72000300,,PRINTED PAD,,-,PROGRESS REPORT WORKSHOP/-,-,-,KTM-MNSTR,20.00
PS72000300,,PRINTED PAD,,-,PURCHASE INDENT /A-5,-,-,KTM-MNSTR,10.00
PS72000300,,PRINTED PAD,,-,RETURNABLE GATE PASS /A-5,-,-,KTM-MNSTR,5.00
PS72000300,,PRINTED PAD,,-,RING CHANGE INSTRUCTION/-,-,-,KTM-MNSTR,9.00
PS72000300,,PRINTED PAD,,-,RING DOUBLING PROGRESS REPORT {GENERAL}/-,-,-,KTM-MNSTR,14.00
PS72000300,,PRINTED PAD,,-,RING SPINDLE SPEED REPORT/-,-,-,KTM-MNSTR,15.00
PS72000300,,PRINTED PAD,,-,ROLLER COVER PROGRESS REPORT {GENERAL}/-,-,-,KTM-MNSTR,1.00
PS72000300,,PRINTED PAD,,-,SCRAP RECEIPT NOTE /-,-,-,KTM-MNSTR,1.00
PS72000300,,PRINTED PAD,,-,SHEET TRIPS VEHICLE/-,-,-,KTM-MNSTR,59.00
PS72000300,,PRINTED PAD,,-,SIMPLEX CHANGE INSTRUCTION /-,-,-,KTM-MNSTR,15.00
PS72000300,,PRINTED PAD,,-,SIMPLEX WRAPPING REPORT/-,-,-,KTM-MNSTR,4.00
PS72000300,,PRINTED PAD,,-,SLIP RETURN/-,-,-,KTM-MNSTR,4.00
PS72000300,,PRINTED PAD,,-,STORE REJECTION NOTE/-,-,-,KTM-MNSTR,4.00
PS72000300,,PRINTED PAD,,-,STRENGTH REPORT RING/-,-,-,KTM-MNSTR,3.00
PS72000300,,PRINTED PAD,,-,"SUZUKI,RIKSHA CHARGES/-",-,-,KTM-MNSTR,34.00
PS72000300,,PRINTED PAD,,-,"AUTO CONE CHANGE INSTRUCTION (BILL BINDING)/10""X4.7""",-/WHITE & GREEN,-,KTM-MNSTR,5.00
PS72000300,,PRINTED PAD,,PRINTINGS,-/A4/OUTWARD GATE PASS,-,-,KTM-MNSTR,5.00
PS72000300,,PRINTED PAD,,PRINTINGS,-/A4/STORE REQUISITION NOTE,-,-,KTM-MNSTR,3.00
PS72000300,,PRINTED PAD,,PRINTINGS,LABOUR UNION,-,-,KTM-MNSTR,1.00
PS72000300,,PRINTED PAD,,PRINTINGS,WORKERS UNION,-,-,KTM-MNSTR,1.00
PS72000400,,PRINTED REGISTER,,-,AUTO CONE WRAPPING REPORT/-,-,-,KTM-MNSTR,1.00
PS72000400,,PRINTED REGISTER,,-,AUTO CONE WRAPPING REPORT/-,-,-,KTM-TRNSIT,2.00
PS72000400,,PRINTED REGISTER,,-,CARD WRAPPING REPORT/-,-,-,KTM-MNSTR,5.00
PS72000400,,PRINTED REGISTER,,-,"DAILY GENERATION BOOK/8.5""X13""",-,-,KTM-MNSTR,20.00
PS72000400,,PRINTED REGISTER,,-,DAILY GOODS RECEIVE/-,-,-,KTM-MNSTR,3.00
PS72000400,,PRINTED REGISTER,,-,ELECTRIC PROGRESS REPORT (SHIFT)/A-4,-,-,KTM-MNSTR,8.00
PS72000400,,PRINTED REGISTER,,-,"FINE/8.5""X13"" (100 PAGES)",-,-,KTM-MNSTR,1.00
PS72000400,,PRINTED REGISTER,,-,FINISHER WRAPPING REPORT/-,-,-,KTM-MNSTR,20.00
PS72000400,,PRINTED REGISTER,,-,HUMIDITY READING /A-4,-,-,KTM-MNSTR,17.00
PS72000400,,PRINTED REGISTER,,-,LEAVE FOR WORKERS/250 LEAVES,-,-,KTM-MNSTR,5.00
PS72000400,,PRINTED REGISTER,,-,"LOG BOOK OFJGS PLANT/18""X12""",-,-,KTM-MNSTR,7.00
PS72000400,,PRINTED REGISTER,,-,"PACKING BAG WEIGHT/8.5""X13""",-,-,KTM-MNSTR,5.00
PS72000400,,PRINTED REGISTER,,-,"PAPER CONE CHECK LIST/8""X11«""",-,-,KTM-MNSTR,5.00
PS72000400,,PRINTED REGISTER,,-,"PARTS REPLACEMENT AUTO CONE/8.5""X13""",-,-,KTM-MNSTR,13.00
PS72000400,,PRINTED REGISTER,,-,PARTS REPLACEMENT BLOW ROOM/-,-,-,KTM-MNSTR,1.00
PS72000400,,PRINTED REGISTER,,-,PARTS REPLACEMENT DRAWING/-,-,-,KTM-MNSTR,2.00
PS72000400,,PRINTED REGISTER,,-,PARTS REPLACEMENT RING #IV/-,-,-,KTM-MNSTR,6.00
PS72000400,,PRINTED REGISTER,,-,PARTS REPLACEMENT SIMPLEX/-,-,-,KTM-MNSTR,1.00
PS72000400,,PRINTED REGISTER,,-,"PROGRESS AUTO CONE 2 PRODUCTION (SHIFT)/8.5""X13""",-,-,KTM-MNSTR,3.00
PS72000400,,PRINTED REGISTER,,-,"PROGRESS DRAWING (GENERAL)/8.5""X13""",-,-,KTM-MNSTR,8.00
PS72000400,,PRINTED REGISTER,,-,"PROGRESS REPORT AIR CONDITION (GENERAL)/8""X11«""",-,-,KTM-MNSTR,20.00
PS72000400,,PRINTED REGISTER,,-,PROGRESS REPORT AUTOCONE TWISTING/-,-,-,KTM-MNSTR,9.00
PS72000400,,PRINTED REGISTER,,-,"PROGRESS REPORT SIMPLEX (GENERAL)/8""X11«""",-,-,KTM-MNSTR,12.00
PS72000400,,PRINTED REGISTER,,-,"PROGRESS RING 1 PRODUCTION (SHIFT)/8.5""X13""",-,-,KTM-MNSTR,10.00
PS72000400,,PRINTED REGISTER,,-,"PROGRESS RING 2 PRODUCTION (SHIFT)/8.5""X13""",-,-,KTM-MNSTR,11.00
PS72000400,,PRINTED REGISTER,,-,"PROGRESS RING DOUBLING PRODUCTION (SHIFT)/8.5""X13""",-,-,KTM-MNSTR,1.00
PS72000400,,PRINTED REGISTER,,-,"R.H HUMIDITY READING/10""X13""",-,-,KTM-MNSTR,4.00
PS72000400,,PRINTED REGISTER,,-,REGISTER AIR CONDITION BREAK DOWN/-,-,-,KTM-MNSTR,19.00
PS72000400,,PRINTED REGISTER,,-,REGISTER CONE WEIGHT /-,-,-,KTM-MNSTR,6.00
PS72000400,,PRINTED REGISTER,,-,REGISTER DAILY AUTO CONE MMM DATA REPORT/-,-,-,KTM-MNSTR,7.00
PS72000400,,PRINTED REGISTER,,-,REGISTER GATE IN\OUT STAFF/-,-,-,KTM-MNSTR,2.00
PS72000400,,PRINTED REGISTER,,-,REGISTER MAIL DESPATCH/-,-,-,KTM-MNSTR,1.00
PS72000400,,PRINTED REGISTER,,-,REGISTER MUSTER ROLL/-,-,-,KTM-MNSTR,3.00
PS72000400,,PRINTED REGISTER,,-,REGISTER OF ADULT WORKER FOR THE YEAR/-,-,-,KTM-MNSTR,3.00
PS72000400,,PRINTED REGISTER,,-,REGISTER PROGRESS AUTO CONE # 1 {GENERAL }/-,-,-,KTM-MNSTR,9.00
PS72000400,,PRINTED REGISTER,,-,REGISTER PROGRESS AUTO CONE # 1 PRODUCTION {SHIFT}/-,-,-,KTM-MNSTR,9.00
PS72000400,,PRINTED REGISTER,,-,REGISTER PROGRESS AUTO CONE # 1/-,-,-,KTM-MNSTR,-8.00
PS72000400,,PRINTED REGISTER,,-,REGISTER PROGRESS AUTO CONE # 2 {GENERAL }/-,-,-,KTM-MNSTR,9.00
PS72000400,,PRINTED REGISTER,,-,REGISTER PROGRESS BLOW ROOM {GENERAL}/-,-,-,KTM-MNSTR,2.00
PS72000400,,PRINTED REGISTER,,-,REGISTER PROGRESS BLOW ROOM {SHIFT]/-,-,-,KTM-MNSTR,6.00
PS72000400,,PRINTED REGISTER,,-,REGISTER PROGRESS CARD {SHIFT}/-,-,-,KTM-MNSTR,7.00
PS72000400,,PRINTED REGISTER,,-,REGISTER PROGRESS DRAWING SIMPLEX {SHIFT}/-,-,-,KTM-MNSTR,8.00
PS72000400,,PRINTED REGISTER,,-,REGISTER PROGRESS ELECTRIC {GENERAL}/-,-,-,KTM-MNSTR,2.00
PS72000400,,PRINTED REGISTER,,-,REGISTER PROGRESS REPORT RING # 1/-,-,-,KTM-MNSTR,4.00
PS72000400,,PRINTED REGISTER,,-,REGISTER PROGRESS RING # 2 {GENERAL}/-,-,-,KTM-MNSTR,12.00
PS72000400,,PRINTED REGISTER,,-,REGISTER PROGRESS RING # 3 {GENERAL}/-,-,-,KTM-MNSTR,3.00
PS72000400,,PRINTED REGISTER,,-,REGISTER PROGRESS RING # 3 {SHIFT}/-,-,-,KTM-MNSTR,5.00
PS72000400,,PRINTED REGISTER,,-,REGISTER PROGRESS RING # 4 {GENERAL}/-,-,-,KTM-MNSTR,1.00
PS72000400,,PRINTED REGISTER,,-,REGISTER RAW MATERIAL RECIVE PARTY WISE/-,-,-,KTM-MNSTR,1.00
PS72000400,,PRINTED REGISTER,,-,REGISTER RING BREAKAGE REPORT /-,-,-,KTM-MNSTR,1.00
PS72000400,,PRINTED REGISTER,,-,REGISTER RING WRAPING /-,-,-,KTM-MNSTR,37.00
PS72000400,,PRINTED REGISTER,,-,REGISTER UPDATE FOR BLOW ROOM /-,-,-,KTM-MNSTR,2.00
PS72000400,,PRINTED REGISTER,,-,REGISTER WEIGHT AUTO CONE/-,-,-,KTM-MNSTR,3.00
PS72000400,,PRINTED REGISTER,,-,"SCRAP RECEIPT AND ISSUED/8.5""X13"" (400 PAGES)",-,-,KTM-MNSTR,1.00
PS72000400,,PRINTED REGISTER,,-,"SOLAR SYSTEM INVERTER&STRING WISE INSTALLATION DETAIL/21""X16",-,-,KTM-MNSTR,1.00
PS72000400,,PRINTED REGISTER,,-,"STOCK IN-OUT/8.5""X13""",-,-,KTM-MNSTR,2.00
PS72000400,,PRINTED REGISTER,,-,"WAGES SLIP/8.5""X13"" (100 PAGES)",-,-,KTM-MNSTR,1.00
PS72000500,,PRINTER TONER-CARTRIDGE,,-,LASER/12A,-,HP/COMPATIBLE/-,KTM-MNSTR,5.00
PS72000500,,PRINTER TONER-CARTRIDGE,,-,LASER/17A,-,HP/COMPATIBLE/-,KTM-MNSTR,1.00
PS72000500,,PRINTER TONER-CARTRIDGE,,-,LASER/53A,-,-,KTM-MNSTR,7.00
PS72000500,,PRINTER TONER-CARTRIDGE,,-,LASER/79A,-,HP/-/-,KTM-MNSTR,5.00
PS72000500,,PRINTER TONER-CARTRIDGE,,-,LASER/80A,-,HP/COMPATIBLE/-,KTM-MNSTR,4.00
PS72000500,,PRINTER TONER-CARTRIDGE,,-,LASER/85A,-,HP/COMPATIBLE/-,KTM-MNSTR,14.00
PS72000900,,BALL POINT,,-,CRYSTAL PIANO/-,-/BLUE,-,KTM-MNSTR,33.00
PS72000900,,BALL POINT,,-,UNI-BALL SIGNO/0.7,-/BLUE,-,KTM-MNSTR,19.00
PS72000900,,BALL POINT,,-,CRYSTAL PIANO/-,-/RED,-,KTM-MNSTR,7.00
PS72000900,,BALL POINT,,-,UNI-BALL SIGNO/0.7,-/RED,-,KTM-MNSTR,8.00
PS72000900,,BALL POINT,,-,UNI-BALL SIGNO/0.7,NIL/GREEN,-,KTM-MNSTR,10.00
PS72001000,,PEN,,-,UNI PAINT MARKER/-,-/BLACK,UNI BALL/-/-,KTM-MNSTR,2.00
PS72001000,,PEN,,-,UNI PAINT MARKER/-,-/WHITE,UNI BALL/-/-,KTM-MNSTR,2.00
PS72001300,,STAPLER,,-,-/MEDIUM,-,MAX/USA/-,KTM-MNSTR,2.00
PS72001400,,FLUID CORRECTION,,-,PEN/-,-,-,KTM-MNSTR,6.00
PS72001700,,MARKER,,-,PERMANENET/NO.90,-/BLUE,-,KTM-MNSTR,7.00
PS72001700,,MARKER,,-,PERMANENET/NO.90,-/RED,-,KTM-MNSTR,5.00
PS72001800,,PAD WRITING,,-,-/MEDIUM,-,-,KTM-MNSTR,20.00
PS72001900,,PAPER CARBON,,-,-,-,-,KTM-MNSTR,2.00
PS72002000,,PENCIL,,-,-,-,-,KTM-MNSTR,8.00
PS72002100,,PENCIL SHARPNER,,-,-,-,DUX/-/-,KTM-MNSTR,7.00
PS72002200,,PIN,,-,COMMON/-,-,-,KTM-MNSTR,29.00
PS72002200,,PIN,,-,STAPLE/MEDIUM # 24/26,-,-,KTM-MNSTR,2.00
PS72002700,,FILE,,-,-/A-4/LETTER U - SHAPE,-/TRANSPARENT,-,KTM-MNSTR,2.00
PS72002700,,FILE,,CARD,PRINTED/-,-/WHITE,-,KTM-MNSTR,180.00
PS72002700,,FILE,,PLASTIC,BOX/LARGE,-/BLUE,REX/-/-,KTM-HO,5.00
PS72003100,,REGISTER,,-,-/NO.16,-,-,KTM-MNSTR,2.00
PS72003400,,MARKER,,-,PERMANENT/90 (CHISEL TIP),-/BLACK,DOLLAR/-/-,KTM-HO,4.00
PS72004000,,CALCULATOR,,-,-,-,CASIO/CHINA/JS-20LA-W,KTM-MNSTR,2.00
PS72004000,,CALCULATOR,,-,SCIENTIFIC/-,-,CASIO/CHINA/FX-991-EX+,KTM-MNSTR,1.00
PS72005000,,"DUPLICATE BOOK 8""X6""",,,,,,KTM-MNSTR,24.00
SP73501000,,APRON,,-,-/37X28X1.1MM,-, JWM\C/CHINA/-,KTM-MNSTR,"6,348.00"
SP73501000,,APRON,,-,LATTICE COMPACT/L.D 122 25D-100 MESH,-,-,KTM-MNSTR,"1,600.00"
SP73501000,,APRON,,-,LATTICE/131X23.5 CN- 100 MESH,-,AUSTROSUN/CHINA/-,KTM-MNSTR,95.00
SP73501000,,APRON,,-,LATTICE/144X20 CN- 100 MESH,-/BLACK,AUSTROSUN/CHINA/-,KTM-MNSTR,"2,500.00"
SP73501000,,APRON,,RUBBER,-/ 41.5X28X1.1MM,-,JWM\C/CHINA/-,KTM-MNSTR,"7,000.00"
SP73501000,,APRON,,RUBBER,-/37X40X1.1MM,-,PRECITEX/-/-,KTM-MNSTR,93.00
SP73501000,,APRON,,RUBBER,BOTTOM,-,ARMSTRONG/-/-,KTM-MNSTR,20.00
SP73501000,,APRON,,RUBBER,BOTTOM/ 41.5X39.8X1MM,-,KOROTEX/-/-,KTM-MNSTR,100.00
SP73501000,,APRON,,RUBBER,BOTTOM/83X30X1.1MM,-,JWM\C/CHINA/-,KTM-MNSTR,"5,900.00"
SP73501000,,APRON,,RUBBER,TOP/ 37X40X1.1MM,-,INARCO/INDIA/-,KTM-MNSTR,466.00
SP73501000,,APRON,,RUBBER,TOP/ 37X40X1.1MM,-,PROTEX/-/-,KTM-MNSTR,900.00
SP73501100,,ARBOR SET,,-,WITH END BUSH/-,-,-,KTM-MNSTR,1.00
SP73501300,,ARM,,-,FEEDER/P#148013349,-,SCHLAFHORST/-/-,KTM-MNSTR,6.00
SP73501300,,ARM,,-,LIFTER/-,-,SCHLAFHORST/-/-,KTM-MNSTR,20.00
SP73501320,,ARM FOC,,-,PENDULUM,-,CHINA/JINGWI/F 1520,KTM-MNSTR,10.00
SP73501320,,ARM FOC,,-,PENDULUM/PK1550-268,-,TEXPARTS/GERMANY/-,KTM-MNSTR,1.00
SP73501600,,ASSEMBLY,,-,FRONT CALANDER ROLL/-,-,-,KTM-MNSTR,3.00
SP73502000,,BAR,,-,PRESSURE/-,-,-,KTM-MNSTR,2.00
SP73502000,,BAR,,FOC,WITH APRON PULLEY AND SPRING,-,CHINA/JINGWI/F 1520,KTM-MNSTR,2.00
SP73502200,,BEARING,,-,-,-,-,KTM-MNSTR,10.00
SP73502200,,BEARING,,CAM FOLLOWER,-,-,-,KTM-MNSTR,58.00
SP73502210,,BEARING FOC,,-,-,-,-,KTM-MNSTR,25.00
SP73502210,,BEARING FOC,,-,-/RHP 1040-35K,-,-,KTM-MNSTR,2.00
SP73502210,,BEARING FOC,,-,SWIVEL LID/-,-,SCHLAFHORST/-/-,KTM-MNSTR,2.00
SP73502300,,BEARING BALL,,-,-/2208,-,-,KTM-MNSTR,9.00
SP73502300,,BEARING BALL,,-,-/6.5X7X15,-,-,KTM-MNSTR,1.00
SP73502300,,BEARING BALL,,-,-/7206,-,SKF/-/-,KTM-MNSTR,40.00
SP73502300,,BEARING BALL,,-,2RS/6902,-,-,KTM-MNSTR,10.00
SP73502300,,BEARING BALL,,-,2Z-C3/6213,-,SKF/-/-,KTM-MNSTR,4.00
SP73502300,,BEARING BALL,,-,2Z-C3/6303,-,SKF/-/-,KTM-MNSTR,6.00
SP73502300,,BEARING BALL,,-,2Z-C3/6304,-,SKF/-/-,KTM-MNSTR,10.00
SP73502300,,BEARING BALL,,-,PB/6,-,-/JAPAN/-,KTM-MNSTR,4.00
SP73502300,,BEARING BALL,,ANGULAR CONTACT,-,-,NTN/-/-,KTM-MNSTR,10.00
SP73502300,,BEARING BALL,,ANGULAR CONTACT,-/6903,-,SKF/-/-,KTM-MNSTR,5.00
SP73502300,,BEARING BALL,,ANGULAR CONTACT,-/7206,-,SKF/-/-,KTM-MNSTR,6.00
SP73502300,,BEARING BALL,,ANGULAR CONTACT,B-ZZ/7107,-,-,KTM-MNSTR,440.00
SP73502300,,BEARING BALL,,ANGULAR CONTACT,DOUBLE BALL (RADIAL)/3206,-,NSK/-/-,KTM-MNSTR,4.00
SP73502300,,BEARING BALL,,ANGULAR CONTACT,DOUBLE BALL (RADIAL)/3206,-,SKF/-/-,KTM-MNSTR,5.00
SP73502300,,BEARING BALL,,ANGULAR CONTACT,NEEDLE/5903,-,SKF/-/-,KTM-MNSTR,5.00
SP73502300,,BEARING BALL,,ANGULAR CONTACT,ZZ/1560,-,NSK/-/-,KTM-MNSTR,41.00
SP73502300,,BEARING BALL,,ANGULAR CONTACT,ZZ/7205,-,SKF/-/-,KTM-MNSTR,4.00
SP73502300,,BEARING BALL,,DEEP GROOVE,-,-,-,KTM-MNSTR,21.00
SP73502300,,BEARING BALL,,DEEP GROOVE,-,-,NTN/-/-,KTM-MNSTR,1.00
SP73502300,,BEARING BALL,,DEEP GROOVE,-/1205,-,-,KTM-MNSTR,10.00
SP73502300,,BEARING BALL,,DEEP GROOVE,-/2206,-,-,KTM-MNSTR,10.00
SP73502300,,BEARING BALL,,DEEP GROOVE,-/2206,-,SKF/-/-,KTM-MNSTR,1.00
SP73502300,,BEARING BALL,,DEEP GROOVE,-/2207,-,-,KTM-MNSTR,2.00
SP73502300,,BEARING BALL,,DEEP GROOVE,-/62203/ZZ-C3,-,SKF/-/-,KTM-MNSTR,4.00
SP73502300,,BEARING BALL,,DEEP GROOVE,-/6408,-,-,KTM-MNSTR,1.00
SP73502300,,BEARING BALL,,DEEP GROOVE,-/6411,-,NSK/-/-,KTM-MNSTR,1.00
SP73502300,,BEARING BALL,,DEEP GROOVE,2RS/6007,-,SKF/-/-,KTM-TRNSIT,4.00
SP73502300,,BEARING BALL,,DEEP GROOVE,2RS/6007,-,SKF/-/-,SMPLX-WH,-4.00
SP73502300,,BEARING BALL,,DEEP GROOVE,2RS/6013,-,-,KTM-MNSTR,2.00
SP73502300,,BEARING BALL,,DEEP GROOVE,2RS/6013,-,UBC/-/-,KTM-MNSTR,1.00
SP73502300,,BEARING BALL,,DEEP GROOVE,2RS/6017,-,NTN/-/-,KTM-MNSTR,1.00
SP73502300,,BEARING BALL,,DEEP GROOVE,2RS/61902,-,SKF/-/-,KTM-MNSTR,22.00
SP73502300,,BEARING BALL,,DEEP GROOVE,2RS/6204,-,SKF/-/-,KTM-MNSTR,9.00
SP73502300,,BEARING BALL,,DEEP GROOVE,2RS/6204,-,SKF/-/-,KTM-TRNSIT,10.00
SP73502300,,BEARING BALL,,DEEP GROOVE,2RS/6204,-,SKF/-/-,RING-WH,-10.00
SP73502300,,BEARING BALL,,DEEP GROOVE,2RS/6210,-,SKF/-/-,KTM-MNSTR,4.00
SP73502300,,BEARING BALL,,DEEP GROOVE,2RS/6212,-,SKF/-/-,KTM-MNSTR,3.00
SP73502300,,BEARING BALL,,DEEP GROOVE,2RS/6304,-,SKF/-/-,KTM-MNSTR,4.00
SP73502300,,BEARING BALL,,DEEP GROOVE,2RS-C3/6212,-,SKF/-/-,KTM-MNSTR,4.00
SP73502300,,BEARING BALL,,DEEP GROOVE,2Z/6003,-,SKF/-/-,ATC-WH,-10.00
SP73502300,,BEARING BALL,,DEEP GROOVE,2Z/6003,-,SKF/-/-,CRD-WH,-5.00
SP73502300,,BEARING BALL,,DEEP GROOVE,2Z/6003,-,SKF/-/-,KTM-MNSTR,14.00
SP73502300,,BEARING BALL,,DEEP GROOVE,2Z/6003,-,SKF/-/-,KTM-TRNSIT,15.00
SP73502300,,BEARING BALL,,DEEP GROOVE,2Z/6004,-,TURKEY/ORS/-,KTM-MNSTR,3.00
SP73502300,,BEARING BALL,,DEEP GROOVE,2Z/6005,-,SKF/-/-,KTM-MNSTR,44.00
SP73502300,,BEARING BALL,,DEEP GROOVE,2Z/6006,-,SKF/-/-,CRD-WH,-2.00
SP73502300,,BEARING BALL,,DEEP GROOVE,2Z/6006,-,SKF/-/-,KTM-TRNSIT,2.00
SP73502300,,BEARING BALL,,DEEP GROOVE,2Z/6200,-,SKF/-/-,KTM-MNSTR,70.00
SP73502300,,BEARING BALL,,DEEP GROOVE,2Z/6203,-,FAG/-/-,KTM-MNSTR,20.00
SP73502300,,BEARING BALL,,DEEP GROOVE,2Z/6203,-,SKF/-/-,KTM-MNSTR,38.00
SP73502300,,BEARING BALL,,DEEP GROOVE,2Z/6204,-,FAG/-/-,KTM-MNSTR,123.00
SP73502300,,BEARING BALL,,DEEP GROOVE,2Z/6204,-,TURKEY/ORS/-,KTM-MNSTR,3.00
SP73502300,,BEARING BALL,,DEEP GROOVE,2Z/6205,-,FAG/-/-,KTM-MNSTR,2.00
SP73502300,,BEARING BALL,,DEEP GROOVE,2Z/6205,-,TURKEY/ORS/-,KTM-MNSTR,2.00
SP73502300,,BEARING BALL,,DEEP GROOVE,2Z/6206,-,SKF/-/-,KTM-MNSTR,7.00
SP73502300,,BEARING BALL,,DEEP GROOVE,2Z/6208,-,-,KTM-MNSTR,6.00
SP73502300,,BEARING BALL,,DEEP GROOVE,2Z/6301,-,-,KTM-MNSTR,3.00
SP73502300,,BEARING BALL,,DEEP GROOVE,2Z/6306,-,FAG/-/-,KTM-MNSTR,1.00
SP73502300,,BEARING BALL,,DEEP GROOVE,2Z-C3/6204,-,SKF/-/-,KTM-MNSTR,15.00
SP73502300,,BEARING BALL,,DEEP GROOVE,2Z-C3/6210,-,SKF/-/-,KTM-MNSTR,3.00
SP73502300,,BEARING BALL,,DEEP GROOVE,6000/2RSH-C3,-,SKF/-/-,KTM-MNSTR,50.00
SP73502300,,BEARING BALL,,DEEP GROOVE,63\22/ZZ-C3 (22X56X16MM),-,SKF/-/-,KTM-MNSTR,4.00
SP73502300,,BEARING BALL,,DEEP GROOVE,BORE 20X OUTER DIA 47XWIDTH 20.6\3056204/-,-,SKF/-/-,KTM-MNSTR,2.00
SP73502300,,BEARING BALL,,DEEP GROOVE,C3-2Z/6016,-,SKF/-/-,KTM-MNSTR,1.00
SP73502300,,BEARING BALL,,DEEP GROOVE,C3-2Z/6205,-,SKF/-/-,KTM-MNSTR,22.00
SP73502300,,BEARING BALL,,DEEP GROOVE,DEEP GROOVE/6306/ZZ-C3,-,SKF/-/-,KTM-MNSTR,33.00
SP73502300,,BEARING BALL,,DEEP GROOVE,DOUBLE BALL/2210,-,SKF/-/-,KTM-MNSTR,1.00
SP73502300,,BEARING BALL,,DEEP GROOVE,DOUBLE ROW E/1311,-,SKF/-/-,KTM-MNSTR,3.00
SP73502300,,BEARING BALL,,DEEP GROOVE,NDE/ISO 6319/ZZ-C3,-,SKF/-/-,KTM-MNSTR,4.00
SP73502300,,BEARING BALL,,DEEP GROOVE,ZZ C-3/6312,-,SKF/-/-,KTM-MNSTR,9.00
SP73502300,,BEARING BALL,,DEEP GROOVE,ZZ/6001,-,SKF/-/-,KTM-MNSTR,24.00
SP73502300,,BEARING BALL,,DEEP GROOVE,ZZ/6002,-,FAG/-/-,KTM-MNSTR,16.00
SP73502300,,BEARING BALL,,DEEP GROOVE,ZZ/6002,-,SKF/-/-,KTM-MNSTR,20.00
SP73502300,,BEARING BALL,,DEEP GROOVE,ZZ/6008,-,SKF/-/-,KTM-MNSTR,2.00
SP73502300,,BEARING BALL,,DEEP GROOVE,ZZ/6009,-,SKF/-/-,KTM-MNSTR,6.00
SP73502300,,BEARING BALL,,DEEP GROOVE,ZZ/6011,-,SKF/-/-,KTM-MNSTR,4.00
SP73502300,,BEARING BALL,,DEEP GROOVE,ZZ/6014,-,SKF/-/-,KTM-MNSTR,2.00
SP73502300,,BEARING BALL,,DEEP GROOVE,ZZ/6020,-,SKF/-/-,KTM-MNSTR,4.00
SP73502300,,BEARING BALL,,DEEP GROOVE,ZZ/6210,-,NTN/-/-,KTM-MNSTR,5.00
SP73502300,,BEARING BALL,,DEEP GROOVE,ZZ/6302,-,SKF/-/-,KTM-MNSTR,10.00
SP73502300,,BEARING BALL,,DEEP GROOVE,ZZ/6303,-,TURKEY/ORS/-,KTM-MNSTR,3.00
SP73502300,,BEARING BALL,,DEEP GROOVE,ZZ/6308,-,SKF/-/-,KTM-MNSTR,2.00
SP73502300,,BEARING BALL,,DEEP GROOVE,ZZ/7207,-,SKF/-/-,KTM-MNSTR,20.00
SP73502300,,BEARING BALL,,DEEP GROOVE,ZZ-C3/6309,-,SKF/-/-,KTM-MNSTR,1.00
SP73502300,,BEARING BALL,,DEEP GROOVED,-/1208/ZZ-C3,-,SKF/-/-,KTM-MNSTR,5.00
SP73502300,,BEARING BALL,,DEEP GROOVED,-/7006 AC,-,NSK/-/-,KTM-MNSTR,30.00
SP73502300,,BEARING BALL,,DEEP GROOVED,2RS-C3/6305,-,SKF/-/-,KTM-MNSTR,10.00
SP73502300,,BEARING BALL,,DEEP GROOVED,2Z/6001,-,SKF/-/-,KTM-MNSTR,63.00
SP73502300,,BEARING BALL,,DEEP GROOVED,2Z/6004,-,-,KTM-MNSTR,25.00
SP73502300,,BEARING BALL,,DEEP GROOVED,2Z/6004,-,SKF/-/-,CRD-WH,-5.00
SP73502300,,BEARING BALL,,DEEP GROOVED,2Z/6004,-,SKF/-/-,KTM-TRNSIT,5.00
SP73502300,,BEARING BALL,,DEEP GROOVED,2Z/6005,-,FAG/-/-,KTM-MNSTR,20.00
SP73502300,,BEARING BALL,,DEEP GROOVED,2Z/6005,-,SKF/-/-,CRD-WH,-2.00
SP73502300,,BEARING BALL,,DEEP GROOVED,2Z/6005,-,SKF/-/-,KTM-TRNSIT,2.00
SP73502300,,BEARING BALL,,DEEP GROOVED,2Z/6006,-,SKF/-/-,KTM-MNSTR,28.00
SP73502300,,BEARING BALL,,DEEP GROOVED,2Z/6007,-,SKF/-/-,KTM-MNSTR,10.00
SP73502300,,BEARING BALL,,DEEP GROOVED,2Z/6202,-,SKF/-/-,KTM-MNSTR,4.00
SP73502300,,BEARING BALL,,DEEP GROOVED,2Z/6210,-,SKF/-/-,KTM-MNSTR,4.00
SP73502300,,BEARING BALL,,DEEP GROOVED,2Z/6309,-,SKF/-/-,KTM-MNSTR,1.00
SP73502300,,BEARING BALL,,DEEP GROOVED,2Z-C3/6200,-,SKF/-/-,KTM-MNSTR,20.00
SP73502300,,BEARING BALL,,DEEP GROOVED,2Z-C3/6201,-,SKF/-/-,KTM-MNSTR,20.00
SP73502300,,BEARING BALL,,DEEP GROOVED,2Z-C3/6203,-,SKF/-/-,KTM-MNSTR,4.00
SP73502300,,BEARING BALL,,DEEP GROOVED,2Z-C3/6207,-,SKF/-/-,KTM-MNSTR,11.00
SP73502300,,BEARING BALL,,DEEP GROOVED,2Z-C3/6208,-,SKF/-/-,KTM-MNSTR,4.00
SP73502300,,BEARING BALL,,DEEP GROOVED,2Z-C3/6211,-,NTN/-/-,KTM-MNSTR,5.00
SP73502300,,BEARING BALL,,DEEP GROOVED,2Z-C3/6308,-,SKF/-/-,KTM-MNSTR,15.00
SP73502300,,BEARING BALL,,DEEP GROOVED,2Z-C3/6310,-,SKF/-/-,KTM-MNSTR,5.00
SP73502300,,BEARING BALL,,DEEP GROOVED,2Z-C3/6313,-,SKF/-/-,KTM-MNSTR,2.00
SP73502300,,BEARING BALL,,DEEP GROOVED,2Z-C3/6314,-,SKF/-/-,KTM-MNSTR,3.00
SP73502300,,BEARING BALL,,DEEP GROOVED,2Z-C3/6317,-,SKF/-/-,KTM-MNSTR,7.00
SP73502300,,BEARING BALL,,DEEP GROOVED,TVH/1206,-,FAG/-/-,KTM-MNSTR,10.00
SP73502300,,BEARING BALL,,DEEP GROOVED,ZZ/6307,-,-,KTM-MNSTR,4.00
SP73502300,,BEARING BALL,,DEEP GROOVED,ZZ/6312,-,SKF/-/-,KTM-MNSTR,2.00
SP73502300,,BEARING BALL,,DEEP GROOVED,ZZ-C3/6001,-,SKF/-/-,KTM-MNSTR,5.00
SP73502300,,BEARING BALL,,DEEP GROOVED,ZZ-C3/6005,-,SKF/-/-,KTM-MNSTR,10.00
SP73502300,,BEARING BALL,,DEEP GROOVED,ZZ-C3/6006,-,SKF/-/-,KTM-MNSTR,25.00
SP73502300,,BEARING BALL,,DEEP GROOVED,ZZ-C3/6008,-,SKF/-/-,KTM-MNSTR,5.00
SP73502300,,BEARING BALL,,DEEP GROOVED,ZZ-C3/6209,-,SKF/-/-,KTM-MNSTR,9.00
SP73502300,,BEARING BALL,,DEEP GROOVED,ZZ-C3/6209,-,SKF/-/-,WORKSHP-WH,20.00
SP73502300,,BEARING BALL,,MINITURE,-/6.5X12.7X4.7MM,-,-,KTM-MNSTR,50.00
SP73502300,,BEARING BALL,,MINITURE,-/638,-,-/JAPAN/-,KTM-MNSTR,10.00
SP73502300,,BEARING BALL,,MINITURE,2RS/630\8-8X22X10MM,-,-,KTM-MNSTR,10.00
SP73502300,,BEARING BALL,,MINITURE,ZZ/1350,-,-,KTM-MNSTR,20.00
SP73502300,,BEARING BALL,,MINITURE,ZZ/605,-,NMB/-/-,KTM-MNSTR,20.00
SP73502300,,BEARING BALL,,SELF ALIGNING,-/1203,-,NTN/-/-,KTM-MNSTR,5.00
SP73502300,,BEARING BALL,,SELF ALIGNING,-/1205,-,SKF/-/-,KTM-MNSTR,3.00
SP73502300,,BEARING BALL,,SELF ALIGNING,-/2207,-,NSK/-/-,KTM-MNSTR,6.00
SP73502300,,BEARING BALL,,SELF ALIGNING,E/1208,-,FAG/-/-,KTM-MNSTR,1.00
SP73502300,,BEARING BALL,,SELF ALIGNING,K HE-311 FLT/1311,-,NTN/-/-,KTM-MNSTR,2.00
SP73502300,,BEARING BALL,,SELF ALIGNING,K WITH SLEEVE/1310,-,NTN/-/-,KTM-MNSTR,2.00
SP73502300,,BEARING BALL,,SELF ALIGNING,K/1207,-,SKF/-/-,KTM-MNSTR,9.00
SP73502300,,BEARING BALL,,SELF ALIGNING,K/1208,-,NTN/-/-,KTM-MNSTR,4.00
SP73502300,,BEARING BALL,,SELF ALIGNING,K/1209,-,KOYO/-/-,KTM-MNSTR,41.00
SP73502300,,BEARING BALL,,SELF ALIGNING,K/1209,-,SKF/-/-,KTM-MNSTR,6.00
SP73502300,,BEARING BALL,,SELF ALIGNING,K/1210,-,FAG/-/-,KTM-MNSTR,3.00
SP73502300,,BEARING BALL,,SELF ALIGNING,K/1309,-,NTN/-/-,KTM-MNSTR,2.00
SP73502300,,BEARING BALL,,SELF ALIGNING,K/1309,-,SKF/-/-,KTM-MNSTR,17.00
SP73502300,,BEARING BALL,,SELF ALIGNING,K/2208,-,NTN/-/-,KTM-MNSTR,5.00
SP73502300,,BEARING BALL,,SELF ALIGNING,K/2308,-,-,KTM-MNSTR,1.00
SP73502300,,BEARING BALL,,SELF ALIGNING,K-WITH CHUCK NUT & SLEEVE/1213,-,SKF/-/-,KTM-MNSTR,2.00
SP73502300,,BEARING BALL,,SELF ALIGNING,K-WITH CHUK NUT & SLEEVE/1308,-,SKF/-/-,KTM-MNSTR,9.00
SP73502300,,BEARING BALL,,SELF ALIGNING,TVH/1207,-,NTN/-/-,KTM-MNSTR,2.00
SP73502300,,BEARING BALL,,THRUST,-/51104,-,FAG/-/-,KTM-MNSTR,3.00
SP73502300,,BEARING BALL,,THRUST,-/51104,-,NTN/-/-,KTM-MNSTR,5.00
SP73502300,,BEARING BALL,,THRUST,-/51106,-,SKF/-/-,KTM-MNSTR,18.00
SP73502300,,BEARING BALL,,THRUST,-/51108,-,-,KTM-MNSTR,26.00
SP73502300,,BEARING BALL,,THRUST,-/51108,-,SKF/-/-,KTM-MNSTR,20.00
SP73502300,,BEARING BALL,,THRUST,-/51205,-,SKF/-/-,KTM-MNSTR,5.00
SP73502300,,BEARING BALL,,THRUST,WITH CONE/1105,-,NTN/-/-,KTM-MNSTR,5.00
SP73502310,,BEARING BALL FOC,,-,-,-,-,KTM-MNSTR,5.00
SP73502310,,BEARING BALL FOC,,DEEP GROOVED,-/6003-Z,-,-,KTM-MNSTR,2.00
SP73502310,,BEARING BALL FOC,,DEEP GROOVED,-/6026,-,-,KTM-MNSTR,4.00
SP73502310,,BEARING BALL FOC,,DEEP GROOVED,-/6026,-,FAG/-/-,KTM-MNSTR,2.00
SP73502310,,BEARING BALL FOC,,DEEP GROOVED,-/6204,-,FAG/-/-,KTM-MNSTR,2.00
SP73502310,,BEARING BALL FOC,,DEEP GROOVED,-/6205,-,FAG/-/-,KTM-MNSTR,2.00
SP73502310,,BEARING BALL FOC,,DEEP GROOVED,2RSL/6205,-,-,KTM-MNSTR,10.00
SP73502310,,BEARING BALL FOC,,DEEP GROOVED,2RSR/6205,-,FAG/-/-,KTM-MNSTR,4.00
SP73502310,,BEARING BALL FOC,,DEEP GROOVED,2Z/6207,-,SKF/-/-,KTM-MNSTR,79.00
SP73502310,,BEARING BALL FOC,,DEEP GROOVED,6004-ZR,-,FAG/-/-,KTM-MNSTR,4.00
SP73502310,,BEARING BALL FOC,,DEEP GROOVED,6005,-,FAG/-/-,KTM-MNSTR,2.00
SP73502310,,BEARING BALL FOC,,DEEP GROOVED,6306,-,FAG/-/-,KTM-MNSTR,2.00
SP73502310,,BEARING BALL FOC,,SELF ALIGNING,1209-K,-,FAG/-/-,KTM-MNSTR,2.00
SP73502310,,BEARING BALL FOC,,SELF ALIGNING,XL-1210-K,-,FAG/-/-,KTM-MNSTR,4.00
SP73502310,,BEARING BALL FOC,,THRUST,51206,-,FAG/-/-,KTM-MNSTR,2.00
SP73502500,,BEARING HOUSING,,-,COMPLETE/-,-,TOYODA/-/-,KTM-MNSTR,21.00
SP73502500,,BEARING HOUSING,,-,"INA, TUE 08",-,-,KTM-MNSTR,2.00
SP73502500,,BEARING HOUSING,,-,SF 210,-,-,KTM-MNSTR,6.00
SP73502500,,BEARING HOUSING,,-,"UC-212, 60MM/-",-,-,KTM-MNSTR,1.00
SP73502500,,BEARING HOUSING,,C.I,FCX-09,-,NSK/-/-,KTM-MNSTR,4.00
SP73502500,,BEARING HOUSING,,C.I,FLU-207,-,NSK/-/-,KTM-MNSTR,6.00
SP73502500,,BEARING HOUSING,,C.I,FLU-208,-,NSK/-/-,KTM-MNSTR,2.00
SP73502500,,BEARING HOUSING,,C.I,UCFL OVAL FLANGE FOR BEARING UNIT YEL 204 /-,-,NTN/-/-,KTM-MNSTR,2.00
SP73502500,,BEARING HOUSING,,C.I,UCFL OVAL FLANGE FOR BEARING UNIT YEL 205 /-,-,NTN/-/-,KTM-MNSTR,2.00
SP73502500,,BEARING HOUSING,,C.I,UCFL OVAL FLANGE FOR BEARING UNIT YEL 206 /-,-,NTN/-/-,KTM-MNSTR,6.00
SP73502700,,BEARING NEEDLE,,-,-/000422,-,TEXPARTS/-/-,KTM-MNSTR,20.00
SP73502700,,BEARING NEEDLE,,-,-/20\16 832650059,-,-,KTM-MNSTR,2.00
SP73502700,,BEARING NEEDLE,,-,-/7943-35,-,-/CHINA/-,KTM-MNSTR,4.00
SP73502700,,BEARING NEEDLE,,-,BA/2816,-,-,KTM-MNSTR,6.00
SP73502700,,BEARING NEEDLE,,-,CAM R.N MYTMB35/205,-,-,KTM-MNSTR,2.00
SP73502700,,BEARING NEEDLE,,-,F/16,-,-,KTM-MNSTR,12.00
SP73502700,,BEARING NEEDLE,,-,HK/1414,-,-,KTM-MNSTR,13.00
SP73502700,,BEARING NEEDLE,,-,HK/2218,-,INA/-/-,KTM-MNSTR,4.00
SP73502700,,BEARING NEEDLE,,-,HK/4520,-,INA/-/-,KTM-MNSTR,4.00
SP73502700,,BEARING NEEDLE,,-,HK/4520,-,SKF/-/-,KTM-MNSTR,4.00
SP73502700,,BEARING NEEDLE,,-,HK/608,-,-,KTM-MNSTR,24.00
SP73502700,,BEARING NEEDLE,,-,KPL/2218,-,-,KTM-MNSTR,8.00
SP73502700,,BEARING NEEDLE,,-,LZ/3224,-,-/CHINA/-,KTM-MNSTR,728.00
SP73502700,,BEARING NEEDLE,,-,LZ/3224,-,-/CHINA/-,KTM-TRNSIT,10.00
SP73502700,,BEARING NEEDLE,,-,LZ/3224,-,-/CHINA/-,SMPLX-WH,-10.00
SP73502700,,BEARING NEEDLE,,-,LZ-2822,-,-/CHINA/-,KTM-MNSTR,"1,387.00"
SP73502700,,BEARING NEEDLE,,-,NA/4906,-,INA/-/-,KTM-MNSTR,1.00
SP73502700,,BEARING NEEDLE,,-,NA/6903,-,-,KTM-MNSTR,9.00
SP73502700,,BEARING NEEDLE,,-,NA-RNA/6904,-,-,KTM-MNSTR,1.00
SP73502700,,BEARING NEEDLE,,-,NK/20\16,-,SKF/-/-,KTM-MNSTR,6.00
SP73502700,,BEARING NEEDLE,,-,NK/22\16,-,-,KTM-MNSTR,5.00
SP73502700,,BEARING NEEDLE,,-,NK/28\20,-,SKF/-/-,KTM-MNSTR,1.00
SP73502700,,BEARING NEEDLE,,-,NK/29\30,-,INA/-/-,KTM-MNSTR,20.00
SP73502700,,BEARING NEEDLE,,-,RNA-NA/6905,-,-,KTM-MNSTR,10.00
SP73502700,,BEARING NEEDLE,,-,ROLLER-FRIS/2542,-,-,KTM-MNSTR,4.00
SP73502700,,BEARING NEEDLE,,-,SCE/2012,-,-,KTM-MNSTR,6.00
SP73502700,,BEARING NEEDLE,,-,SCE/2016,-,-,KTM-MNSTR,6.00
SP73502800,,BEARING NEEDLE CAGE,,-,ROLLER/K-15X19X17,-,-,KTM-MNSTR,20.00
SP73503100,,BEARING ROLLER,,-,-/22206,-,-,KTM-MNSTR,3.00
SP73503100,,BEARING ROLLER,,-,-/30308,-,NTN/-/-,KTM-MNSTR,1.00
SP73503100,,BEARING ROLLER,,-,-/32206,-,SKF/-/-,KTM-MNSTR,1.00
SP73503100,,BEARING ROLLER,,-,-/33205,-,SKF/-/-,KTM-MNSTR,6.00
SP73503100,,BEARING ROLLER,,-,CAM KR/15X7X14 MM,-,-,KTM-MNSTR,14.00
SP73503100,,BEARING ROLLER,,-,E/22205,-,SKF/-/-,KTM-TRNSIT,3.00
SP73503100,,BEARING ROLLER,,-,E/22205,-,SKF/-/-,RING-WH,-3.00
SP73503100,,BEARING ROLLER,,-,EA-E4/22208,-,-,KTM-MNSTR,2.00
SP73503100,,BEARING ROLLER,,ANGULAR,LR/5206-RSH (30X62X23.8),-,SKF/-/-,KTM-MNSTR,2.00
SP73503100,,BEARING ROLLER,,CYLINDERICAL,-/102314 M,-,SKF/-/-,KTM-MNSTR,2.00
SP73503100,,BEARING ROLLER,,CYLINDERICAL,-/30217,-,SKF/-/-,KTM-MNSTR,2.00
SP73503100,,BEARING ROLLER,,CYLINDERICAL,12312 (60X130X31MM),-,SKF/-/-,KTM-MNSTR,2.00
SP73503100,,BEARING ROLLER,,CYLINDERICAL,E-NU/2205,-,-,KTM-MNSTR,4.00
SP73503100,,BEARING ROLLER,,CYLINDERICAL,N/311,-,-,KTM-MNSTR,1.00
SP73503100,,BEARING ROLLER,,CYLINDERICAL,NU/203,-,FAG/-/-,KTM-MNSTR,6.00
SP73503100,,BEARING ROLLER,,CYLINDERICAL,NU-P\C3/307 E,-,SKF/-/-,KTM-MNSTR,3.00
SP73503100,,BEARING ROLLER,,CYLINDERICAL,UZ-22 DOUBLE CAM FC/359,-,NTN/-/-,KTM-MNSTR,2.00
SP73503100,,BEARING ROLLER,,NEEDLE,NKS/22,-,NTN/-/-,KTM-MNSTR,10.00
SP73503100,,BEARING ROLLER,,SPHERICAL,-/22313E,-,SKF/-/-,KTM-MNSTR,2.00
SP73503100,,BEARING ROLLER,,SPHERICAL,22217-K,-,FAG/-/-,KTM-MNSTR,8.00
SP73503100,,BEARING ROLLER,,SPHERICAL,DOUBLE ROW/22209 E,-,SKF/-/-,KTM-MNSTR,3.00
SP73503100,,BEARING ROLLER,,SPHERICAL,E/22311,-,SKF/-/-,KTM-MNSTR,2.00
SP73503100,,BEARING ROLLER,,SPHERICAL,EK/22310,-,FAG/-/-,KTM-MNSTR,3.00
SP73503100,,BEARING ROLLER,,SPHERICAL,EK/22310,-,SKF/-/-,KTM-MNSTR,1.00
SP73503100,,BEARING ROLLER,,SPHERICAL,EK-WITH SLEEVE/22213,-,FAG/-/-,KTM-MNSTR,1.00
SP73503100,,BEARING ROLLER,,SPHERICAL,EK-WITH SLEEVE/22313,-,SKF/-/-,KTM-MNSTR,4.00
SP73503100,,BEARING ROLLER,,SPHERICAL,EK-WITH SLEEVE/22315,-,NTN/-/-,KTM-MNSTR,1.00
SP73503100,,BEARING ROLLER,,SPHERICAL,K/22209,-,SKF/-/-,KTM-MNSTR,5.00
SP73503100,,BEARING ROLLER,,SPHERICAL,K/22211,-,SKF/-/-,KTM-MNSTR,5.00
SP73503100,,BEARING ROLLER,,SPHERICAL,K/22310,-,NTN/-/-,KTM-MNSTR,2.00
SP73503100,,BEARING ROLLER,,TAPER,-/30308,-,-,KTM-MNSTR,2.00
SP73503100,,BEARING ROLLER,,TAPER,-/31308,-,SKF/-/-,KTM-MNSTR,4.00
SP73503100,,BEARING ROLLER,,TAPER,-/32004,-,NTN/-/-,KTM-MNSTR,4.00
SP73503100,,BEARING ROLLER,,TAPER,-/32006,-,NTN/-/-,KTM-MNSTR,10.00
SP73503100,,BEARING ROLLER,,TAPER,-/32-217,-,-,KTM-MNSTR,1.00
SP73503100,,BEARING ROLLER,,TAPER,E/30213,-,SKF/-/-,KTM-MNSTR,2.00
SP73503110,,BEARING ROLLER FOC,,-,E1-XL-K/22313,-,FAG/-/-,KTM-MNSTR,2.00
SP73503110,,BEARING ROLLER FOC,,-,TOP ROLLER CROWNED CPL/-,-,-,KTM-MNSTR,2.00
SP73503110,,BEARING ROLLER FOC,,CYLINDRICAL,NU2205.M1,-,FAG/-/-,KTM-MNSTR,2.00
SP73503110,,BEARING ROLLER FOC,,CYLINDRICAL,SPECIAL/0036128 (24X32X22),-,TEXPARTS/-/-,KTM-MNSTR,10.00
SP73503200,,BEARING SLEEVE,,-,-/H-208,-,NTN/-/-,KTM-MNSTR,4.00
SP73503200,,BEARING SLEEVE,,-,H/206,-,NTN/-/-,KTM-MNSTR,4.00
SP73503200,,BEARING SLEEVE,,-,H/207,-,NTN/-/-,KTM-MNSTR,8.00
SP73503200,,BEARING SLEEVE,,-,H/209,-,FAG/-/-,KTM-MNSTR,12.00
SP73503200,,BEARING SLEEVE,,-,H/211,-,-,KTM-MNSTR,2.00
SP73503200,,BEARING SLEEVE,,-,H/213,-,-,KTM-MNSTR,2.00
SP73503200,,BEARING SLEEVE,,-,H/2306,-,UBC/-/-,KTM-MNSTR,4.00
SP73503200,,BEARING SLEEVE,,-,H/2308,-,-,KTM-MNSTR,1.00
SP73503200,,BEARING SLEEVE,,-,H/2310,-,-,KTM-MNSTR,1.00
SP73503200,,BEARING SLEEVE,,-,H/2313,-,SKF/-/-,KTM-MNSTR,1.00
SP73503200,,BEARING SLEEVE,,-,H/307,-,-,KTM-MNSTR,1.00
SP73503200,,BEARING SLEEVE,,-,H/307,-,FAG/-/-,KTM-MNSTR,4.00
SP73503200,,BEARING SLEEVE,,-,H/307,-,NSK/-/-,KTM-MNSTR,3.00
SP73503200,,BEARING SLEEVE,,-,H/307,-,SKF/-/-,KTM-MNSTR,4.00
SP73503200,,BEARING SLEEVE,,-,H/309,-,NTN/-/-,KTM-MNSTR,4.00
SP73503200,,BEARING SLEEVE,,-,H/309,-,SKF/-/-,KTM-MNSTR,2.00
SP73503200,,BEARING SLEEVE,,-,H/311,-,NTN/-/-,KTM-MNSTR,12.00
SP73503200,,BEARING SLEEVE,,-,H/311,-,SKF/-/-,KTM-MNSTR,4.00
SP73503200,,BEARING SLEEVE,,-,H/313,-,-,KTM-MNSTR,4.00
SP73503200,,BEARING SLEEVE,,-,H/507-7,-,-,KTM-MNSTR,3.00
SP73503210,,BEARING SLEEVE FOC,,-,FOR TIN ROLL PULLEY\H/209,-,CHINA/JINGWI/F 1520,KTM-MNSTR,4.00
SP73503210,,BEARING SLEEVE FOC,,-,H/209,-,GERMANY/FAG/-,KTM-MNSTR,2.00
SP73503210,,BEARING SLEEVE FOC,,-,H/210,-,GERMANY/FAG/-,KTM-MNSTR,2.00
SP73503210,,BEARING SLEEVE FOC,,-,X-LIFE\ H/210,-,GERMANY/FAG/-,KTM-MNSTR,2.00
SP73503210,,BEARING SLEEVE FOC,,-,X-LIFE\ H/2313,-,GERMANY/FAG/-,KTM-MNSTR,2.00
SP73503300,,BEARING UNITS,,UC (Y),-/202,-,UBC/USA/-,KTM-MNSTR,4.00
SP73503300,,BEARING UNITS,,UC (Y),-/210,-,FAG/-/-,KTM-MNSTR,5.00
SP73503300,,BEARING UNITS,,UC (Y),-/212,-,FAG/-/-,KTM-MNSTR,3.00
SP73503300,,BEARING UNITS,,UC (Y),-/312,-,-,KTM-MNSTR,2.00
SP73503300,,BEARING UNITS,,UC (Y),D1/204,-,NTN/-/-,KTM-MNSTR,4.00
SP73503300,,BEARING UNITS,,UC (Y),D1/205,-,NTN/-/-,KTM-MNSTR,2.00
SP73503300,,BEARING UNITS,,UC (Y),GRAEAG/ET 205,-,SKF/-/-,KTM-MNSTR,6.00
SP73503300,,BEARING UNITS,,UC (Y),UCFL WITH BRACKET/206,-,NTN/-/-,KTM-MNSTR,8.00
SP73503300,,BEARING UNITS,,UC (Y),UEL/208,-,NTN/-/-,BRM-WH,-2.00
SP73503300,,BEARING UNITS,,UC (Y),UEL/208,-,NTN/-/-,KTM-TRNSIT,2.00
SP73503300,,BEARING UNITS,,UC (Y),WITH BRACKET/208,-,SKF/-/-,KTM-MNSTR,8.00
SP73503300,,BEARING UNITS,,UC (Y),YAR-2F/206,-,SKF/-/-,KTM-MNSTR,7.00
SP73503300,,BEARING UNITS,,UC (Y),YAR-2F/209,-,SKF/-/-,KTM-TRNSIT,2.00
SP73503300,,BEARING UNITS,,UC (Y),YEL-2F/208,-,-,KTM-MNSTR,4.00
SP73503300,,BEARING UNITS,,UC (Y),YEL-2F/210,-,SKF/-/-,KTM-MNSTR,4.00
SP73503300,,BEARING UNITS,,UC (Y),YEL-2F/310,-,NTN/-/-,KTM-MNSTR,2.00
SP73503300,,BEARING UNITS,,UC (Y),YET/205,-,NTN/-/-,KTM-MNSTR,3.00
SP73503600,,BELT,,-,MURATEC SPEC/-,-,MURATA/QPRO PLUS/-,KTM-MNSTR,25.00
SP73503600,,BELT,,-,TENSION/-,-,SCHLAFHORST/GERMANY/338,KTM-MNSTR,27.00
SP73503610,,BELT FOC,,-,-,-,-,KTM-MNSTR,1.00
SP73503700,,BELT CONVEYOR,,-,-,-,-,KTM-MNSTR,6.00
SP73503700,,BELT CONVEYOR,,-,RIGHT SIDE,-,SCHLAFHORST/-/-,KTM-MNSTR,1.00
SP73503800,,BELT ENDLESS,,-,-/ 2015X40X3MM,-,-,KTM-MNSTR,8.00
SP73503800,,BELT ENDLESS,,-,-/ 2540X40X5MM,-,-,KTM-MNSTR,4.00
SP73503800,,BELT ENDLESS,,-,-/1058X20X2MM,-,-,KTM-MNSTR,8.00
SP73503800,,BELT ENDLESS,,-,-/1060X140X5MM,-,HABASIT/-/-,KTM-MNSTR,2.00
SP73503800,,BELT ENDLESS,,-,-/1114X25X2MM,-,HABASIT/-/-,KTM-MNSTR,8.00
SP73503800,,BELT ENDLESS,,-,-/1139X20MM,-,-,KTM-MNSTR,10.00
SP73503800,,BELT ENDLESS,,-,-/1200X60X3.5MM,-,HABASIT/-/-,KTM-MNSTR,5.00
SP73503800,,BELT ENDLESS,,-,-/1250X60X3MM,-,HABASIT/SWISS/-,KTM-MNSTR,8.00
SP73503800,,BELT ENDLESS,,-,-/1297X20X3MM,-,HABASIT/SWISS/-,KTM-MNSTR,4.00
SP73503800,,BELT ENDLESS,,-,-/1360X30X3MM,-,-,KTM-MNSTR,5.00
SP73503800,,BELT ENDLESS,,-,-/1400X40X4MM,-,-,KTM-MNSTR,2.00
SP73503800,,BELT ENDLESS,,-,-/1457X15MM,-,-,KTM-MNSTR,4.00
SP73503800,,BELT ENDLESS,,-,-/1570X15X2MM,-,-,KTM-MNSTR,20.00
SP73503800,,BELT ENDLESS,,-,-/15X7025,-,-,KTM-MNSTR,1.00
SP73503800,,BELT ENDLESS,,-,-/1600X30X3MM,-,-,KTM-MNSTR,4.00
SP73503800,,BELT ENDLESS,,-,-/1755X30X3MM,-,-,KTM-MNSTR,5.00
SP73503800,,BELT ENDLESS,,-,-/1880X25X3MM,-,-,KTM-MNSTR,10.00
SP73503800,,BELT ENDLESS,,-,-/2375X25MM,-,-,KTM-MNSTR,4.00
SP73503800,,BELT ENDLESS,,-,-/2575X30X5MM,-,HABASIT/-/-,KTM-MNSTR,6.00
SP73503800,,BELT ENDLESS,,-,-/2630X50X3MM,-,-,KTM-MNSTR,4.00
SP73503800,,BELT ENDLESS,,-,-/6000X30X3MM,-,-,KTM-MNSTR,2.00
SP73503800,,BELT ENDLESS,,-,-/730X10X2.6,-,-,KTM-MNSTR,15.00
SP73503800,,BELT ENDLESS,,-,-/945X20X3MM,-,HABASIT/-/-,KTM-MNSTR,15.00
SP73503800,,BELT ENDLESS,,-,-/961X20X2MM,-,HABASIT/-/-,KTM-MNSTR,4.00
SP73503800,,BELT ENDLESS,,-,1065X12MM,-,-,KTM-MNSTR,20.00
SP73503800,,BELT ENDLESS,,-,1500X30X3MM,-,HABASIT/-/-,KTM-MNSTR,2.00
SP73503800,,BELT ENDLESS,,-,5850X30X4MM,-,-,KTM-MNSTR,4.00
SP73503800,,BELT ENDLESS,,-,SCRAPER/26420X20MM,-,-,KTM-MNSTR,2.00
SP73503800,,BELT ENDLESS,,-,WIRE ENFORCED/H.T.1.2X4350X15,-,-,KTM-MNSTR,5.00
SP73503800,,BELT ENDLESS,,DOUBLE LEATHER,-/1900X25X4MM,-,-,CRD-WH,3.00
SP73503800,,BELT ENDLESS,,DOUBLE LEATHER,-/2575X30X5MM,-,-,KTM-MNSTR,6.00
SP73503800,,BELT ENDLESS,,EF-20EF,-/6575X15MM,-,-,KTM-MNSTR,2.00
SP73503800,,BELT ENDLESS,,EF-20EF,690X30X2.5MM,-/GREEN,HABASIT/-/-,KTM-MNSTR,2.00
SP73503800,,BELT ENDLESS,,EF-20EF,FLAT/9320X15X2MM,-/GREEN,HABASIT/-/-,KTM-MNSTR,6.00
SP73503800,,BELT ENDLESS,,NYLON,-/1245X30X3MM,-/GREEN,HABASIT/-/-,KTM-MNSTR,17.00
SP73503800,,BELT ENDLESS,,S-4,-/1260X80X4MM,-,HABASIT/-/-,KTM-MNSTR,3.00
SP73503800,,BELT ENDLESS,,SINGLE LEATHER,-/1165X15X3MM,-,-,KTM-MNSTR,20.00
SP73503800,,BELT ENDLESS,,SINGLE LEATHER,-/1525X30X5MM,-,-,KTM-MNSTR,1.00
SP73503800,,BELT ENDLESS,,SINGLE LEATHER,-/1615X30X3MM,-,-,KTM-MNSTR,4.00
SP73503800,,BELT ENDLESS,,SINGLE LEATHER,-/1825X20X3MM,-,-,KTM-MNSTR,2.00
SP73503800,,BELT ENDLESS,,SINGLE LEATHER,-/1900X20X3MM,-,-,KTM-MNSTR,20.00
SP73503800,,BELT ENDLESS,,SINGLE LEATHER,-/1910X20X3,-,-,KTM-MNSTR,40.00
SP73503800,,BELT ENDLESS,,SINGLE LEATHER,-/2510X40X3MM,-,-,KTM-MNSTR,1.00
SP73503800,,BELT ENDLESS,,SINGLE LEATHER,-/2575X30X5MM,-,-,KTM-MNSTR,4.00
SP73503800,,BELT ENDLESS,,SINGLE LEATHER,1910X25X3,-,-,KTM-MNSTR,4.00
SP73503800,,BELT ENDLESS,,TC-20EF,-/ 1235X30X3MM,-,HABASIT/-/-,KTM-MNSTR,1.00
SP73503800,,BELT ENDLESS,,TC-20EF,-/ 1530X30X3MM,-,-,KTM-MNSTR,3.00
SP73503800,,BELT ENDLESS,,TC-20EF,-/ 1750X15X2MM,-,HABASIT/SWISS/-,KTM-MNSTR,10.00
SP73503800,,BELT ENDLESS,,TC-20EF,-/ 7025X15X1.7MM,-,-,KTM-MNSTR,4.00
SP73503800,,BELT ENDLESS,,TC-20EF,-/ 800X20X2MM,-,HABASIT/SWISS/-,KTM-MNSTR,7.00
SP73503800,,BELT ENDLESS,,TC-20EF,-/1004X20X1.5MM,-,HABASIT/-/-,KTM-MNSTR,5.00
SP73503800,,BELT ENDLESS,,TC-20EF,-/1005X15X2.5MM,-,HABASIT/-/-,KTM-MNSTR,20.00
SP73503800,,BELT ENDLESS,,TC-20EF,-/1165X15X2MM,-,-,KTM-MNSTR,20.00
SP73503800,,BELT ENDLESS,,TC-20EF,-/1180X15X2MM,-,HABASIT/-/-,KTM-MNSTR,10.00
SP73503800,,BELT ENDLESS,,TC-20EF,-/1192X25X2MM,-,HABASIT/SWISS/-,KTM-MNSTR,6.00
SP73503800,,BELT ENDLESS,,TC-20EF,-/1278X20X3MM,-,HABASIT/-/-,KTM-MNSTR,2.00
SP73503800,,BELT ENDLESS,,TC-20EF,-/1279X25X2MM,-,-,KTM-MNSTR,3.00
SP73503800,,BELT ENDLESS,,TC-20EF,-/1297X20X3MM,-,HABASIT/-/-,KTM-MNSTR,4.00
SP73503800,,BELT ENDLESS,,TC-20EF,-/1345X25X2MM,-,HABASIT/-/-,KTM-MNSTR,5.00
SP73503800,,BELT ENDLESS,,TC-20EF,-/1496X20X2MM,-,HABASIT/-/-,KTM-MNSTR,9.00
SP73503800,,BELT ENDLESS,,TC-20EF,-/1693X20X2MM,-,-,KTM-MNSTR,3.00
SP73503800,,BELT ENDLESS,,TC-20EF,-/1805X30X3MM,-,-,KTM-MNSTR,5.00
SP73503800,,BELT ENDLESS,,TC-20EF,-/1840X25X2MM,-,HABASIT/-/-,KTM-MNSTR,5.00
SP73503800,,BELT ENDLESS,,TC-20EF,-/1956X25MM,-,HABASIT/-/-,KTM-MNSTR,1.00
SP73503800,,BELT ENDLESS,,TC-20EF,-/2158X20X2MM,-,HABASIT/-/-,KTM-MNSTR,14.00
SP73503800,,BELT ENDLESS,,TC-20EF,-/2715X40X3 MM,-,-,KTM-MNSTR,1.00
SP73503800,,BELT ENDLESS,,TC-20EF,-/3840X30X3MM,-,-,KTM-MNSTR,3.00
SP73503800,,BELT ENDLESS,,TC-20EF,-/5800X25X3MM,-,-,KTM-MNSTR,1.00
SP73503800,,BELT ENDLESS,,TC-20EF,-/622X30X3MM,-,-,KTM-MNSTR,18.00
SP73503800,,BELT ENDLESS,,TC-20EF,-/7050X30X4MM,-,-,KTM-MNSTR,5.00
SP73503800,,BELT ENDLESS,,TC-20EF,-/735X10X2.6,-,HABASIT/-,KTM-MNSTR,8.00
SP73503800,,BELT ENDLESS,,TC-20EF,-/7600X15X2MM,-,HABASIT/-/-,KTM-MNSTR,10.00
SP73503800,,BELT ENDLESS,,TC-20EF,-/770X20X2MM,-,-,KTM-MNSTR,3.00
SP73503800,,BELT ENDLESS,,TC-20EF,-/783X15X2MM,-,HABASIT/-/-,KTM-MNSTR,5.00
SP73503800,,BELT ENDLESS,,TC-20EF,-/810X10X2.6MM,-,HABASIT/-/-,KTM-MNSTR,15.00
SP73503800,,BELT ENDLESS,,TC-20EF,-/810X10X2.6MM,-,HABASIT/SWISS/-,KTM-MNSTR,4.00
SP73503800,,BELT ENDLESS,,TC-20EF,-/865X15X2MM,-,-,KTM-MNSTR,5.00
SP73503800,,BELT ENDLESS,,TC-20EF,1774X25X2MM/-,-,HABASIT/-/-,KTM-MNSTR,3.00
SP73503800,,BELT ENDLESS,,TC-20EF,1810X30X3MM,-,HABASIT/-/-,KTM-MNSTR,16.00
SP73503800,,BELT ENDLESS,,TC-20EF,2070X10X2MM,-,HABASIT/-,KTM-MNSTR,15.00
SP73503800,,BELT ENDLESS,,TC-20EF,2295X15X3MM,-,HABASIT/-/-,KTM-MNSTR,2.00
SP73503800,,BELT ENDLESS,,TC-20EF,2740X40X3MM/-,-,HABASIT/-,KTM-MNSTR,2.00
SP73503800,,BELT ENDLESS,,TC-20EF,710X30X3MM,-,HABASIT/-/-,KTM-MNSTR,3.00
SP73503800,,BELT ENDLESS,,TC-20EF,960X30MM,-,HABASIT/-/-,KTM-MNSTR,6.00
SP73503800,,BELT ENDLESS,,TC-35EF,-/ 2675X40X3MM,-,HABASIT/-,KTM-MNSTR,2.00
SP73503800,,BELT ENDLESS,,TC-35EF,-/ 2828X50X3MM,-,HABASIT/-/-,KTM-MNSTR,2.00
SP73503800,,BELT ENDLESS,,TC-35EF,-/ 3440X70X3MM,-,-,KTM-MNSTR,3.00
SP73503800,,BELT ENDLESS,,TC-35EF,-/20X882,-,-,KTM-MNSTR,2.00
SP73503800,,BELT ENDLESS,,TC-35EF,-/2680X40X3MM,-,HABASIT/-,KTM-MNSTR,5.00
SP73503800,,BELT ENDLESS,,TC-35ER,-/ 1095X20X3MM,-,HABASIT/-/-,KTM-MNSTR,4.00
SP73503800,,BELT ENDLESS,,TC-35ER,-/1001X30X2MM,-,HABASIT/-,KTM-MNSTR,6.00
SP73503800,,BELT ENDLESS,,TC-35ER,-/1550X30X3MM,-,HABASIT/-,KTM-MNSTR,4.00
SP73503800,,BELT ENDLESS,,TC-35ER,-/1590X18MM,-,-,KTM-MNSTR,2.00
SP73503800,,BELT ENDLESS,,TC-35ER,-/2100X40X3MM,-,-,KTM-MNSTR,1.00
SP73503800,,BELT ENDLESS,,TC-35ER,-/2138X25MM,-,HABASIT/SWISS/-,KTM-MNSTR,4.00
SP73503800,,BELT ENDLESS,,TC-35ER,-/2160X18X1.5MM,-,HABASIT/SWISS/-,KTM-MNSTR,2.00
SP73503800,,BELT ENDLESS,,TC-35ER,-/3270X30X3MM,-,HABASIT/-,KTM-MNSTR,3.00
SP73503800,,BELT ENDLESS,,TC-35ER,-/620X30X2.5MM,-,HABASIT/SWISS/-,KTM-MNSTR,10.00
SP73503800,,BELT ENDLESS,,TC-35ER,2140X40X3MM,-,HABASIT/-,KTM-MNSTR,2.00
SP73503800,,BELT ENDLESS,,TC-35ER,1001X25X2MM,-/GREEN,HABASIT/-/-,KTM-MNSTR,10.00
SP73503800,,BELT ENDLESS,,TC-35ER,2760X40X3MM,-/GREEN,-,KTM-MNSTR,3.00
SP73503800,,BELT ENDLESS,,TE-20,-/ 5410X20X2MM,-,-,KTM-MNSTR,6.00
SP73503800,,BELT ENDLESS,,TF-15,-/13700X15X2MM,-,-,KTM-MNSTR,7.00
SP73503800,,BELT ENDLESS,,TF-15,-/17880X15MM,-,HABASIT/SWISS/-,KTM-MNSTR,1.00
SP73503800,,BELT ENDLESS,,WEB,-/ 1330X100X1MM,-,CHINA/JINGWEI/JWF 1213A,KTM-MNSTR,8.00
SP73503800,,BELT ENDLESS,,WEB,-/ 1330X108X1MM,-,-,KTM-MNSTR,10.00
SP73503800,,BELT ENDLESS,,WEB,-/1010X110X1MM,-,-,CRD-WH,-20.00
SP73503800,,BELT ENDLESS,,WEB,-/1010X110X1MM,-,-,KTM-MNSTR,8.00
SP73503800,,BELT ENDLESS,,WEB,-/1010X110X1MM,-,-,KTM-TRNSIT,20.00
SP73503800,,BELT ENDLESS,,WEB,-/1015X64X1.5MM,-,HABASIT/SWISS/-,KTM-MNSTR,10.00
SP73503800,,BELT ENDLESS,,XVR,-/1834X40X3MM,-,HABASIT/-,KTM-MNSTR,13.00
SP73503800,,BELT ENDLESS,,XVR-2339,-/1815X40X2MM,-,HABASIT/-/-,KTM-MNSTR,4.00
SP73503800,,BELT ENDLESS,,XVR-2339,-/1834X40X2MM,-,HABASIT/SWISS/-,KTM-MNSTR,1.00
SP73503800,,BELT ENDLESS,,XVR-2339,-/2018X50X2MM,-,HABASIT/SWISS/-,KTM-MNSTR,3.00
SP73503800,,BELT ENDLESS,,XVR-2339,-/3450X30X2MM,-,HABASIT/-/-,KTM-MNSTR,2.00
SP73503810,,BELT ENDLESS FOC,,-,-/1200X80X3MM,-,-/HABASIT/-,KTM-MNSTR,1.00
SP73504050,,BELT ROUND,,-,DRUM/424X6MM,-,-,KTM-MNSTR,300.00
SP73504100,,BELT TIMING,,-,-,-,-,KTM-MNSTR,25.00
SP73504100,,BELT TIMING,,-,-,-,-/MURATA/Q PRO PLUS,KTM-MNSTR,5.00
SP73504100,,BELT TIMING,,-,-/ 1008-8M-30MM HTD,-,POWER GRIP/UK/-,KTM-MNSTR,2.00
SP73504100,,BELT TIMING,,-,-/ 1112-8M-50MM HTD,-,POWER GRIP/UK/-,KTM-MNSTR,2.00
SP73504100,,BELT TIMING,,-,-/ 1125-25-5MM,-,-,KTM-MNSTR,2.00
SP73504100,,BELT TIMING,,-,-/ 1424-8M-20,-,-,KTM-MNSTR,6.00
SP73504100,,BELT TIMING,,-,-/ 1584-8M-25 HTD,-,OPTI/-/-,KTM-MNSTR,15.00
SP73504100,,BELT TIMING,,-,-/ 1960-30-8M-HTD,-,OPTI/GERMANY/-,KTM-MNSTR,4.00
SP73504100,,BELT TIMING,,-,-/ 2000-25-5MM,-,-,KTM-MNSTR,6.00
SP73504100,,BELT TIMING,,-,-/ 2504-20-8M-HTD,-,OPTI/-/-,KTM-MNSTR,3.00
SP73504100,,BELT TIMING,,-,-/ 540-H-150,-,OPTI/GERMANY/-,KTM-MNSTR,5.00
SP73504100,,BELT TIMING,,-,-/ 570-H-300,-,OPTI/-/-,KTM-MNSTR,10.00
SP73504100,,BELT TIMING,,-,-/ 810-H-100,-,OPTI/-/-,KTM-MNSTR,10.00
SP73504100,,BELT TIMING,,-,-/ 8M-1320-25MM HTD-DA,-,OPTI/-/-,KTM-MNSTR,11.00
SP73504100,,BELT TIMING,,-,-/ 900 T 5 B25,-,OPTI/JAPAN/-,KTM-MNSTR,16.00
SP73504100,,BELT TIMING,,-,-/ 900-H-100,-,OPTI/-/-,KTM-MNSTR,2.00
SP73504100,,BELT TIMING,,-,-/ 900-H-200,-,-,KTM-MNSTR,4.00
SP73504100,,BELT TIMING,,-,-/ 960-8M-40,-,OPTI/-/-,KTM-MNSTR,4.00
SP73504100,,BELT TIMING,,-,-/ EP 320-H-100,-,OPTI/GERMANY/-,KTM-MNSTR,1.00
SP73504100,,BELT TIMING,,-,-/ S-8M-1224-25,-,OPTI/-/-,KTM-MNSTR,3.00
SP73504100,,BELT TIMING,,-,-/ S-8M-2104-20M,-,OPTI/-/-,KTM-MNSTR,6.00
SP73504100,,BELT TIMING,,-,-/ T-10-3040,-,ITALY/BONDS/-,KTM-MNSTR,2.00
SP73504100,,BELT TIMING,,-,-/ T-10-3040,-,OPTI/-/-,KTM-MNSTR,2.00
SP73504100,,BELT TIMING,,-,-/ T-8-LW-1000-B-20,-,OPTI/GERMANY/-,KTM-MNSTR,3.00
SP73504100,,BELT TIMING,,-,-/1000-8M-20,-,-,KTM-MNSTR,3.00
SP73504100,,BELT TIMING,,-,-/1048-8M-30,-,OPTI/-/-,KTM-MNSTR,7.00
SP73504100,,BELT TIMING,,-,-/1125X20X5MM,-,-,KTM-MNSTR,12.00
SP73504100,,BELT TIMING,,-,-/1136X50MM S-8M/-,-,-,KTM-MNSTR,1.00
SP73504100,,BELT TIMING,,-,-/1200X8X40MM-HTD,-,OPTI/GERMANY/-,KTM-MNSTR,4.00
SP73504100,,BELT TIMING,,-,-/1216-8M-40,-,OPTI/-/-,KTM-MNSTR,11.00
SP73504100,,BELT TIMING,,-,-/1240-8M-40,-,OPTI/-/-,KTM-MNSTR,2.00
SP73504100,,BELT TIMING,,-,-/1264X8X24MM,-,OPTI/-/-,KTM-MNSTR,5.00
SP73504100,,BELT TIMING,,-,-/1280-8M-50,-,OPTI/-/-,KTM-MNSTR,2.00
SP73504100,,BELT TIMING,,-,-/1360-8M-20,-,OPTI/-/-,KTM-MNSTR,3.00
SP73504100,,BELT TIMING,,-,-/1520-8M-20,-,OPTI/-/-,KTM-MNSTR,5.00
SP73504100,,BELT TIMING,,-,-/1976-8M-35,-,OPTI/-/-,KTM-MNSTR,2.00
SP73504100,,BELT TIMING,,-,-/25-T5-1050,-,OPTI/-/-,KTM-MNSTR,8.00
SP73504100,,BELT TIMING,,-,-/2680-8M-20,-,OPTI/GERMANY/-,KTM-MNSTR,5.00
SP73504100,,BELT TIMING,,-,-/270-H-100,-,OPTI/JAPAN/-,KTM-MNSTR,4.00
SP73504100,,BELT TIMING,,-,-/352-8M-10,-,OPTI/-/-,KTM-MNSTR,8.00
SP73504100,,BELT TIMING,,-,-/367-L,-,-,KTM-MNSTR,2.00
SP73504100,,BELT TIMING,,-,-/480-8M-20,-,OPTI/GERMANY/-,KTM-MNSTR,23.00
SP73504100,,BELT TIMING,,-,-/600X50X8,-,-,KTM-MNSTR,4.00
SP73504100,,BELT TIMING,,-,-/728-8M-40,-,OPTI/-/-,KTM-MNSTR,2.00
SP73504100,,BELT TIMING,,-,-/880-8M-20,-,OPTI/GERMANY/-,KTM-MNSTR,3.00
SP73504100,,BELT TIMING,,-,-/920-8M-20,-,OPTI/GERMANY/-,KTM-MNSTR,3.00
SP73504100,,BELT TIMING,,-,-/952-8M-40,-,OPTI/-/-,KTM-MNSTR,9.00
SP73504100,,BELT TIMING,,-,-/DS-T5-LW-1350-20,-,-,KTM-MNSTR,7.00
SP73504100,,BELT TIMING,,-,-/GT3  1120-8M-85MM GT,-,POWER GRIP/UK/-,KTM-MNSTR,10.00
SP73504100,,BELT TIMING,,-,-/GT4  1120-8M-85MM GT/-,-,-,KTM-MNSTR,1.00
SP73504100,,BELT TIMING,,-,-/HTD-DA 744-8M-20,-,OPTI/-/-,KTM-MNSTR,10.00
SP73504100,,BELT TIMING,,-,-/M8-1760-50,-,OPTI/GERMANY/-,KTM-MNSTR,2.00
SP73504100,,BELT TIMING,,-,-/M8-1800-50,-,OPTI/GERMANY/-,KTM-MNSTR,2.00
SP73504100,,BELT TIMING,,-,-/M8-976-40,-,OPTI/-/-,KTM-MNSTR,6.00
SP73504100,,BELT TIMING,,-,1040-8M-15,-,OPTI/-/-,KTM-MNSTR,7.00
SP73504100,,BELT TIMING,,-,1040-8M-30,-,-,KTM-MNSTR,1.00
SP73504100,,BELT TIMING,,-,1500-8M-20 HTD,-,OPTI/-/-,KTM-MNSTR,5.00
SP73504100,,BELT TIMING,,-,DOUBLE TEETH/ 2000-8M-25-HTD,-,OPTI/-/-,KTM-MNSTR,5.00
SP73504100,,BELT TIMING,,-,DOUBLE TEETH/435 T5XB10,-,-,KTM-MNSTR,10.00
SP73504100,,BELT TIMING,,-,HP 1360 8M-15 Z170/-,-,OPTI/GERMANY/-,KTM-MNSTR,3.00
SP73504100,,BELT TIMING,,-,HP/1120 8M-15 Z140/-,-,OPTI/GERMANY/-,KTM-MNSTR,3.00
SP73504100,,BELT TIMING,,-,TIMING MURATIC SPEC/-,-,-/MURATA/Q PRO PLUS,KTM-MNSTR,5.00
SP73504110,,BELT TIMING FOC,,-,-,-,-,KTM-MNSTR,3.00
SP73504110,,BELT TIMING FOC,,-,EHRE/8M-1424-25 HTD,-,-,KTM-MNSTR,1.00
SP73504110,,BELT TIMING FOC,,-,HTD/1216-8M,-,-,KTM-MNSTR,1.00
SP73504110,,BELT TIMING FOC,,-,TOOTHED/-,-,-,KTM-MNSTR,1.00
SP73504110,,BELT TIMING FOC,,-,Z/105 # 840,-,-,KTM-MNSTR,5.00
SP73504110,,BELT TIMING FOC,,-,Z/169 # 1352,-,-,KTM-MNSTR,5.00
SP73504200,,BELT-V,,-,-/ 3V-600 GROOVED,-,-,KTM-MNSTR,10.00
SP73504200,,BELT-V,,-,-/ 3V-640 GROOVED,-,DONGIL /KOREA/-,KTM-MNSTR,10.00
SP73504200,,BELT-V,,-,-/1900/XPZ,-,DONGIL SAILING BOAT /-/-,KTM-MNSTR,8.00
SP73504200,,BELT-V,,-,-/8PJ-1753-LW,-,-,KTM-MNSTR,6.00
SP73504200,,BELT-V,,-,3V GROOVED/800,-,-,KTM-MNSTR,14.00
SP73504200,,BELT-V,,-,3V GROOVED/800,-,ITALY/BONDS,KTM-MNSTR,6.00
SP73504200,,BELT-V,,-,3V GROOVED/800,-,MITSUBA/-/-,KTM-MNSTR,6.00
SP73504200,,BELT-V,,-,A/104,-,DONGIL SAILING BOAT /-/-,KTM-MNSTR,12.00
SP73504200,,BELT-V,,-,A/106,-,CONDOR/-/-,KTM-MNSTR,12.00
SP73504200,,BELT-V,,-,A/137,-,DONGIL /KOREA/-,KTM-MNSTR,4.00
SP73504200,,BELT-V,,-,A/138,-,DONGIL /KOREA/-,KTM-MNSTR,1.00
SP73504200,,BELT-V,,-,A/145,-,DONGIL /KOREA/-,KTM-MNSTR,4.00
SP73504200,,BELT-V,,-,A/148,-,-,KTM-MNSTR,6.00
SP73504200,,BELT-V,,-,A/152,-,ITALY/BONDS,KTM-MNSTR,6.00
SP73504200,,BELT-V,,-,A/160,-,DONGIL SAILING BOAT /-/-,KTM-MNSTR,2.00
SP73504200,,BELT-V,,-,A/164,-,DONGIL/KOREA/-,KTM-MNSTR,12.00
SP73504200,,BELT-V,,-,A/168,-,DONGIL/KOREA/-,KTM-MNSTR,7.00
SP73504200,,BELT-V,,-,A/172,-,DONGIL SAILING BOAT /-/-,KTM-MNSTR,8.00
SP73504200,,BELT-V,,-,A/24,-,-,KTM-MNSTR,4.00
SP73504200,,BELT-V,,-,A/27,-,DONGIL /KOREA/-,KTM-MNSTR,5.00
SP73504200,,BELT-V,,-,A/28,-,-,KTM-MNSTR,11.00
SP73504200,,BELT-V,,-,A/31,-,BANDO/-/-,KTM-MNSTR,8.00
SP73504200,,BELT-V,,-,A/37,-,-,KTM-MNSTR,7.00
SP73504200,,BELT-V,,-,A/39,-,DONGIL SAILING BOAT /-/-,KTM-MNSTR,1.00
SP73504200,,BELT-V,,-,A/40,-,-,KTM-MNSTR,8.00
SP73504200,,BELT-V,,-,A/44,-,DONGIL /KOREA/-,KTM-MNSTR,8.00
SP73504200,,BELT-V,,-,A/46,-,-,KTM-MNSTR,10.00
SP73504200,,BELT-V,,-,A/54,-,BANDO/JAPAN/-,KTM-MNSTR,26.00
SP73504200,,BELT-V,,-,A/55,-,-,KTM-MNSTR,10.00
SP73504200,,BELT-V,,-,A/59,-,ITALY/BONDS,KTM-MNSTR,6.00
SP73504200,,BELT-V,,-,A/60,-,-,KTM-MNSTR,8.00
SP73504200,,BELT-V,,-,A/61,-,-,KTM-MNSTR,4.00
SP73504200,,BELT-V,,-,A/62,-,-,KTM-MNSTR,10.00
SP73504200,,BELT-V,,-,A/62,-,DONGIL SAILING BOAT /-/-,BRM-WH,-6.00
SP73504200,,BELT-V,,-,A/62,-,DONGIL SAILING BOAT /-/-,KTM-TRNSIT,6.00
SP73504200,,BELT-V,,-,A/63,-,-,KTM-MNSTR,4.00
SP73504200,,BELT-V,,-,A/64,-,-,KTM-MNSTR,14.00
SP73504200,,BELT-V,,-,A/66,-,-,KTM-MNSTR,6.00
SP73504200,,BELT-V,,-,A/67,-,-,KTM-MNSTR,6.00
SP73504200,,BELT-V,,-,A/70,-,DONGIL SAILING BOAT /-/-,KTM-MNSTR,1.00
SP73504200,,BELT-V,,-,A/70,-,DONGIL/KOREA/-,KTM-MNSTR,4.00
SP73504200,,BELT-V,,-,A/71,-,DONGIL /KOREA/-,KTM-MNSTR,6.00
SP73504200,,BELT-V,,-,A/72,-,-,KTM-MNSTR,6.00
SP73504200,,BELT-V,,-,A/73,-,CONDOR/-/-,KTM-MNSTR,3.00
SP73504200,,BELT-V,,-,A/74,-,-,KTM-MNSTR,4.00
SP73504200,,BELT-V,,-,A/74,-,CONDOR/-/-,KTM-MNSTR,2.00
SP73504200,,BELT-V,,-,A/75,-,-,KTM-MNSTR,6.00
SP73504200,,BELT-V,,-,A/76,-,-,KTM-MNSTR,6.00
SP73504200,,BELT-V,,-,A/77,-,-,KTM-MNSTR,2.00
SP73504200,,BELT-V,,-,A/77,-,ITALY/BONDS,KTM-MNSTR,6.00
SP73504200,,BELT-V,,-,A/78,-,-,KTM-MNSTR,14.00
SP73504200,,BELT-V,,-,A/80,-,ITALY/BONDS,KTM-MNSTR,12.00
SP73504200,,BELT-V,,-,A/81,-,DONGIL/KOREA/-,KTM-MNSTR,7.00
SP73504200,,BELT-V,,-,A/86,-,DONGIL SAILING BOAT /-/-,KTM-MNSTR,2.00
SP73504200,,BELT-V,,-,A/88,-,-,KTM-MNSTR,4.00
SP73504200,,BELT-V,,-,A/88,-,DONGIL SAILING BOAT /-/-,KTM-MNSTR,2.00
SP73504200,,BELT-V,,-,A/93,-,-,KTM-MNSTR,6.00
SP73504200,,BELT-V,,-,A/94,-,-,KTM-MNSTR,4.00
SP73504200,,BELT-V,,-,A/95,-,-,KTM-MNSTR,3.00
SP73504200,,BELT-V,,-,A-GROOVED/80,-,-,KTM-MNSTR,30.00
SP73504200,,BELT-V,,-,A-GROOVED/80,-,MITSUBA/-/-,KTM-MNSTR,20.00
SP73504200,,BELT-V,,-,B/102,-,-,KTM-MNSTR,2.00
SP73504200,,BELT-V,,-,B/104,-,DONGIL /KOREA/-,KTM-MNSTR,14.00
SP73504200,,BELT-V,,-,B/105,-,-,KTM-MNSTR,8.00
SP73504200,,BELT-V,,-,B/106,-,DONGIL SAILING BOAT /-/-,KTM-MNSTR,4.00
SP73504200,,BELT-V,,-,B/106,-,MITSUBOSHI/-/-,KTM-MNSTR,2.00
SP73504200,,BELT-V,,-,B/114,-,DONGIL SAILING BOAT /-/-,KTM-MNSTR,8.00
SP73504200,,BELT-V,,-,B/116,-,KAIOU/SINGAPORE/-,KTM-MNSTR,10.00
SP73504200,,BELT-V,,-,B/118,-,-,KTM-MNSTR,12.00
SP73504200,,BELT-V,,-,B/122,-,DONGIL /KOREA/-,KTM-MNSTR,10.00
SP73504200,,BELT-V,,-,B/128,-,DONGIL /KOREA/-,KTM-MNSTR,6.00
SP73504200,,BELT-V,,-,B/132,-,-,KTM-MNSTR,6.00
SP73504200,,BELT-V,,-,B/185,-,DONGIL/KOREA/-,KTM-MNSTR,18.00
SP73504200,,BELT-V,,-,B/188,-,-,KTM-MNSTR,14.00
SP73504200,,BELT-V,,-,B/208,-,DONGIL SAILING BOAT /-/-,KTM-MNSTR,2.00
SP73504200,,BELT-V,,-,B/30,-,-,KTM-MNSTR,2.00
SP73504200,,BELT-V,,-,B/37,-,DONGIL/KOREA/-,KTM-MNSTR,5.00
SP73504200,,BELT-V,,-,B/40,-,-,KTM-MNSTR,30.00
SP73504200,,BELT-V,,-,B/40,-,BANDO/JAPAN/-,KTM-MNSTR,-30.00
SP73504200,,BELT-V,,-,B/40,-,ITALY/BONDS,KTM-MNSTR,30.00
SP73504200,,BELT-V,,-,B/41,-,-,KTM-MNSTR,5.00
SP73504200,,BELT-V,,-,B/41,-,ITALY/BONDS,KTM-MNSTR,14.00
SP73504200,,BELT-V,,-,B/42,-,-,KTM-MNSTR,63.00
SP73504200,,BELT-V,,-,B/48,-,-,KTM-MNSTR,104.00
SP73504200,,BELT-V,,-,B/49,-,-,KTM-MNSTR,15.00
SP73504200,,BELT-V,,-,B/50,-,-,KTM-MNSTR,31.00
SP73504200,,BELT-V,,-,B/51,-,-,KTM-MNSTR,31.00
SP73504200,,BELT-V,,-,B/52,-,BANDO/JAPAN/-,KTM-MNSTR,25.00
SP73504200,,BELT-V,,-,B/52,-,DONGIL/KOREA/-,KTM-MNSTR,16.00
SP73504200,,BELT-V,,-,B/55,-,MITSUBOSHI/-/-,KTM-MNSTR,8.00
SP73504200,,BELT-V,,-,B/66,-,DONGIL/KOREA/-,KTM-MNSTR,6.00
SP73504200,,BELT-V,,-,B/67,-,-,KTM-MNSTR,5.00
SP73504200,,BELT-V,,-,B/70,-,-,KTM-MNSTR,31.00
SP73504200,,BELT-V,,-,B/72,-,-,KTM-MNSTR,9.00
SP73504200,,BELT-V,,-,B/73,-,-,KTM-MNSTR,6.00
SP73504200,,BELT-V,,-,B/74,-,-,KTM-MNSTR,6.00
SP73504200,,BELT-V,,-,B/78,-,-,KTM-MNSTR,4.00
SP73504200,,BELT-V,,-,B/78,-,CONDOR/-/-,KTM-MNSTR,2.00
SP73504200,,BELT-V,,-,B/80,-,DONGIL SAILING BOAT /-/-,KTM-MNSTR,5.00
SP73504200,,BELT-V,,-,B/84,-,KAIOU/SINGAPORE/-,KTM-MNSTR,16.00
SP73504200,,BELT-V,,-,B/86,-,DONGIL SAILING BOAT /-/-,KTM-MNSTR,4.00
SP73504200,,BELT-V,,-,B/88,-,-,KTM-MNSTR,6.00
SP73504200,,BELT-V,,-,B/91,-,-,KTM-MNSTR,8.00
SP73504200,,BELT-V,,-,B/93,-,-,KTM-MNSTR,4.00
SP73504200,,BELT-V,,-,B/94,-,-,KTM-MNSTR,5.00
SP73504200,,BELT-V,,-,B/95,-,CONDOR/-/-,KTM-MNSTR,4.00
SP73504200,,BELT-V,,-,B/98,-,DONGIL SAILING BOAT /-/-,KTM-MNSTR,4.00
SP73504200,,BELT-V,,-,C/105,-,DONGIL /KOREA/-,KTM-MNSTR,5.00
SP73504200,,BELT-V,,-,C/150,-,-,KTM-MNSTR,12.00
SP73504200,,BELT-V,,-,DOUBLE HBB/3150,-,-,KTM-MNSTR,3.00
SP73504200,,BELT-V,,-,HZ/512,-,DONGIL /KOREA/-,KTM-MNSTR,34.00
SP73504200,,BELT-V,,-,HZ/560,-,-,KTM-MNSTR,17.00
SP73504200,,BELT-V,,-,RIBBED/8PJ-1058-LW,-,-,KTM-MNSTR,4.00
SP73504200,,BELT-V,,-,RIBBED/8PJ-1244-LW,-,-,KTM-MNSTR,11.00
SP73504200,,BELT-V,,-,RIBBED/8PJ-1956-LW,-,-,KTM-MNSTR,10.00
SP73504200,,BELT-V,,-,RIBBED/8PJ-2489-LW,-,-,KTM-MNSTR,6.00
SP73504200,,BELT-V,,-,RIBBED/DIN 7867.10P J2337,-,-,KTM-MNSTR,5.00
SP73504200,,BELT-V,,-,RIBBED/DIN 7867.6P J2083,-,-,KTM-MNSTR,3.00
SP73504200,,BELT-V,,-,RIBBED/DIN 7867.8P J1016,-,-,KTM-MNSTR,6.00
SP73504200,,BELT-V,,-,RIBBED/DIN 7867.8P J1054,-,-,KTM-MNSTR,5.00
SP73504200,,BELT-V,,-,RIBBED/DIN 7867.8P J1092,-,-,KTM-MNSTR,6.00
SP73504200,,BELT-V,,-,RIBBED/DIN 7867.8P J1244,-,-,KTM-MNSTR,2.00
SP73504200,,BELT-V,,-,RIBBED/DIN 7867.8P J1245,-,-,KTM-MNSTR,2.00
SP73504200,,BELT-V,,-,RIBBED/DIN 7867.8P J1270,-,-,KTM-MNSTR,2.00
SP73504200,,BELT-V,,-,RIBBED/DIN 7867.8P J1549,-,-,KTM-MNSTR,8.00
SP73504200,,BELT-V,,-,SK /35,-,OPTI/GERMANY/-,KTM-MNSTR,6.00
SP73504200,,BELT-V,,-,SK /65,-,DONGIL SAILING BOAT /-/-,KTM-MNSTR,3.00
SP73504200,,BELT-V,,-,SK /69,-,-,KTM-MNSTR,20.00
SP73504200,,BELT-V,,-,SPA/1425,-,-,KTM-MNSTR,15.00
SP73504200,,BELT-V,,-,SPA/1500,-,-,KTM-MNSTR,8.00
SP73504200,,BELT-V,,-,SPA/1550,-,-,KTM-MNSTR,4.00
SP73504200,,BELT-V,,-,SPA/1600,-,DONGIL /KOREA/-,KTM-MNSTR,38.00
SP73504200,,BELT-V,,-,SPB/1600,-,DONGIL /KOREA/-,KTM-MNSTR,8.00
SP73504200,,BELT-V,,-,SPB/4250,-,-,KTM-MNSTR,4.00
SP73504200,,BELT-V,,-,SPZ/1330,-,-,KTM-MNSTR,9.00
SP73504200,,BELT-V,,-,SPZ/1525X9.5MM,-,-,KTM-MNSTR,8.00
SP73504200,,BELT-V,,-,SPZ/1800,-,-,KTM-MNSTR,11.00
SP73504200,,BELT-V,,-,SPZ/1800,-,BANDO/-/-,KTM-MNSTR,8.00
SP73504200,,BELT-V,,-,SPZ/1800,-,MITSUBA/-/-,KTM-MNSTR,20.00
SP73504200,,BELT-V,,-,SPZ/1862,-,DONGIL SAILING BOAT /-/-,KTM-MNSTR,12.00
SP73504200,,BELT-V,,-,SPZ/520,-,-,KTM-MNSTR,12.00
SP73504200,,BELT-V,,-,SPZ/680,-, KAIOU/ SINGAPORE/-,KTM-MNSTR,15.00
SP73504200,,BELT-V,,-,XPA LW/5542,-,-,KTM-MNSTR,2.00
SP73504200,,BELT-V,,-,XPA/2450,-,DONGIL SAILING BOAT /-/-,KTM-MNSTR,6.00
SP73504200,,BELT-V,,-,XPA/2607,-,-,KTM-MNSTR,3.00
SP73504200,,BELT-V,,-,XPZ/2220,-,-,KTM-MNSTR,5.00
SP73504200,,BELT-V,,-,XPZ/3000,-,DONGIL/KOREA/-,KTM-MNSTR,4.00
SP73504200,,BELT-V,,-,XPZ/3363,-,DONGIL /KOREA/-,KTM-MNSTR,3.00
SP73504300,,BLADE,,-,KNOTTER /15G,-,SAWLLOW/CHINA/-,BRM-WH,-100.00
SP73504300,,BLADE,,-,KNOTTER /15G,-,SAWLLOW/CHINA/-,KTM-MNSTR,"13,700.00"
SP73504300,,BLADE,,-,KNOTTER /15G,-,SAWLLOW/CHINA/-,KTM-TRNSIT,100.00
SP73504300,,BLADE,,PLASTIC,"SCRAPER/1""X41""X1MM",-/GREEN,-/-/MK-4,KTM-MNSTR,26.00
SP73504300,,BLADE,,S.S, STATIONARY SHEAR /-,-,-,KTM-MNSTR,1.00
SP73504300,,BLADE,,S.S,SCISSOR/-,-,-,KTM-MNSTR,180.00
SP73504300,,BLADE,,S.S,STATIONARY SHEAR /-,-,-,KTM-MNSTR,1.00
SP73504320,,BLADE FOC,,STEEL,SHEAR PIVOTING/-,-,GERMANY/SCHLAFHORST/X 6,KTM-MNSTR,2.00
SP73504900,,BOOT,,RUBBER,FL-16/-,-,-,KTM-MNSTR,9.00
SP73505000,,BRACKET,,-,-,-,-,KTM-MNSTR,18.00
SP73505000,,BRACKET,,-,ARM LEFT-RIGHT/-,-,-,KTM-MNSTR,8.00
SP73505000,,BRACKET,,-,BACK ROLL DRIVE PIN LEFT/-,-,-,KTM-MNSTR,2.00
SP73505000,,BRACKET,,-,BACK ROLL DRIVE PIN RIGHT/-,-,-,KTM-MNSTR,2.00
SP73505000,,BRACKET,,-,BUILDER MOTION/-,-,-,KTM-MNSTR,1.00
SP73505000,,BRACKET,,-,DOFFING ROD DOUBLE/-,-,-/-/FA-503,KTM-MNSTR,72.00
SP73505000,,BRACKET,,-,DOUBLE ANCHOR /-,-,-,KTM-MNSTR,1.00
SP73505000,,BRACKET,,-,DOUBLE ANCHOR /-,-,-/-/FL-16,KTM-MNSTR,1.00
SP73505000,,BRACKET,,-,DRUM BRAKE/-,-,-,KTM-MNSTR,27.00
SP73505000,,BRACKET,,-,L TYPE/-,-,-,KTM-MNSTR,2.00
SP73505000,,BRACKET,,-,MAGAZINE/-,-,-,KTM-MNSTR,8.00
SP73505000,,BRACKET,,-,MAIN SHAFT/-,-,-,KTM-MNSTR,2.00
SP73505000,,BRACKET,,-,MIDDLE DRIVE PIN LEFT/-,-,-,KTM-MNSTR,2.00
SP73505000,,BRACKET,,-,MIDDLE DRIVE PIN RIGHT/-,-,-,KTM-MNSTR,2.00
SP73505000,,BRACKET,,-,RACK/-,-,-,KTM-MNSTR,2.00
SP73505000,,BRACKET,,-,ROVING PIPE EXTENSION WITH UNDER HEAD L.KEY SCREW/-,-,-,KTM-MNSTR,32.00
SP73505000,,BRACKET,,-,SAFETY/-,-,-,KTM-MNSTR,3.00
SP73505000,,BRACKET,,-,SENSOR /-,-,-,KTM-MNSTR,14.00
SP73505000,,BRACKET,,-,TENSION PATTELI COMPLETE/-,-,-,KTM-MNSTR,3.00
SP73505000,,BRACKET,,-,"UNIVERSAL FOR CAN WHEEL/4""",-,-,KTM-MNSTR,9.00
SP73505000,,BRACKET,,C.I,BRAKE DRAFT/-,-,-/-/FA-502,KTM-MNSTR,4.00
SP73505000,,BRACKET,,C.I,JOCKEY PULLEY W/ROD AND SCREW COMPLETE/-,-,-,KTM-MNSTR,250.00
SP73505000,,BRACKET,,C.I,LAPPET ROD LEFT,-,-/-/FA-721,KTM-MNSTR,50.00
SP73505000,,BRACKET,,C.I,LAPPET ROD RIGHT,-,-/-/FA-721,KTM-MNSTR,50.00
SP73505000,,BRACKET,,C.I,TWIST WHEEL WITH DOUBLE LOCK/BEARING SIZE 6206,-,-/-/DTM-129,KTM-MNSTR,5.00
SP73505000,,BRACKET,,M.S,DOFFING ROD DOUBLE/-,-,-/-/FA-503,KTM-MNSTR,22.00
SP73505000,,BRACKET,,M.S,LIFTER RACK/-,-,-/-/FL-16,KTM-MNSTR,2.00
SP73505000,,BRACKET,,M.S,ROVING ROD LARGE/-,-,-/-/FA-503,KTM-MNSTR,53.00
SP73505000,,BRACKET,,M.S,SEPARTOR /-,-,-/-/FA-503,KTM-MNSTR,300.00
SP73505000,,BRACKET,,NYLON,COMPACT SUCTION PIPE/-,-,-,KTM-MNSTR,200.00
SP73505000,,BRACKET,,NYLON,USTER/-,-,-,KTM-MNSTR,55.00
SP73505000,,BRACKET,,PEWTER,LAPPET RING RAIL/LEFT,-,-,KTM-MNSTR,100.00
SP73505000,,BRACKET,,PLASTIC,CHINA SIMPLEX/-,-,-/CHINA/SFA-40,KTM-MNSTR,7.00
SP73505000,,BRACKET,,PLASTIC,COMPACT TUBE TENSION/-,-,-,KTM-MNSTR,"1,465.00"
SP73505000,,BRACKET,,PLASTIC,SUCTION COMPACT TUBE L\R/-,-,-,KTM-MNSTR,681.00
SP73505000,,BRACKET,,PLASTIC,TOP COMB/-,-,-/-/E-7/4,KTM-MNSTR,22.00
SP73505000,,BRACKET,,TEFLON,-/-/-,-,-,KTM-MNSTR,50.00
SP73505010,,BRACKET FOC,,-,SENSOR,-,TURKEY/ASTEKS/SF 201,KTM-MNSTR,1.00
SP73505010,,BRACKET FOC,,-,TIGHTENER/-,-,ITALY/MARZOLI/FT6E,KTM-MNSTR,6.00
SP73505010,,BRACKET FOC,,C.I,DRAFT,-,CHINA/JINGWI/F 1520,KTM-MNSTR,2.00
SP73505010,,BRACKET FOC,,M.S,JOKKEY PULLEY,-,CHINA/JINGWI/F 1520,KTM-MNSTR,5.00
SP73505010,,BRACKET FOC,,PLASTIC,LAPPET,-,CHINA/JINGWI/F 1520,KTM-MNSTR,4.00
SP73505010,,BRACKET FOC,,TEFLON,"TYPE ""L""",-,CHINA/JINGWI/F 1520,KTM-MNSTR,2.00
SP73505050,,BRACKET USED,,-,LEFT-RIGHT MACHCONER/-,-,-,KTM-MNSTR,10.00
SP73505400,,BRUSH,,-,-,-,-,KTM-MNSTR,40.00
SP73505600,,BUSH,,-,-,-,-,KTM-MNSTR,332.00
SP73505600,,BUSH,,-, DX -DU-NDC/40X20,-,-,KTM-MNSTR,51.00
SP73505600,,BUSH,,-,"-/INNER DIA 14, OUTER DIA 16 X 1.5",-,-,KTM-MNSTR,100.00
SP73505600,,BUSH,,-,BEARING/-,-,JENBACHER/-/-,KTM-MNSTR,1.00
SP73505600,,BUSH,,-,CARRIER/-,-,-,KTM-MNSTR,6.00
SP73505600,,BUSH,,-,DU (NDC)/8X8MM,-,-,KTM-MNSTR,28.00
SP73505600,,BUSH,,-,DU/10X10MM,-,-,KTM-MNSTR,130.00
SP73505600,,BUSH,,-,DU/12X20MM,-,-,KTM-MNSTR,45.00
SP73505600,,BUSH,,-,DU/15X12MM,-,-,KTM-MNSTR,25.00
SP73505600,,BUSH,,-,DU/15X15MM,-,-,KTM-MNSTR,170.00
SP73505600,,BUSH,,-,DU/20X20MM,-,-,KTM-MNSTR,40.00
SP73505600,,BUSH,,-,DU/4X4MM,-,-,KTM-MNSTR,437.00
SP73505600,,BUSH,,-,DU/8X12MM,-,-,KTM-MNSTR,10.00
SP73505600,,BUSH,,-,END/-,-,-,KTM-MNSTR,4.00
SP73505600,,BUSH,,-,MAIN MOTOR/-,-,-/-/F-1520,KTM-MNSTR,1.00
SP73505600,,BUSH,,ALUMINUM,GUIDE/-,-,-/-/338,KTM-MNSTR,11.00
SP73505600,,BUSH,,BRASS,-/6X10X8MM,-,-,KTM-MNSTR,101.00
SP73505600,,BUSH,,NYLON,LENGTH13XOUT DIA12XBORE11MM,-,MARZOLI/-/-,KTM-MNSTR,100.00
SP73505600,,BUSH,,RUBBER,PNEUMAFIL FOR SUCTION SMALL/-,-,-,KTM-MNSTR,34.00
SP73505600,,BUSH,,RUBBER,PNEUMAFIL WITH BUSH/-,-,-,KTM-MNSTR,62.00
SP73505600,,BUSH,,TEFLON,"-/INNER DIA 14, OUTER DIA 17, LENGTH 12MM",-,-,KTM-MNSTR,50.00
SP73505610,,BUSH FOC,,M.S,LAPPET ROD,-,CHINA/JINGWI/F 1520,KTM-MNSTR,2.00
SP73505800,,CABLE,,-,-/56KPL (B5),-,-,KTM-MNSTR,1.00
SP73505800,,CABLE,,-,CONNECTING/-,-,-,KTM-MNSTR,7.00
SP73506000,,CAM,,-,REVERSING ROLL /-,-,-,KTM-MNSTR,24.00
SP73506000,,CAM,,NYLON,-/A 06,-,-,KTM-MNSTR,328.00
SP73506700,,CAP,,RUBBER,FOR RETIE/-,-,-,KTM-MNSTR,120.00
SP73506800,,CAP (TWISTER),,NYLON,FALSE TWIST GROOVE 12/-,-,ITALY/MARZOLI/FT 6E,KTM-MNSTR,20.00
SP73506820,,CAP FOC,,-,-,-,-,KTM-MNSTR,22.00
SP73506820,,CAP FOC,,PLASTIC,OIL PUMP,TRANSPARENT,CHINA/JINGWI/F 1520,KTM-MNSTR,2.00
SP73506900,,CARD,,-,ROVING RIFTSURVEY/16 ROVING,-,MARZOLI/-/-,KTM-MNSTR,1.00
SP73506920,,CARD FOC,,-,NETWORKING/-,-,-,KTM-MNSTR,1.00
SP73507000,,CARRIER,,-,-,-,-,KTM-MNSTR,152.00
SP73507100,,CARTRIDGE,,-,OIL SEPARATOR FOR 55KW/-,-,KAESER/-/CSD-102,KTM-MNSTR,1.00
SP73507400,,CHAIN,,-,DOUBLE/NO.50,-,-,KTM-MNSTR,10.00
SP73507400,,CHAIN,,-,SINGLE/NO. 50,-,-,KTM-MNSTR,40.00
SP73507400,,CHAIN,,-,SINGLE/NO.40,-,-,KTM-MNSTR,40.00
SP73507400,,CHAIN,,-,WEIGHT/OCM-50,-,-,KTM-MNSTR,50.00
SP73507400,,CHAIN,,M.S,SINGLE/NO.10,-/BLACK,-,KTM-MNSTR,20.00
SP73507450,,CHAIN,,FOC,SINGLE ROLLER/NO;40,-,CHINA/JINGWI/F 1520,KTM-MNSTR,2.00
SP73507600,,CLAMP,,-,-,-,SCHLAFHORST/-/-,KTM-MNSTR,8.00
SP73507600,,CLAMP,,-,FOR SEPRATOR /-,-,-,KTM-MNSTR,600.00
SP73507600,,CLAMP,,-,TUBE/-,-,-,KTM-MNSTR,150.00
SP73508100,,CLIP,,NYLON,PNEUMAPHIL PIPE CLOSED (TRIANGLE RING TYPE),-,-,KTM-MNSTR,400.00
SP73508100,,CLIP,,NYLON,"PNEUMAPHIL PIPE CLOSED (TRIANGLE RING TYPE)/B 29MM, L 33MM",-,-,KTM-MNSTR,50.00
SP73508100,,CLIP,,PLASTIC,PNEUMAFIL PIPE COMPACT/-,-,-,KTM-MNSTR,"1,794.00"
SP73508200,,CLOTH,,-,BOTTOM ENDLESS CLEARER/530X162X3MM,-,-,KTM-MNSTR,30.00
SP73508200,,CLOTH,,-,BOTTOM ENDLESS CLEARER/530X162X3MM,-,-,KTM-TRNSIT,60.00
SP73508200,,CLOTH,,-,BOTTOM ENDLESS CLEARER/530X162X3MM,-,-,SMPLX-WH,-60.00
SP73508200,,CLOTH,,-,ENDLESS CLEARER/540X48X3MM,-,MARZOLI/-/-,KTM-MNSTR,100.00
SP73508200,,CLOTH,,-,ENDLESS CLEARER/690X40X3MM,-/WHITE,ITALY/MARZOLI/FT 6E,KTM-MNSTR,100.00
SP73508200,,CLOTH,,BOTTOM,CLEARER ENDLESS/510X162X3MM,-,-,KTM-MNSTR,60.00
SP73508600,,CONNECTION,,-,SUCTION/-,-,SCHLAFHORST/-/-,KTM-MNSTR,18.00
SP73508720,,CONNECTOR FOC,,-,-/8X1\8,-,-,KTM-MNSTR,1.00
SP73508720,,CONNECTOR FOC,,-,PRESSURE SWITCH/-,-,-,KTM-MNSTR,1.00
SP73509000,,CONVERTER,,-,AC-DC/-,-,SCHLAFHORST/-/-,KTM-MNSTR,1.00
SP73509020,,CONVERTER FOC,,-,-,-,-,KTM-MNSTR,4.00
SP73509300,,COTS,,RUBBER,-/19X35X39-78ø,-,INARCO /INDIA/-,KTM-MNSTR,"4,518.00"
SP73509300,,COTS,,RUBBER,-/22X34X180-80ø,-,-,KTM-MNSTR,20.00
SP73509300,,COTS,,RUBBER,-/22X34X180-80ø,-,PRECITEX/INDIA/-,KTM-MNSTR,1.00
SP73509300,,COTS,,RUBBER,ALU-PRESSFIT/19X34X26-75ø,-,-,KTM-MNSTR,147.00
SP73509300,,COTS,,RUBBER,ALU-PRESSFIT/26X38X160-80ø,-,PRECITEX /INDIA/-,KTM-MNSTR,74.00
SP73509300,,COTS,,RUBBER,PRESSFIT/19X31X28-78ø,-,PRECITEX /INDIA/-,KTM-MNSTR,"1,125.00"
SP73509300,,COTS,,RUBBER,PRESSFIT/19X34X28-75ø,-,PRECITEX /INDIA/-,KTM-TRNSIT,"1,480.00"
SP73509300,,COTS,,RUBBER,PRESSFIT/19X34X28-75ø,-,PRECITEX /INDIA/-,RC-WH,"-1,480.00"
SP73509300,,COTS,,RUBBER,PVC PRESSFIT/19X34X28-75ø,-,INARCO /INDIA/-,KTM-TRNSIT,20.00
SP73509300,,COTS,,RUBBER,PVC PRESSFIT/19X34X28-78ø,-,INARCO /INDIA/-,KTM-TRNSIT,"1,500.00"
SP73509300,,COTS,,RUBBER,PVC PRESSFIT/19X34X28-78ø,-,INARCO /INDIA/-,RC-WH,"-1,500.00"
SP73509400,,COTTER PIN,,S.S,-/6X6X18MM,-,-,KTM-MNSTR,9.00
SP73509400,,COTTER PIN,,S.S,-/8X8X18MM,-,-,KTM-MNSTR,18.00
SP73509400,,COTTER PIN,,S.S,10X10X30MM,-,-,KTM-MNSTR,1.00
SP73509600,,COUPLING,,-,-,-,-,KTM-MNSTR,1.00
SP73509600,,COUPLING,,-,FRONT ROLL/-,-,-/-/F-1520,KTM-MNSTR,4.00
SP73509600,,COUPLING,,-,MAIN SHAFT/LARGE,-,-,KTM-MNSTR,1.00
SP73509600,,COUPLING,,M. S,"-/18T, O DIA 62MM, L 80MM, B 30MM",-,STANDARD/-/FL-16,KTM-MNSTR,3.00
SP73509600,,COUPLING,,M. S,"CONE DRUM/L-130MM, DIA-65, B-40MM",-,STANDARD/-/FL-16,KTM-MNSTR,2.00
SP73509600,,COUPLING,,RUBBER,12T/OUT DIA 44XLENGTH 40MM,-,RIETER/-/-,KTM-MNSTR,9.00
SP73509600,,COUPLING,,RUBBER,STAR/-,-,-/-/DYH500C,KTM-MNSTR,10.00
SP73509600,,COUPLING,,TEFLON,-,-,-/-/DYH500C,KTM-MNSTR,16.00
SP73509600,,COUPLING,,TEFLON,FEED ROLL/-,-,-,KTM-MNSTR,30.00
SP73509700,,COVER,,-,-,-,-,KTM-MNSTR,3.00
SP73509700,,COVER,,-,CLANDER ROLL DRAWING /-,-,-,KTM-MNSTR,4.00
SP73509700,,COVER,,-,LEAF/DM-13 MM,-,-,KTM-MNSTR,140.00
SP73509700,,COVER,,-,NEEDLE BEARING /LZ 2822,-,-,KTM-MNSTR,500.00
SP73509700,,COVER,,PEWTER,DRUM (USED)/-,-,-,KTM-MNSTR,5.00
SP73509700,,COVER,,PLASTIC,CLAMP RETIE/-,-,-,KTM-MNSTR,20.00
SP73509700,,COVER,,PLASTIC,GEAR/-,-,-,KTM-MNSTR,31.00
SP73509700,,COVER,,PLASTIC,SIDE SPINDLE/-,-,-,KTM-MNSTR,17.00
SP73509700,,COVER,,PLASTIC,PENDULUM ARM/PK 2630,-/BLUE,-/-/F 1520,KTM-MNSTR,250.00
SP73509700,,COVER,,PLASTIC,MAGAZINE/3MM,TRANSPARENT/-,-,KTM-MNSTR,7.00
SP73509830,,CRADLE FOC,,-,-,-,-,KTM-MNSTR,2.00
SP73509830,,CRADLE FOC,,-,SHORT WITH SPACER/-,-,ITALY/MARZOLI/FT 6E,KTM-MNSTR,2.00
SP73509830,,CRADLE FOC,,-,SHORT/-,-,SKF/-/-,KTM-MNSTR,1.00
SP73510000,,CUP,,NYLON,GREASE/-,-,-,KTM-MNSTR,"3,000.00"
SP73510200,,CYLINDER,,-,-,-,-,KTM-MNSTR,51.00
SP73510200,,CYLINDER,,-,-/-/PNEUMATIC,-, SAURER/-/-,KTM-MNSTR,12.00
SP73510200,,CYLINDER,,-,AIR/16X50L,-,-,KTM-MNSTR,1.00
SP73510200,,CYLINDER,,-,PNEUMATIC/DSNU-25-80-PPV-A,-,-,KTM-MNSTR,1.00
SP73510210,,CYLINDER FOC,,-,-,-,-,KTM-MNSTR,10.00
SP73510210,,CYLINDER FOC,,-,MEHANICAL HEAD COMPONENT 3ø/-,-,MARZOLI/-/-,KTM-MNSTR,1.00
SP73510310,,DAMPER USED,,-,OIL/-,-,-,KTM-MNSTR,1.00
SP73510500,,REVERSING DEVICE,,-,-,-,-,KTM-MNSTR,1.00
SP73511200,,DISC,,-,TENSION/-,-,-,KTM-MNSTR,31.00
SP73511230,,DISC FOC,,-,BRAKE/OD 1575MM,-,-,KTM-MNSTR,1.00
SP73511230,,DISC FOC,,-,TENSION L.H/-,-,SCHLAFHORST/-/-,KTM-MNSTR,1.00
SP73511230,,DISC FOC,,-,TENSION/-,-,SCHLAFHORST/-/-,KTM-MNSTR,1.00
SP73511300,,DISPLAY,,-,-,-,-,KTM-MNSTR,1.00
SP73511300,,DISPLAY,,-,MAIN/-,-,-,KTM-MNSTR,3.00
SP73511300,,DISPLAY,,-,TOUCH SCREEN OPRATING FOR CONTIFEED 3/-,-,-,KTM-MNSTR,1.00
SP73511310,,DISPLAY FOC,,-,"CTS6 D4S-MH0 10/TD4S, 24V DC",-,CHINA/COTRUST/F 1520,KTM-MNSTR,1.00
SP73511310,,DISPLAY FOC,,-,INSERT/-,-,SCHLAFHORST/-/-,KTM-MNSTR,1.00
SP73511400,,DISTRIBUTOR,,-,-,-,SCHLAFHORST/GERMANY/338,KTM-MNSTR,30.00
SP73511550,,DOWEL,,-,-/M 5X6.5X20,-,-,KTM-MNSTR,26.00
SP73511700,,DRIVE,,-,"SERVO WITH SOFTWARE AND PROGRAMING (USED)/3PHASE 50/60HZ,",-,SCHNEIDER/-/LXM32AD72N4,KTM-MNSTR,1.00
SP73511720,,DRIVE FOC,,-,-,-,GERMANY/SCHLAFHORST/X 6,KTM-MNSTR,4.00
SP73511720,,DRIVE FOC,,-,GRIPPER/-,-,GERMANY/SCHLAFHORST/X 6,KTM-MNSTR,4.00
SP73511720,,DRIVE FOC,,-,SERVO AUTO DOFFER/-,-,-,KTM-MNSTR,1.00
SP73511720,,DRIVE FOC,,-,SERVO FRONT ROLL/-,-,-,KTM-MNSTR,1.00
SP73511720,,DRIVE FOC,,-,SUCTION ARM/-,-,SCHLAFHORST/-/-,KTM-MNSTR,5.00
SP73511720,,DRIVE FOC,,-,SUCTION PIPE/-,-,SCHLAFHORST/-/-,KTM-MNSTR,2.00
SP73512220,,DUCT USED,,-,SUCTION/-,-,-,ATC-WH,-11.00
SP73512220,,DUCT USED,,-,SUCTION/-,-,-,KTM-TRNSIT,11.00
SP73512400,,EJECTOR,,-,-,-,-,KTM-MNSTR,13.00
SP73512400,,EJECTOR,,M.S,BOBBIN/-,-,-,KTM-MNSTR,27.00
SP73512620,,ELBOW,,-,PNEUMATIC/-,-,-,KTM-MNSTR,175.00
SP73512620,,ELBOW,,PVC,-/IN-DIA 112MM,-,-,KTM-MNSTR,1.00
SP73512630,,ELBOW FOC,,-,-,-,-,KTM-MNSTR,2.00
SP73512710,,ELEMENT FOC,,-,1ST CYLINDER HEAD MECHANICAL/-,-,MARZOLI/-/-,KTM-MNSTR,2.00
SP73512710,,ELEMENT FOC,,-,2ND CYLINDER HEAD/-,-,MARZOLI/-/-,KTM-MNSTR,2.00
SP73512710,,ELEMENT FOC,,-,4TH CYLINDER HEAD/-,-,MARZOLI/-/-,KTM-MNSTR,1.00
SP73513120,,FEELER FOC,,-,-,-,-,KTM-MNSTR,17.00
SP73513300,,FILLET,,-,BURNISHING/28-SWG,-,PCC/-/-,KTM-MNSTR,1.00
SP73513300,,FILLET,,-,"EMERY/1«""-80GRAINS",-,-,KTM-MNSTR,1.00
SP73513300,,FILLET,,-,STRIPPING/28-SWG,-,-,KTM-MNSTR,1.00
SP73513400,,FILTER,,-,ELEMENT A-50/-,-,BOGE/GERMANY/D-92,KTM-MNSTR,1.00
SP73513400,,FILTER,,-,ELEMENT FE 36M/-,-,-,KTM-MNSTR,1.00
SP73513400,,FILTER,,-,ELEMENT FE 36P/-,-,-,KTM-MNSTR,1.00
SP73513400,,FILTER,,-,ELEMENT FP-50/-,-,BOGE/GERMANY/D-92,KTM-MNSTR,1.00
SP73513400,,FILTER,,-,ELEMENT V160/-,-,-,KTM-MNSTR,1.00
SP73513400,,FILTER,,-,ELEMENT V-50/-,-,BOGE/GERMANY/D-92,KTM-MNSTR,1.00
SP73513420,,FILTER FOC,,-,OIL/-,-,-,KTM-MNSTR,1.00
SP73513420,,FILTER FOC,,-,SIEVE/-,-,SCHLAFHORST/-/-,KTM-MNSTR,1.00
SP73513520,,FINGER,,-,SLIVER/-,-,-,KTM-MNSTR,10.00
SP73514400,,FLYER,,-,PRESSER/-,-,-,KTM-MNSTR,19.00
SP73514400,,FLYER,,-,PRESSURE/-,-,-,KTM-MNSTR,5.00
SP73514400,,FLYER,,-,SLITLESS TYPE ASSEY WITH BEARING/-,-,TOYOTA/-/-,KTM-MNSTR,6.00
SP73514420,,FLYER FOC,,-,-,-,-,KTM-MNSTR,3.00
SP73514420,,FLYER FOC,,-,BACK/-,-,ITALY/MARZOLI/FT 6E,KTM-MNSTR,2.00
SP73514420,,FLYER FOC,,-,"FRONT/6""X16""",-,ITALY/MARZOLI/FT 6E,KTM-MNSTR,1.00
SP73514520,,FUNNEL,,-,FOR FALSE TWIST D.8 GROOVE 12/-,-,MARZOLI/-/-,KTM-MNSTR,15.00
SP73514700,,GASKET,,-,-,-,-,KTM-MNSTR,20.00
SP73514700,,GASKET,,RUBBER,-,-,-,KTM-MNSTR,30.00
SP73514720,,GASKET FOC,,-,-,-,-,KTM-MNSTR,3.00
SP73514800,,GAUGE,,-,PRESSURE 0-220 DAN R 1\8 D40/-,-,-,KTM-MNSTR,1.00
SP73514800,,GAUGE,,-,"PRESSURE DIAL COMPACT/0~-6KPA,DIAL DIA-2«"",CONNECTION DIA1«""",-,ASTROSUN/-/-,KTM-MNSTR,5.00
SP73514900,,GAUZE (JALLY),,NYLON,BLOWER/-,-,-,KTM-MNSTR,98.00
SP73514920,,GAUZE (JALLY) FOC,,FABRIC,MESH/-,-,-,KTM-MNSTR,4.00
SP73515000,,GEAR,,-,-,-,-,KTM-MNSTR,11.00
SP73515000,,GEAR,,-,-/18T,-,-,KTM-MNSTR,1.00
SP73515000,,GEAR,,-,-/60T,-,-/-/DYH 500C,KTM-MNSTR,2.00
SP73515000,,GEAR,,-,BEVEL /50T,-,-,KTM-MNSTR,1.00
SP73515000,,GEAR,,-,BOBBIN LEFT/32T,-,-/-/FL-16,KTM-MNSTR,2.00
SP73515000,,GEAR,,-,CONVEYOR DRIVE/38T,-,-,KTM-MNSTR,2.00
SP73515000,,GEAR,,-,CONVEYOR DRIVE/39T,-,-,KTM-MNSTR,2.00
SP73515000,,GEAR,,-,DRAFT WHEEL /56T,-,-,KTM-MNSTR,1.00
SP73515000,,GEAR,,-,DRAFT WHEEL/55T,-,-,KTM-MNSTR,1.00
SP73515000,,GEAR,,-,DRAFT WHEEL/92T,-,-,KTM-MNSTR,2.00
SP73515000,,GEAR,,-,DRAFT/82T,-,-,KTM-MNSTR,1.00
SP73515000,,GEAR,,-,HELICAL CONSTANT/63T,-,-,KTM-MNSTR,1.00
SP73515000,,GEAR,,-,HELICAL/55T,-,-,KTM-MNSTR,1.00
SP73515000,,GEAR,,-,HELICAL/69T,-,-,KTM-MNSTR,4.00
SP73515000,,GEAR,,-,HELICAL/94T,-,-,KTM-MNSTR,2.00
SP73515000,,GEAR,,-,LIFTER CHANGE /17T,-,-/-/FL-16,KTM-MNSTR,1.00
SP73515000,,GEAR,,-,LIFTER RACK G.E/-,-,-,KTM-MNSTR,2.00
SP73515000,,GEAR,,-,LONG SOCKET DM/45T-2.5M,-,-/-/FL-16,KTM-MNSTR,1.00
SP73515000,,GEAR,,-,OSCIMATING FOR FNA/-,-,-,KTM-MNSTR,3.00
SP73515000,,GEAR,,-,RATCHET/60T,-,-,KTM-MNSTR,3.00
SP73515000,,GEAR,,-,SHAFT LEFT-RIGHT/40T,-,-,KTM-MNSTR,5.00
SP73515000,,GEAR,,-,SPUR WITH KNOB/54T,-,-,KTM-MNSTR,1.00
SP73515000,,GEAR,,-,SPUR/17T,-,-,KTM-MNSTR,4.00
SP73515000,,GEAR,,-,SPUR/34T,-,-,KTM-MNSTR,3.00
SP73515000,,GEAR,,-,SPUR/37T,-,-,KTM-MNSTR,5.00
SP73515000,,GEAR,,-,SPUR/45T,-,-,KTM-MNSTR,2.00
SP73515000,,GEAR,,-,SPUR/56T,-,-,KTM-MNSTR,6.00
SP73515000,,GEAR,,-,Z.32 DX.PS/ORDER#70,-,ITALY/MARZOLI/FT6 E,KTM-MNSTR,6.00
SP73515000,,GEAR,,-,Z.33 DX.PS/ORDER#70,-,ITALY/MARZOLI/FT6 E,KTM-MNSTR,6.00
SP73515000,,GEAR,,-,Z.35 DX .PS/ORDER#70,-,ITALY/MARZOLI/FT6 E,KTM-MNSTR,6.00
SP73515000,,GEAR,,BRASS,"WITH WORM/40T, OUTER DIA-216MM",-,-/-/TRUTZSCHLER SCATURE,KTM-MNSTR,1.00
SP73515000,,GEAR,,BRASS,"WORM WITH COLLAR/60T, OUTER DIA 80MM",-,-,KTM-MNSTR,4.00
SP73515000,,GEAR,,BRASS,"WORM/26T, OUTER DIA-84MM",-,-,KTM-MNSTR,2.00
SP73515000,,GEAR,,BRASS,"WORM/30T, OUTER DIA 104MM",-,-,KTM-MNSTR,2.00
SP73515000,,GEAR,,BRASS,"WORM/40T, OUTER DIA-104MM, BORE 25MM, COTTER 8MM",-,-,KTM-MNSTR,1.00
SP73515000,,GEAR,,C. I,HELICAL/88T,-,-,KTM-MNSTR,8.00
SP73515000,,GEAR,,C. I,HELICAL-LEFT/30T,-,-,KTM-MNSTR,1.00
SP73515000,,GEAR,,C. I,SHAFT LEFT/47T,-,-/-/FL-16,KTM-MNSTR,3.00
SP73515000,,GEAR,,C. I,SHAFT RIGHT/47T,-,-/-/FL-16,KTM-MNSTR,3.00
SP73515000,,GEAR,,C. I,"SPINDLE LEFT/32T, OUTER DIA 82«MM",-,-,KTM-MNSTR,3.00
SP73515000,,GEAR,,C. I,"SPINDLE RIGHT/32T, OUTER DIA 82«MM",-,-,KTM-MNSTR,3.00
SP73515000,,GEAR,,C. I,SPUR/114T,-,-,KTM-MNSTR,-10.00
SP73515000,,GEAR,,C. I,SPUR/70T,-,-,KTM-MNSTR,10.00
SP73515000,,GEAR,,C. I,SPUR/92T,-,-,KTM-MNSTR,1.00
SP73515000,,GEAR,,C. S,"BEVEL/17T, OUTER DIA 50MM",-,-,KTM-MNSTR,10.00
SP73515000,,GEAR,,C. S,"WORM/40T, OUTER DIA-131MM",-,-/-/FA-503,KTM-MNSTR,2.00
SP73515000,,GEAR,,FIBER,SPUR/34T,-,-,KTM-MNSTR,9.00
SP73515000,,GEAR,,M. S,"CARRIER HELICAL RIGHT SIDE/60T, OUTER DIA 112MM",-,-,KTM-MNSTR,2.00
SP73515000,,GEAR,,M. S,FOR FLUFF PICKER GUN (R&F)/10T,-,-,KTM-MNSTR,24.00
SP73515000,,GEAR,,M. S,"HELICAL LEFT/86T, OUTER DIA 157MM",-,-,KTM-MNSTR,5.00
SP73515000,,GEAR,,M. S,HELICAL RIGHT SIDE/43T,-,-,KTM-MNSTR,1.00
SP73515000,,GEAR,,M. S,"HELICAL RIGHT WITH COLLAR/28T, OUTER DIA 60MM",-,-/-/DTM-129,KTM-MNSTR,2.00
SP73515000,,GEAR,,M. S,"HELICAL RIGHT/26T, OUTER DIA 57MM",-,-,KTM-MNSTR,6.00
SP73515000,,GEAR,,M. S,"HELICAL RIGHT/56T, OUTER DIA 164MM",-,ITALY/MARZOLI/FT6 E,KTM-MNSTR,3.00
SP73515000,,GEAR,,M. S,"HELICAL RIGHT/86T, OUTER DIA 157MM",-,-,KTM-MNSTR,5.00
SP73515000,,GEAR,,M. S,HELICAL/34T,-,-,KTM-MNSTR,8.00
SP73515000,,GEAR,,M. S,REVERSING PIN/20T,-,-,KTM-MNSTR,1.00
SP73515000,,GEAR,,M. S,"SPUR MAIN SHAFT/28T, OUT DIA 75MM, COL 18MM, BOR 40MM,",-,-,KTM-MNSTR,10.00
SP73515000,,GEAR,,M. S,"SPUR WITH KNOB/33T DIA 70MM, PITCH 61MM",-,-,KTM-MNSTR,10.00
SP73515000,,GEAR,,M. S,SPUR WITH KNOB/34T,-,-/-/F-1508,KTM-MNSTR,-10.00
SP73515000,,GEAR,,M. S,SPUR/10T,-,-,KTM-MNSTR,8.00
SP73515000,,GEAR,,M. S,SPUR/26T,-,-/-/F-1508,KTM-MNSTR,-7.00
SP73515000,,GEAR,,M. S,SPUR/40T,-,-/-/F-1508,KTM-MNSTR,10.00
SP73515000,,GEAR,,M. S,"SPUR/55T, OUTER DIA 141MM",-,-,KTM-MNSTR,1.00
SP73515000,,GEAR,,M. S,"SPUR/61T, OUTER DIA 126MM, BORE 25MM, COTTER 8MM",-,-,KTM-MNSTR,1.00
SP73515000,,GEAR,,M. S,"SPUR/78T, OUTER DIA 160MM",-,-,KTM-MNSTR,1.00
SP73515000,,GEAR,,M.S,"HELICAL LEFT WITH COLLAR/28T, OUTER DIA 60MM",-,-/-/DTM-129,KTM-MNSTR,2.00
SP73515000,,GEAR,,M.S,"HELICAL LEFT/44T, OUTER DIA 94MM",-,-,KTM-MNSTR,1.00
SP73515000,,GEAR,,M.S,"HELICAL RIGHT/23T, OUTER DIA 51MM",-,-/-/FL-16,KTM-MNSTR,3.00
SP73515000,,GEAR,,M.S,"HELICAL RIGHT/56T, OD-119, BORE-28,",-,-,KTM-MNSTR,3.00
SP73515000,,GEAR,,M.S,"HELICAL RIGHT/61T, OUTER DIA 112MM",-,-/-/FA-503,KTM-MNSTR,6.00
SP73515000,,GEAR,,M.S,"SPUR/12T, OUTER DIA 50MM",-,-,KTM-MNSTR,10.00
SP73515000,,GEAR,,M.S,"SPUR/80T, OUTER DIA 164MM",-,-/-/FA-503,KTM-MNSTR,9.00
SP73515000,,GEAR,,M.S,"SPUR/82T, D-168, BORE-25MM",-,-/-/FA-503,KTM-MNSTR,16.00
SP73515000,,GEAR,,NYLON,RATCHED MAGAZINE/-,-,-,KTM-MNSTR,5.00
SP73515000,,GEAR,,TEFLON, CALANDER ROLL /16T,-,-/-/DYH 500C,KTM-MNSTR,14.00
SP73515000,,GEAR,,TEFLON,-/14T,-,-,KTM-MNSTR,1.00
SP73515000,,GEAR,,TEFLON,-/14T,-,-/-/DYH 500C,KTM-MNSTR,6.00
SP73515000,,GEAR,,TEFLON,-/94T,-,-/-/FL-16,KTM-MNSTR,1.00
SP73515000,,GEAR,,TEFLON,"HELICAL RIGHT/38T, OUTER DIA 125MM",-,-,KTM-MNSTR,3.00
SP73515000,,GEAR,,TEFLON,HELICAL/53T,-,-,KTM-MNSTR,1.00
SP73515000,,GEAR,,TEFLON,HELICAL/55T,-,-,KTM-MNSTR,5.00
SP73515000,,GEAR,,TEFLON,SPUR ANTISTATIC FOR COMPACT/40T,-,-,KTM-MNSTR,200.00
SP73515000,,GEAR,,TEFLON,"SPUR/48T, OUTER DIA 125MM",-,-/-/FA-502,KTM-MNSTR,7.00
SP73515000,,GEAR,,TEFLON,"SPUR/53T, OUTER DIA 110MM, BORE 25MM, CARTER 8MM",-,-,KTM-MNSTR,4.00
SP73515000,,GEAR,,TEFLON,"SPUR/55T, OUTER DIA 141MM",-,-,KTM-MNSTR,7.00
SP73515010,,GEAR USED,,-,HELICAL BRAKE DRAFT WITH COLLAR/28T,-,BEST/-/BEST 589,KTM-MNSTR,14.00
SP73515010,,GEAR USED,,-,HELICAL BRAKE DRAFT WITH COLLAR/29T,-,BEST/-/BEST 589,KTM-MNSTR,51.00
SP73515010,,GEAR USED,,-,HELICAL BRAKE DRAFT WITH COLLAR/30T,-,BEST/-/BEST 589,KTM-MNSTR,46.00
SP73515010,,GEAR USED,,-,HELICAL BRAKE DRAFT WITH COLLAR/31T,-,BEST/-/BEST 589,KTM-MNSTR,36.00
SP73515010,,GEAR USED,,-,HELICAL BRAKE DRAFT WITH COLLAR/32T,-,BEST/-/BEST 589,KTM-MNSTR,5.00
SP73515010,,GEAR USED,,-,HELICAL BRAKE DRAFT WITH COLLAR/33T,-,BEST/-/BEST 589,KTM-MNSTR,27.00
SP73515010,,GEAR USED,,-,HELICAL BRAKE DRAFT WITH COLLAR/34T,-,BEST/-/BEST 589,KTM-MNSTR,30.00
SP73515010,,GEAR USED,,-,HELICAL BRAKE DRAFT/25T,-,BEST/-/BEST 589,KTM-MNSTR,12.00
SP73515010,,GEAR USED,,-,HELICAL BRAKE DRAFT/28T,-,BEST/-/BEST 589,KTM-MNSTR,48.00
SP73515010,,GEAR USED,,M.S,BEVEL/25T,-,-/-/FA 502,KTM-MNSTR,5.00
SP73515010,,GEAR USED,,M.S,C-1 FOR AUTOCONE 7-2/-,-,-,KTM-MNSTR,7.00
SP73515010,,GEAR USED,,M.S,HELICAL BRAKE DRAFT WITH COLLAR/33T,-,-/-/FA 502,KTM-MNSTR,8.00
SP73515010,,GEAR USED,,M.S,HELICAL BRAKE DRAFT/23T,-,-/-/DTM 129,KTM-MNSTR,4.00
SP73515010,,GEAR USED,,M.S,HELICAL BRAKE DRAFT/28T,-,-/-/DTM 129,KTM-MNSTR,12.00
SP73515010,,GEAR USED,,M.S,HELICAL BRAKE DRAFT/28T,-,-/-/F 1520,KTM-MNSTR,12.00
SP73515010,,GEAR USED,,M.S,HELICAL BRAKE DRAFT/29T,-,-/-/F 1520,KTM-MNSTR,12.00
SP73515010,,GEAR USED,,M.S,HELICAL BRAKE DRAFT/30T,-,-/-/DTM 129,KTM-MNSTR,4.00
SP73515010,,GEAR USED,,M.S,HELICAL BRAKE DRAFT/31T,-,-/-/DTM 129,KTM-MNSTR,12.00
SP73515010,,GEAR USED,,M.S,HELICAL BRAKE DRAFT/32T,-,-/-/DTM 129,KTM-MNSTR,12.00
SP73515010,,GEAR USED,,M.S,HELICAL BRAKE DRAFT/34T,-,-/-/DTM 129,KTM-MNSTR,12.00
SP73515010,,GEAR USED,,M.S,HELICAL BRAKE DRAFT/43T,-,-/-/FA 503,KTM-MNSTR,35.00
SP73515010,,GEAR USED,,M.S,HELICAL BRAKE DRAFT/48T,-,-/-/FA 503,KTM-MNSTR,55.00
SP73515010,,GEAR USED,,M.S,HELICAL BRAKE DRAFT/52T,-,-/-/FA 503,KTM-MNSTR,31.00
SP73515010,,GEAR USED,,M.S,HELICAL BRAKE DRAFT/54T,-,-/-/FA 503,KTM-MNSTR,38.00
SP73515010,,GEAR USED,,M.S,HELICAL BRAKE DRAFT/56T,-,-/-/FA 503,KTM-MNSTR,32.00
SP73515010,,GEAR USED,,M.S,HELICAL BRAKE DRAFT/58T,-,-/-/FA 503,KTM-MNSTR,34.00
SP73515010,,GEAR USED,,M.S,HELICAL BRAKE DRAFT/61T,-,-/-/FA 503,KTM-MNSTR,27.00
SP73515010,,GEAR USED,,M.S,HELICAL DOUBLE/62TX38T,-,-/-/DTM 129,KTM-MNSTR,2.00
SP73515010,,GEAR USED,,M.S,HELICAL DOUBLE/69TX30T,-,-/-/DTM 129,KTM-MNSTR,2.00
SP73515010,,GEAR USED,,M.S,HELICAL LEFT/64T,-,-/-/DTM 129,KTM-MNSTR,14.00
SP73515010,,GEAR USED,,M.S,HELICAL LEFT/64T,-,-/-/F 1520,KTM-MNSTR,13.00
SP73515010,,GEAR USED,,M.S,HELICAL LEFT/64T,-,-/-/FA 503,KTM-MNSTR,2.00
SP73515010,,GEAR USED,,M.S,HELICAL RIGHT/64T,-,-/-/FA 503,KTM-MNSTR,1.00
SP73515010,,GEAR USED,,M.S,HELICAL TWIST WHEEL/33T,-,-/-/FA 503,KTM-MNSTR,33.00
SP73515010,,GEAR USED,,M.S,HELICAL TWIST WHEEL/35T,-,-/-/FA 503,KTM-MNSTR,5.00
SP73515010,,GEAR USED,,M.S,HELICAL TWIST WHEEL/36T,-,-/-/FA 503,KTM-MNSTR,11.00
SP73515010,,GEAR USED,,M.S,HELICAL TWIST WHEEL/37T,-,-/-/FA 503,KTM-MNSTR,24.00
SP73515010,,GEAR USED,,M.S,HELICAL TWIST WHEEL/38T,-,-/-/FA 503,KTM-MNSTR,20.00
SP73515010,,GEAR USED,,M.S,HELICAL TWIST WHEEL/39T,-,-/-/FA 503,KTM-MNSTR,14.00
SP73515010,,GEAR USED,,M.S,HELICAL TWIST WHEEL/40T,-,-/-/FA 503,KTM-MNSTR,7.00
SP73515010,,GEAR USED,,M.S,HELICAL TWIST WHEEL/42T,-,-/-/FA 503,KTM-MNSTR,4.00
SP73515010,,GEAR USED,,M.S,HELICAL TWIST WHEEL/44T,-,-/-/FA 503,KTM-MNSTR,14.00
SP73515010,,GEAR USED,,M.S,HELICAL TWIST WHEEL/61T,-,-/-/FA 503,KTM-MNSTR,7.00
SP73515010,,GEAR USED,,M.S,HELICAL TWIST WHEEL/73T,-,-/-/FA 503,KTM-MNSTR,5.00
SP73515010,,GEAR USED,,M.S,HELICAL WITH COLLAR/49T,-,-/-/DTM 129,KTM-MNSTR,1.00
SP73515010,,GEAR USED,,M.S,HELICAL WITH COLLAR/50T,-,-/-/FA 502,KTM-MNSTR,3.00
SP73515010,,GEAR USED,,M.S,HELICAL WITH COLLAR/56T,-,-/-/DTM 129,KTM-MNSTR,4.00
SP73515010,,GEAR USED,,M.S,HELICAL WITH COLLAR/70T,-,-/-/DTM 129,KTM-MNSTR,2.00
SP73515010,,GEAR USED,,M.S,HELICAL WITH KNOB/43T,-,-/-/FA 502,KTM-MNSTR,3.00
SP73515010,,GEAR USED,,M.S,HELICAL/26T,-,-/-/DTM 129,KTM-MNSTR,9.00
SP73515010,,GEAR USED,,M.S,HELICAL/30T,-,-/-/DTM 129,KTM-MNSTR,2.00
SP73515010,,GEAR USED,,M.S,HELICAL/31T,-,-/-/DTM 129,KTM-MNSTR,12.00
SP73515010,,GEAR USED,,M.S,HELICAL/32T,-,-/-/DTM 129,KTM-MNSTR,12.00
SP73515010,,GEAR USED,,M.S,HELICAL/40T,-,-/-/DTM 129,KTM-MNSTR,14.00
SP73515010,,GEAR USED,,M.S,HELICAL/45T,-,-/-/F 1520,KTM-MNSTR,12.00
SP73515010,,GEAR USED,,M.S,HELICAL/60T,-,-/-/DTM 129,KTM-MNSTR,9.00
SP73515010,,GEAR USED,,M.S,HELICAL/60T,-,-/-/F 1520,KTM-MNSTR,47.00
SP73515010,,GEAR USED,,M.S,HELICAL/62T,-,-/-/DTM 129,KTM-MNSTR,9.00
SP73515010,,GEAR USED,,M.S,HELICAL/62T,-,-/-/F 1520,KTM-MNSTR,6.00
SP73515010,,GEAR USED,,M.S,HELICAL/65T,-,-/-/DTM 129,KTM-MNSTR,10.00
SP73515010,,GEAR USED,,M.S,HELICAL/67T,-,-/-/DTM 129,KTM-MNSTR,3.00
SP73515010,,GEAR USED,,M.S,HELICAL/68T,-,-/-/DTM 129,KTM-MNSTR,12.00
SP73515010,,GEAR USED,,M.S,HELICAL/69T,-,-/-/DTM 129,KTM-MNSTR,5.00
SP73515010,,GEAR USED,,M.S,HELICAL/71T,-,-/-/F 1520,KTM-MNSTR,12.00
SP73515010,,GEAR USED,,M.S,HELICAL/72T,-,-/-/DTM 129,KTM-MNSTR,12.00
SP73515010,,GEAR USED,,M.S,HELICAL/72T,-,-/-/F 1520,KTM-MNSTR,12.00
SP73515010,,GEAR USED,,M.S,HELICAL/74T,-,-/-/F 1520,KTM-MNSTR,6.00
SP73515010,,GEAR USED,,M.S,HELICAL/77T,-,-/-/F 1520,KTM-MNSTR,8.00
SP73515010,,GEAR USED,,M.S,HELICAL/80T,-,-/-/DTM 129,KTM-MNSTR,5.00
SP73515010,,GEAR USED,,M.S,HELICAL/86T,-,-/-/FA 502,KTM-MNSTR,21.00
SP73515010,,GEAR USED,,M.S,HELICAL/88T,-,-/-/DTM 129,KTM-MNSTR,12.00
SP73515010,,GEAR USED,,M.S,HELICAL/90T,-,-/-/FA 503,KTM-MNSTR,1.00
SP73515010,,GEAR USED,,M.S,K.O IMPORTED/-,-,MURATA/-/7-II,KTM-MNSTR,7.00
SP73515010,,GEAR USED,,M.S,MAIN SHAFT/25T,-,-/-/FA 502,KTM-MNSTR,5.00
SP73515010,,GEAR USED,,M.S,MOUTH SEGMENT/17T,-,-,KTM-MNSTR,5.00
SP73515010,,GEAR USED,,M.S,SPUR WITH COLLAR/28T,-,-/-/F 1508,KTM-MNSTR,37.00
SP73515010,,GEAR USED,,M.S,SPUR WITH COLLAR/29T,-,-/-/F 1508,KTM-MNSTR,63.00
SP73515010,,GEAR USED,,M.S,SPUR WITH COLLAR/30T,-,-/-/F 1508,KTM-MNSTR,23.00
SP73515010,,GEAR USED,,M.S,SPUR WITH COLLAR/31T,-,-/-/F 1508,KTM-MNSTR,26.00
SP73515010,,GEAR USED,,M.S,SPUR WITH COLLAR/32T,-,-/-/F 1508,KTM-MNSTR,28.00
SP73515010,,GEAR USED,,M.S,SPUR WITH COLLAR/34T,-,-/-/F 1508,KTM-MNSTR,3.00
SP73515010,,GEAR USED,,M.S,SPUR WITH COLLAR/61T,-,-/-/F 1508,KTM-MNSTR,6.00
SP73515010,,GEAR USED,,M.S,SPUR WITH COLLAR/80T,-,-/-/F 1508,KTM-MNSTR,10.00
SP73515010,,GEAR USED,,M.S,SPUR/102T,-,-/-/FA 502,KTM-MNSTR,9.00
SP73515010,,GEAR USED,,M.S,SPUR/114T,-,-/-/FA 502,KTM-MNSTR,9.00
SP73515010,,GEAR USED,,M.S,SPUR/23T,-,-/-/FA 503,KTM-MNSTR,45.00
SP73515010,,GEAR USED,,M.S,SPUR/24T,-,-/-/FA 502,KTM-MNSTR,13.00
SP73515010,,GEAR USED,,M.S,SPUR/25T,-,-/-/FA 502,KTM-MNSTR,22.00
SP73515010,,GEAR USED,,M.S,SPUR/25T,-,-/-/FA 503,KTM-MNSTR,10.00
SP73515010,,GEAR USED,,M.S,SPUR/27T,-,-/-/FA 502,KTM-MNSTR,15.00
SP73515010,,GEAR USED,,M.S,SPUR/28T,-,-/-/FA 502,KTM-MNSTR,7.00
SP73515010,,GEAR USED,,M.S,SPUR/28T,-,-/-/FA 503,KTM-MNSTR,50.00
SP73515010,,GEAR USED,,M.S,SPUR/29T,-,-/-/FA 503,KTM-MNSTR,12.00
SP73515010,,GEAR USED,,M.S,SPUR/30T,-,-/-/FA 502,KTM-MNSTR,34.00
SP73515010,,GEAR USED,,M.S,SPUR/31T,-,-/-/FA 503,KTM-MNSTR,47.00
SP73515010,,GEAR USED,,M.S,SPUR/34T,-,-/-/FA 502,KTM-MNSTR,5.00
SP73515010,,GEAR USED,,M.S,SPUR/34T,-,-/-/FA 503,KTM-MNSTR,50.00
SP73515010,,GEAR USED,,M.S,SPUR/35T,-,-/-/FA 502,KTM-MNSTR,9.00
SP73515010,,GEAR USED,,M.S,SPUR/37T,-,-/-/FA 502,KTM-MNSTR,21.00
SP73515010,,GEAR USED,,M.S,SPUR/37T,-,-/-/FA 503,KTM-MNSTR,30.00
SP73515010,,GEAR USED,,M.S,SPUR/38T,-,-/-/FA 502,KTM-MNSTR,14.00
SP73515010,,GEAR USED,,M.S,SPUR/38T,-,-/-/FA 503,KTM-MNSTR,23.00
SP73515010,,GEAR USED,,M.S,SPUR/39T,-,-/-/FA 502,KTM-MNSTR,4.00
SP73515010,,GEAR USED,,M.S,SPUR/40T,-,-/-/FA 502,KTM-MNSTR,11.00
SP73515010,,GEAR USED,,M.S,SPUR/40T,-,-/-/FA 503,KTM-MNSTR,25.00
SP73515010,,GEAR USED,,M.S,SPUR/41T,-,-/-/FA 502,KTM-MNSTR,7.00
SP73515010,,GEAR USED,,M.S,SPUR/41T,-,-/-/FA 503,KTM-MNSTR,25.00
SP73515010,,GEAR USED,,M.S,SPUR/42T,-,-/-/FA 502,KTM-MNSTR,4.00
SP73515010,,GEAR USED,,M.S,SPUR/45T,-,-/-/FA 502,KTM-MNSTR,5.00
SP73515010,,GEAR USED,,M.S,SPUR/45T,-,-/-/FA 503,KTM-MNSTR,25.00
SP73515010,,GEAR USED,,M.S,SPUR/46T,-,-/-/FA 503,KTM-MNSTR,47.00
SP73515010,,GEAR USED,,M.S,SPUR/47T,-,-/-/FA 503,KTM-MNSTR,22.00
SP73515010,,GEAR USED,,M.S,SPUR/48T,-,-/-/FA 502,KTM-MNSTR,9.00
SP73515010,,GEAR USED,,M.S,SPUR/51T,-,-/-/FA 502,KTM-MNSTR,18.00
SP73515010,,GEAR USED,,M.S,SPUR/51T,-,-/-/FA 503,KTM-MNSTR,11.00
SP73515010,,GEAR USED,,M.S,SPUR/52T,-,-/-/FA 502,KTM-MNSTR,5.00
SP73515010,,GEAR USED,,M.S,SPUR/53T,-,-/-/FA 502,KTM-MNSTR,3.00
SP73515010,,GEAR USED,,M.S,SPUR/55T,-,-/-/FA 502,KTM-MNSTR,12.00
SP73515010,,GEAR USED,,M.S,SPUR/56T,-,-/-/FA 502,KTM-MNSTR,16.00
SP73515010,,GEAR USED,,M.S,SPUR/57T,-,-/-/FA 502,KTM-MNSTR,13.00
SP73515010,,GEAR USED,,M.S,SPUR/60T,-,-/-/FA 502,KTM-MNSTR,11.00
SP73515010,,GEAR USED,,M.S,SPUR/62T,-,-/-/FA 502,KTM-MNSTR,9.00
SP73515010,,GEAR USED,,M.S,SPUR/63T,-,-/-/FA 502,KTM-MNSTR,11.00
SP73515010,,GEAR USED,,M.S,SPUR/64T,-,-/-/FA 503,KTM-MNSTR,5.00
SP73515010,,GEAR USED,,M.S,SPUR/65T,-,-/-/FA 502,KTM-MNSTR,6.00
SP73515010,,GEAR USED,,M.S,SPUR/67T,-,-/-/FA 502,KTM-MNSTR,8.00
SP73515010,,GEAR USED,,M.S,SPUR/68T,-,-/-/FA 502,KTM-MNSTR,14.00
SP73515010,,GEAR USED,,M.S,SPUR/69T,-,-/-/FA 502,KTM-MNSTR,9.00
SP73515010,,GEAR USED,,M.S,SPUR/70T,-,-/-/FA 502,KTM-MNSTR,12.00
SP73515010,,GEAR USED,,M.S,SPUR/71T,-,-/-/FA 502,KTM-MNSTR,28.00
SP73515010,,GEAR USED,,M.S,SPUR/72T,-,-/-/FA 502,KTM-MNSTR,19.00
SP73515010,,GEAR USED,,M.S,SPUR/78T,-,-/-/FA 502,KTM-MNSTR,30.00
SP73515010,,GEAR USED,,M.S,SPUR/78T,-,-/-/FA 503,KTM-MNSTR,2.00
SP73515010,,GEAR USED,,M.S,WORM LIFTER BOX/35T,-,-/-/FA 502,KTM-MNSTR,10.00
SP73515020,,GEAR FOC,,-,-,-,-,KTM-MNSTR,6.00
SP73515050,,GEAR,,-,BEVEL (CROWN)/30TX20T,-,-,KTM-MNSTR,5.00
SP73515050,,GEAR,,-,BEVEL FOR TOYODA SIMPLEX/14TX100T,-,-,KTM-MNSTR,1.00
SP73515050,,GEAR,,-,SPUR/16TX32T,-,-,KTM-MNSTR,1.00
SP73515050,,GEAR,,BRASS,"WITH WORM/40T, OUTER DIA-96MM, BORE 30MM, COTTER 8MM",-,-,KTM-MNSTR,2.00
SP73515050,,GEAR,,M.S,REVERSING BOX/100T,-,-/-/FA-415,KTM-MNSTR,1.00
SP73515050,,GEAR,,M.S,"SPUR/12TX12T, OUTER DIA 21MMX23MM",-,-,KTM-MNSTR,9.00
SP73515050,,GEAR,,NYLON,SPUR/80TX12T,-,-,ATC-WH,-10.00
SP73515050,,GEAR,,NYLON,SPUR/80TX12T,-,-,KTM-TRNSIT,10.00
SP73515100,,GEAR BOX,,-,FEED/-,-,-,KTM-MNSTR,1.00
SP73515120,,GEAR BOX FOC,,-,FEED UNIT DRIVE/-,-,-,KTM-MNSTR,1.00
SP73515220,,GRINDING STONE,,-,"-/1""X1""X10""",-,-,KTM-MNSTR,1.00
SP73515600,,GUIDE,,-,BUSHING /-,-,-,KTM-MNSTR,8.00
SP73515600,,GUIDE,,-,THREAD /-,-,-,KTM-MNSTR,16.00
SP73515600,,GUIDE,,-,YARN /-,-,-,KTM-MNSTR,65.00
SP73515600,,GUIDE,,CERAMIC,BLOWER SHIFTER/-,-,-,KTM-MNSTR,30.00
SP73515600,,GUIDE,,PLASTIC,FINGER FOR SIRO YARN/-,-,-,KTM-MNSTR,"1,000.00"
SP73515600,,GUIDE,,PLASTIC, ROVING-RING /-,-/TRANSPARENT,-,KTM-MNSTR,"1,000.00"
SP73515600,,GUIDE,,PLASTIC,CLOTH TRANSPARENT/ L-50MM WEIDHT-35MM,-/TRANSPARENT,-/-/FL-16,KTM-MNSTR,500.00
SP73515600,,GUIDE,,PLASTIC,ROVING FOR SIRO YARN/0.5MM,-/TRANSPARENT,-,KTM-MNSTR,250.00
SP73515600,,GUIDE,,TEFLON,"SLIVER (CARD) WITH BEARING PIN/4""X25MM",-,-,KTM-MNSTR,19.00
SP73515610,,GUIDE FOC,,-,-,-,-,KTM-MNSTR,45.00
SP73515610,,GUIDE FOC,,-,SLIVER/-,-,-,KTM-MNSTR,3.00
SP73516400,,HOLDER,,-,-,-,-,KTM-MNSTR,12.00
SP73516500,,HOSE,,-,HIGH PRESSURE/-,-,-/-/ S-40-S-40-2,KTM-MNSTR,1.00
SP73516500,,HOSE,,-,PIPE/-,-,-,KTM-MNSTR,2.00
SP73516500,,HOSE,,-,SUCTION/-,-,BOGE/-/-,KTM-MNSTR,1.00
SP73516600,,HOUSING,,-,-,-,-,KTM-MNSTR,8.00
SP73516700,,HUB,,ALU,BBK COOLING TOWER/-,-,-,KTM-MNSTR,1.00
SP73517010,,INITIATOR FOC,,-,B3/-,-,-,KTM-MNSTR,1.00
SP73517010,,INITIATOR FOC,,-,B4/-,-,-,KTM-MNSTR,1.00
SP73517010,,INITIATOR FOC,,-,B44/-,-,SWISS/RIETER/-,KTM-MNSTR,1.00
SP73517050,,INITIATOR,,-,-,-,-,KTM-MNSTR,10.00
SP73517050,,INITIATOR,,-,B41 GEM/-,-,-,KTM-MNSTR,1.00
SP73517050,,INITIATOR,,-,B44 GEM/-,-,-,KTM-MNSTR,1.00
SP73517100,,INSERT,,-,-,-,SCHLAFHORST/-/-,KTM-MNSTR,1.00
SP73517820,,JOINT,,-,-,-,-,KTM-MNSTR,20.00
SP73517840,,JOINT FOC,,M.S,CHAIN,-,CHINA/JINGWI/F 1520,KTM-MNSTR,4.00
SP73518200,,KIT,,-,MAINTENANCE CAVV/-,-,-,KTM-MNSTR,1.00
SP73518200,,KIT,,-,MAINTENANCE MPCV/-,-,-,KTM-MNSTR,1.00
SP73518200,,KIT,,-,TERMINATION IN DOOR/120~185MM,-,-,KTM-MNSTR,1.00
SP73518220,,KIT FOC,,-,"CONVERSION, IMPULSE GENERATOR MAGNETIC/34 IMP B2",-,-,KTM-MNSTR,2.00
SP73518220,,KIT FOC,,-,"CONVERSION, IMPULSE GENERATOR MAGNETIC/64 S\C B29",-,-,KTM-MNSTR,1.00
SP73518220,,KIT FOC,,-,"CONVERSION, IMPULSE GENERATOR MAGNETIC/88 IMP B91",-,-,KTM-MNSTR,1.00
SP73518250,,KIT,,-,SERVICE FOR ABB TURBO CHARGER/-,-,JENBACHER/-/-,KTM-MNSTR,7.00
SP73518320,,KNIFE,,-,-,-,-,KTM-MNSTR,20.00
SP73518320,,KNIFE,,-,-,-,GERMANY/SCHLAFHORST/AC-338,KTM-MNSTR,60.00
SP73519400,,LEVER,,-,-,-,-,KTM-MNSTR,35.00
SP73519400,,LEVER,,-,ACTUATING/-,-,-,KTM-MNSTR,10.00
SP73519400,,LEVER,,-,AUOTMATIC /-,-,-,KTM-MNSTR,14.00
SP73519400,,LEVER,,-,FORK FOR BLOW ROOM/-,-,-,KTM-MNSTR,7.00
SP73519400,,LEVER,,-,RATCHED B\R/-,-,-,KTM-MNSTR,2.00
SP73519400,,LEVER,,-,STOP MONTION /SMALL,-,-,KTM-MNSTR,8.00
SP73519400,,LEVER,,-,STOPPER /-,-,-,KTM-MNSTR,29.00
SP73519410,,LEVER FOC,,S.S,HOLDING/-,-,SCHLAFHORST/-/-,KTM-MNSTR,24.00
SP73519420,,LEVER USED,,-,BRAKE FOR AUTOCONE 7-2/-,-,-,KTM-MNSTR,20.00
SP73519420,,LEVER USED,,-,HOLDING FOR AUTOCONE 7-2/-,-,-,KTM-MNSTR,20.00
SP73519420,,LEVER USED,,-,STOPPER/-,-,-,KTM-MNSTR,13.00
SP73519420,,LEVER USED,,S.S,COMPENSATING /-,-,-,KTM-MNSTR,66.00
SP73519500,,LID,,-,-,-,-,KTM-MNSTR,1.00
SP73519500,,LID,,-,LEVER/-,-,SCHLAFHORST/GERMANY/-,KTM-MNSTR,15.00
SP73519500,,LID,,-,SWIVELED/-,-,SCHLAFHORST/GERMANY/-,KTM-MNSTR,1.00
SP73520100,,LINING BRAKE,,-,-,-,SCHLAFHORST/GERMANY/338,KTM-MNSTR,10.00
SP73520300,,LOCK,,-,CHAIN DOUBLE  NO-50/-,-,-,KTM-MNSTR,56.00
SP73520300,,LOCK,,-,CHAIN SINGLE/NO. 40,-,-,KTM-MNSTR,30.00
SP73520300,,LOCK,,-,CHAIN SINGLE/NO. 50,-,-,KTM-MNSTR,28.00
SP73520300,,LOCK,,-,YARN MODIFICATION QUANTUM-(21C)/-,-,-/-/UQC-3,KTM-MNSTR,60.00
SP73520300,,LOCK,,-,YARN MODIFICATION QUANTUM-(MULTY)/-,-,-/-/UQC-3,KTM-MNSTR,360.00
SP73520300,,LOCK,,M. S,INSIDE/55MM,-,-,KTM-MNSTR,100.00
SP73520300,,LOCK,,M. S,KEY D3 GH30 CR HKZ (5112.031)/RSB D-35,-,-/-/RIETER,KTM-MNSTR,4.00
SP73520300,,LOCK,,M. S,O RING/16MM,-,-,KTM-MNSTR,210.00
SP73520310,,LOCK FOC,,-,DOOR 1113-D,-,CHINA/JINGWAY/WJ 1213A,KTM-MNSTR,2.00
SP73521300,,MODULE,,-,BLEND DIGITAL CAN1/0 (ITEM# A-3)/-,-,RIETER/-/-,KTM-MNSTR,2.00
SP73522300,,NIPPLE,,-,GREASE FOR RING,-,-,KTM-MNSTR,98.00
SP73522400,,NOZZLE,,-,AIR/6MM,-,-,KTM-MNSTR,1.00
SP73522400,,NOZZLE,,-,COMPLETE/-,-,-,KTM-MNSTR,8.00
SP73522400,,NOZZLE,,-,NOZZLE/-,-,-,KTM-MNSTR,2.00
SP73522400,,NOZZLE,,PLASTIC,AIR FOR USTER/-,-,-/-/7-2,KTM-MNSTR,200.00
SP73522400,,NOZZLE,,PLASTIC,CONTROLLER PNEUMATIC FITTING CONNECTOR/6MM,-,CHINA/JINGWEI/JWF 1213A,KTM-MNSTR,20.00
SP73522400,,NOZZLE,,PLASTIC,PIPE I-TYPE/14MM 20MM-THREADED,-,-,KTM-MNSTR,10.00
SP73522400,,NOZZLE,,PLASTIC,PIPE T-TYPE/10MM,-,-,KTM-MNSTR,20.00
SP73522400,,NOZZLE,,PLASTIC,PIPE T-TYPE/12MM,-,-,KTM-MNSTR,10.00
SP73522400,,NOZZLE,,PLASTIC,PIPE T-TYPE/14MM,-,-,KTM-MNSTR,10.00
SP73522400,,NOZZLE,,RUBBER,BLOWER BENDED/110X30MM-10MM BORE,-,BEST/-/589 M,KTM-MNSTR,100.00
SP73522420,,NOZZLE FOC,,-,ASSY G3Z/-,-,JAPAN/MURATA/Q PRO PLUS,KTM-MNSTR,240.00
SP73522420,,NOZZLE FOC,,PLASTIC/-,BLOWING/-,-,GERMANY/SCHLAFHORST/X 6,KTM-MNSTR,4.00
SP73522420,,NOZZLE FOC,,RUBBER/-,BLOWER DRAFT,-,ITALI/MARZOLI/FT 6E,KTM-MNSTR,2.00
SP73522500,,NUT,,-,HEXAGON TENSILOCK/-,-,-,KTM-MNSTR,8.00
SP73522500,,NUT,,-,SLEEVE MOUNT/-,-,-,KTM-MNSTR,644.00
SP73523100,,PAPER ROLL,,-, AUTO CONE /-,-,-,KTM-MNSTR,46.00
SP73523100,,PAPER ROLL,,-,CARBONIZED AUTOCONE/-,-,-,KTM-MNSTR,32.00
SP73523500,,PEG BOBBIN,,-,-,-,SCHLAFHORST/-/-,KTM-MNSTR,27.00
SP73523700,,PIECE,,-,INTERMEDIATE/-,-,SCHLAFHORTS/-/-,KTM-MNSTR,95.00
SP73523700,,PIECE,,-,"PUMP WITH FLANGED/3""X4""",-,-,KTM-MNSTR,1.00
SP73523700,,PIECE,,S.S,STOP/30X28MM,-,-,KTM-MNSTR,2.00
SP73523900,,PIN,,-,BRAKE DRAFT/-,-,-,KTM-MNSTR,4.00
SP73523900,,PIN,,-,CONTACT/2MM,-,RIETER/-/-,KTM-MNSTR,12.00
SP73523900,,PIN,,-,COUPLING WITH TEFLON BUSH MS NUT & WASHER/-,-,-,KTM-MNSTR,40.00
SP73523900,,PIN,,-,CROWN WITH CHEK NUT/-,-,-/-/DYH500C,KTM-MNSTR,2.00
SP73523900,,PIN,,-,FOR PANEL LOCK /-,-,-,KTM-MNSTR,4.00
SP73523900,,PIN,,-,PLANGER WITH BOLT AND NUT / 94MM,-,-,KTM-TRNSIT,18.00
SP73523900,,PIN,,-,PLANGER WITH BOLT AND NUT / 94MM,-,-,SMPLX-WH,-18.00
SP73523900,,PIN,,-,PLANGER WITH BOLT AND NUT /70MM,-,-,KTM-TRNSIT,29.00
SP73523900,,PIN,,-,PLANGER WITH BOLT AND NUT /70MM,-,-,SMPLX-WH,-29.00
SP73523900,,PIN,,-,PLANGER WITH BOLT AND NUT /76MM,-,-,KTM-TRNSIT,18.00
SP73523900,,PIN,,C.S,BACK ROLL RIGHT/-,-,-,KTM-MNSTR,10.00
SP73523900,,PIN,,C.S,FRONT ROLL L\R /-,-,-,KTM-MNSTR,1.00
SP73523900,,PIN,,C.S,TWIST WHEEL/-,-,-,KTM-MNSTR,1.00
SP73523900,,PIN,,M.S,25X137MM/FOR 90T,-,-,KTM-MNSTR,10.00
SP73523900,,PIN,,M.S,FLYER PRESSER/3.5X36,-,MARZOLI/-/-,KTM-MNSTR,100.00
SP73523900,,PIN,,M.S,FRONT ROLL LEFT /L-235MM,-,-/-/F-1508,KTM-MNSTR,1.00
SP73523900,,PIN,,M.S,FRONT ROLL MIDDLE PIN/L:420MM,-,-/-/DYH500C,KTM-MNSTR,6.00
SP73523900,,PIN,,M.S,"FRONT ROLL RIGHT /L-495MM, D-25MM",-,-/-/FA-502,KTM-MNSTR,4.00
SP73523900,,PIN,,M.S,GEAR FOR FA-503/65T,-,-,KTM-MNSTR,10.00
SP73523900,,PIN,,M.S,"GEAR WITH COTTER(6MM,8MM,10MM)/L 345MM",-,-,KTM-MNSTR,5.00
SP73523900,,PIN,,M.S,PLANGER/L 128MMX15MM THICK,-,RIETER/-/RSB D-50,KTM-MNSTR,14.00
SP73523900,,PIN,,M.S,PUTALY SIMPLEX/-,-,-/-/FL-16,KTM-MNSTR,370.00
SP73523900,,PIN,,M.S,"TWIST WHEEL/L 161MM,D 25MMX30MM",-,-/-/FA-503,KTM-MNSTR,2.00
SP73523900,,PIN,,M.S,"TWIST WHEEL/TIC 25MM,LENGTH 222MM, COTTER 8MMX19MM",-,-,KTM-MNSTR,8.00
SP73523900,,PIN,,M.S,"TWIST WHEEL/TIC 30MM,LENGTH 130MM, COTTER 8MMX40MM",-,-,KTM-MNSTR,10.00
SP73523900,,PIN,,S. S,"CARRIER WHEEL/L 175MM,D 30 & 25MM, THREADED 12MM, CARTER 8MM",-,-,KTM-MNSTR,9.00
SP73523900,,PIN,,S. S,FINE WHEEL/-,-,-,KTM-MNSTR,2.00
SP73523900,,PIN,,S. S,MIDDLE BACK ROLL /424MM,-,-/-/DYH500C,KTM-MNSTR,1.00
SP73523900,,PIN,,S.S,DRAFT WHEEL/-,-,-,KTM-MNSTR,1.00
SP73523910,,PIN FOC,,-,PRESSER/-,-,-,KTM-MNSTR,30.00
SP73524000,,PIPE,,-,BLOW,-,MURATA/-/Q PRO PLUS,KTM-MNSTR,4.00
SP73524000,,PIPE,,-,"CREAL/59""",-,-,KTM-MNSTR,2.00
SP73524000,,PIPE,,-,PNEUMAFIL-BANSREE WITH COCK/LENGTH 385MM,-,-,KTM-MNSTR,494.00
SP73524000,,PIPE,,-,SUCTION HOSE/-,-,-/-/338,KTM-MNSTR,2.00
SP73524000,,PIPE,,PLASTIC,SUCTION/-,-/GRAY,-/-/JINGWAY 1213 A,KTM-MNSTR,8.00
SP73524000,,PIPE,,RUBBER,CONNECTING TO 0PNEUMAFIL /-,-,-,KTM-MNSTR,400.00
SP73524010,,PIPE FOC,,CERAMIC,UNTWIST NOZZLE/-,-,JAPAN/MURATA/Q PRO PLUS,KTM-MNSTR,10.00
SP73524040,,PIPE,,-,"PRESSURE/ 5\16""",-,-/KOREA/-,KTM-MNSTR,64.00
SP73524040,,PIPE,,PLASTIC,-/8X5MM/-,-/TRANSPARENT,-,KTM-MNSTR,100.00
SP73524040,,PIPE,,POLYETHYLENE,AIR PRESSURE/10X6«MM,-,-,KTM-MNSTR,100.00
SP73524040,,PIPE,,PVC,FLEXIBLE/ 30X24MM,-,-,KTM-MNSTR,50.00
SP73524050,,PIPE,,-,FLEXIBLE/100MM,-,-,KTM-MNSTR,30.00
SP73524050,,PIPE,,POLYETHYLENE, AIR PRESSURE /IN DIA 5MM-OUT DIA 8MM,-,-,KTM-MNSTR,100.00
SP73524050,,PIPE,,POLYETHYLENE, AIR PRESSURE /IN DIA 8MM-OUT DIA 12MM,-/TRANSPARENT,-,KTM-MNSTR,900.00
SP73524200,,PISTON,,-,-,-,SCHLAFHORST/-/-,KTM-MNSTR,450.00
SP73524300,,PLATE,,-,EJECTION/-,-,-,KTM-MNSTR,14.00
SP73524300,,PLATE,,-,FRONT/FB-1,-,SCHLAFHORST/-/-,KTM-MNSTR,2.00
SP73524300,,PLATE,,-,JOINT/-,-,-,KTM-MNSTR,222.00
SP73524300,,PLATE,,-,SPRING HOOK/-,-,-,KTM-TRNSIT,5.00
SP73524300,,PLATE,,-,STEEL FOR LEVER S-4/-,-,-,KTM-MNSTR,18.00
SP73524300,,PLATE,,M.S,CLAMP RETIE/-,-,-,KTM-MNSTR,9.00
SP73524300,,PLATE,,PLASTIC,-,-,SCHLAFHORST/-/-,KTM-MNSTR,18.00
SP73524300,,PLATE,,PLASTIC,FOR GEAR /-,-,-,KTM-MNSTR,1.00
SP73524330,,PLATE FOC,,-,-,-,-,KTM-MNSTR,8.00
SP73524330,,PLATE FOC,,-,THREADING/-,-,GERMANY/SCHLAFHORST/X 6,KTM-MNSTR,2.00
SP73524330,,PLATE FOC,,S.S,FD 6/-,-,JAPAN/MURATA/Q PRO PLUS,KTM-MNSTR,240.00
SP73524400,,PLATE USED,,-,SPRING HOOK/-,-,-/IMPORTED/-,KTM-MNSTR,5.00
SP73524500,,PLUG,,-,-,-,-,KTM-MNSTR,70.00
SP73525700,,PRINTER,,-,MINI MMM/-,-,-,KTM-MNSTR,1.00
SP73525800,,PULLEY,,-, TIN FT001/250X45MM,-,-,KTM-MNSTR,16.00
SP73525800,,PULLEY,,-,DRAW OFF D54.1 (36X13.8 NIXR)/-,-,-,KTM-MNSTR,4.00
SP73525800,,PULLEY,,-,JOCKEY /-,-,-,KTM-MNSTR,32.00
SP73525800,,PULLEY,,-,TIMING (Z28T TL G5STS)/-,-,-,KTM-MNSTR,1.00
SP73525800,,PULLEY,,-,W1 D 100/-,-,-,KTM-MNSTR,2.00
SP73525800,,PULLEY,,-,W1 D 101/-,-,-,KTM-MNSTR,2.00
SP73525800,,PULLEY,,-,W8 VE009/-,-,-,KTM-MNSTR,2.00
SP73525800,,PULLEY,,C. I,"SINGLE V A TYPE/DIA 150MM,BORE 28MM,KNOB(DIA 15MM), COTTER 8",-,-,KTM-MNSTR,2.00
SP73525800,,PULLEY,,M. S,STEEL TAPE /-,-,-,KTM-MNSTR,100.00
SP73525800,,PULLEY,,M.S,"SINGLE V B-TYPE/DIA 192MM, BORE 90MM",-,-,KTM-MNSTR,1.00
SP73525800,,PULLEY,,TIN,-,-,-/IMPORTED/-,KTM-MNSTR,541.00
SP73525810,,PULLEY FOC,,M.S,TIN ROLL,-,CHINA/JINGWI/F 1520,KTM-MNSTR,5.00
SP73525810,,PULLEY FOC,,STEEL,LIFTING,-,CHINA/JINGWI/F 1520,KTM-MNSTR,5.00
SP73526100,,RACK,,-,LIFTER G.E/SMALL,-,-/-/FL-16,KTM-MNSTR,1.00
SP73526100,,RACK,,-,LIFTER O.E/SMALL,-,-/-/FL-16,KTM-MNSTR,1.00
SP73526100,,RACK,,-,LIFTER TOYODA/-,-,TOYODA/-/-,KTM-MNSTR,2.00
SP73526120,,RACK FOC,,-,-,-,-,KTM-MNSTR,1.00
SP73526600,,REGULATOR,,-,AIR/-,-,-,KTM-MNSTR,2.00
SP73526600,,REGULATOR,,-,"PRESSURE /G ¬, O~10 BAR",-,-,KTM-MNSTR,1.00
SP73526600,,REGULATOR,,-,PRESSURE/0.4~10 BAR G¬,-,-,KTM-MNSTR,2.00
SP73526700,,RESISTOR,,-,BRAKING/100 OHM\200W,-,-/RIETER/SB D-26,KTM-MNSTR,2.00
SP73526700,,RESISTOR,,-,BRAKING/36 OHM\4W,-,-/RIETER/SB D-26,KTM-MNSTR,2.00
SP73526900,,RING,,-,-,-,-,KTM-MNSTR,479.00
SP73526900,,RING,,-,BALLOON CONTROL/38MM,-,-,KTM-MNSTR,"5,300.00"
SP73526900,,RING,,-,BRAKE/-,-,SCHLAFHORST/-/-,KTM-MNSTR,35.00
SP73526900,,RING,,-,GROOVED/-,-,SCHLAFHORST/-/-,KTM-MNSTR,266.00
SP73526900,,RING,,-,GUM/-,-,-,KTM-MNSTR,1.00
SP73526900,,RING,,-,LOCK/NO. 8 OS,-,-,KTM-MNSTR,329.00
SP73526900,,RING,,-,LOCKING/-,-,SCHLAFHORST/-/-,KTM-MNSTR,5.00
SP73526900,,RING,,RUBBER,ADAPTER/-,-,SCHLAFHORST/-/-,KTM-MNSTR,30.00
SP73526900,,RING,,RUBBER,O-TYPE/2X10X6,-,-,KTM-MNSTR,"1,000.00"
SP73526900,,RING,,RUBBER,O-TYPE/6X10MM,-,-,KTM-MNSTR,605.00
SP73526900,,RING,,RUBBER,"O-TYPE/ID 60MM,OD 76MM,THICKNESS 8MM",-,-,KTM-MNSTR,130.00
SP73526900,,RING,,RUBBER,"O-TYPE/INNER DIA 41MM,OUTER DIA 45MM,THICKNESS 2MM",-/BLACK,-,KTM-MNSTR,20.00
SP73527000,,RING CLEANER,,M.S,WITH SCREW & WASHER/-,-,-,KTM-MNSTR,"4,000.00"
SP73527100,,RING CUP,,STEEL, HALF CHROME/38X54X3.2MM,-,HYUE/CHINA/-,KTM-MNSTR,"1,000.00"
SP73527100,,RING CUP,,STEEL,HALF CHROME /42X54X3.2 MM,-,J&F/CHINA/-,KTM-MNSTR,"1,500.00"
SP73527100,,RING CUP,,STEEL,HALF CHROME /45X54X3.2,-,J&F/CHINA/-,KTM-MNSTR,500.00
SP73527100,,RING CUP,,STEEL,PG-1 CHROME/35X54X3.2MM,-,HYUE/CHINA/-,KTM-MNSTR,"1,000.00"
SP73527400,,RING TRAVELLER,,-,-/1\0/C1HD MT AVUS,-,R&F/GERMANY/-,KTM-MNSTR,5.00
SP73527400,,RING TRAVELLER,,-,-/13\0/U1 UL UDR,-,LRT/INDIA/-,KTM-MNSTR,3.00
SP73527400,,RING TRAVELLER,,-,-/15\0/U1 UL UDR,-,LRT/INDIA/-,KTM-MNSTR,3.00
SP73527400,,RING TRAVELLER,,-,-/2\0/C1HD MT AVUS,-,R&F/GERMANY/-,KTM-MNSTR,3.00
SP73527400,,RING TRAVELLER,,-,-/3\0/C1HD MT AVUS,-,R&F/GERMANY/-,KTM-MNSTR,2.00
SP73527400,,RING TRAVELLER,,-,C1HD KM-AVUS/6/0,-,R&F/GERMANY/-,KTM-MNSTR,2.00
SP73527400,,RING TRAVELLER,,-,C1HD KM-AVUS/NO.1,-,R&F/GERMANY/-,KTM-MNSTR,1.00
SP73527400,,RING TRAVELLER,,-,C1HD KM-BLACK SPEED /1\0,-,R&F/GERMANY/-,KTM-MNSTR,1.00
SP73527400,,RING TRAVELLER,,-,C1HD KM-BLACK SPEED /2\0,-,R&F/GERMANY/-,KTM-MNSTR,2.00
SP73527400,,RING TRAVELLER,,-,C1HD KM-BLACK SPEED /NO. 06,-,R&F/GERMANY/-,KTM-MNSTR,5.00
SP73527400,,RING TRAVELLER,,-,C1HD KM-BLACK SPEED /NO.1,-,R&F/GERMANY/-,KTM-MNSTR,3.00
SP73527400,,RING TRAVELLER,,-,C1HD KM-BLACK SPEED /NO.4,-,R&F/GERMANY/-,KTM-MNSTR,2.00
SP73527400,,RING TRAVELLER,,-,C1HD KM-BLACK SPEED/4\0,-,R&F/GERMANY/-,KTM-MNSTR,3.00
SP73527400,,RING TRAVELLER,,-,C1HD KM-BLACK SPEED/4\0,-,R&F/INDIA/-,KTM-MNSTR,1.00
SP73527400,,RING TRAVELLER,,-,C1HD KM-BLACK SPEED/5\0,-,R&F/GERMANY/-,KTM-MNSTR,2.00
SP73527400,,RING TRAVELLER,,-,C1HD KM-BLACK SPEED/7\0,-,R&F/GERMANY/-,KTM-MNSTR,2.00
SP73527400,,RING TRAVELLER,,-,C1HD KM-BLACK SPEED/8\0,-,R&F/GERMANY/-,KTM-MNSTR,3.00
SP73527400,,RING TRAVELLER,,-,C1HD KS BLACK SPEED/6\0,-,R&F/GERMANY/-,KTM-MNSTR,1.00
SP73527400,,RING TRAVELLER,,-,C1HD KS-AVUS/5\0,-,R&F/GERMANY/-,KTM-MNSTR,2.00
SP73527400,,RING TRAVELLER,,-,C1HD MT AVUS/NO;2,-,R&F/GERMANY/-,KTM-MNSTR,2.00
SP73527400,,RING TRAVELLER,,-,C1HD MT XSPEED/2\0,-,R&F/GERMANY/-,KTM-MNSTR,2.00
SP73527400,,RING TRAVELLER,,-,C1HD MT X-SPEED/6\0,-,R&F/GERMANY/-,KTM-MNSTR,1.00
SP73527400,,RING TRAVELLER,,-,C1HD MT X-SPEED/No;2,-,R&F/GERMANY/-,KTM-MNSTR,1.00
SP73527400,,RING TRAVELLER,,-,C1HD MT/1\0,-,R&F/GERMANY/-,KTM-MNSTR,4.00
SP73527400,,RING TRAVELLER,,-,C1HD MT/5\0,-,R&F/GERMANY/-,KTM-MNSTR,4.00
SP73527400,,RING TRAVELLER,,-,C1HD MT-AVUS/NO.01,-,R&F/GERMANY/-,KTM-MNSTR,2.00
SP73527400,,RING TRAVELLER,,-,C1HD MT-X-SPEED/NO.01,-,R&F/GERMANY/-,KTM-MNSTR,2.00
SP73527400,,RING TRAVELLER,,-,C1HD TW-AVUS /1\0,-,R&F/GERMANY/-,KTM-MNSTR,1.00
SP73527400,,RING TRAVELLER,,-,C1HD-KM-AVUS /4\0,-,R&F/GERMANY/-,KTM-MNSTR,2.00
SP73527400,,RING TRAVELLER,,-,C1HDKM-BLACK SPEED /3\0,-,R&F/GERMANY/-,KTM-MNSTR,1.00
SP73527400,,RING TRAVELLER,,-,C1HR MT-AVUS /1\0,-,R&F/GERMANY/-,KTM-MNSTR,2.00
SP73527400,,RING TRAVELLER,,-,C1HR MT-AVUS /2\0,-,R&F/GERMANY/-,KTM-MNSTR,3.00
SP73527400,,RING TRAVELLER,,-,C1HR MT-AVUS /3\0,-,R&F/GERMANY/-,KTM-MNSTR,3.00
SP73527400,,RING TRAVELLER,,-,C1HR MT-AVUS /7\0,-,R&F/GERMANY/-,KTM-MNSTR,1.00
SP73527400,,RING TRAVELLER,,-,C1HR MT-AVUS /NO. 01,-,R&F/GERMANY/-,KTM-MNSTR,2.00
SP73527400,,RING TRAVELLER,,-,C1HR MT-AVUS /NO. 02,-,R&F/GERMANY/-,KTM-MNSTR,2.00
SP73527400,,RING TRAVELLER,,-,C1HR MT-AVUS /NO. 03,-,R&F/GERMANY/-,KTM-MNSTR,3.00
SP73527400,,RING TRAVELLER,,-,C1HR MT-AVUS /NO. 03,-,R&F/INDIA/-,KTM-MNSTR,1.00
SP73527400,,RING TRAVELLER,,-,C1HR MT-AVUS /NO. 04,-,R&F/GERMANY/-,KTM-MNSTR,1.00
SP73527400,,RING TRAVELLER,,-,C1HR MT-AVUS /NO. 05,-,R&F/GERMANY/-,KTM-MNSTR,2.00
SP73527400,,RING TRAVELLER,,-,C1HR MT-AVUS /NO. 06,-,R&F/GERMANY/-,KTM-MNSTR,2.00
SP73527400,,RING TRAVELLER,,-,C1HR MT-BLACK SPEED /2\0,-,R&F/GERMANY/-,KTM-MNSTR,1.00
SP73527400,,RING TRAVELLER,,-,C1HR MT-BLACK SPEED /4\0,-,R&F/GERMANY/-,KTM-MNSTR,1.00
SP73527400,,RING TRAVELLER,,-,C1HR MTW-SUPER SPEED /NO. 14,-,R&F/GERMANY/-,KTM-MNSTR,1.00
SP73527400,,RING TRAVELLER,,-,C1HR MTW-SUPER SPEED /NO. 19,-,R&F/GERMANY/-,KTM-MNSTR,2.00
SP73527400,,RING TRAVELLER,,-,C1HRMT-SUPER SPEED /NO. 09,-,R&F/INDIA/-,KTM-MNSTR,1.00
SP73527400,,RING TRAVELLER,,-,C1HRMTW-SUPER SPEED /NO. 01,-,R&F/GERMANY/-,KTM-MNSTR,1.00
SP73527400,,RING TRAVELLER,,-,C1HRMTW-SUPER SPEED /NO. 03,-,R&F/GERMANY/-,KTM-MNSTR,1.00
SP73527400,,RING TRAVELLER,,-,C1HRMTW-SUPER SPEED /NO. 16,-,R&F/INDIA/-,KTM-MNSTR,2.00
SP73527400,,RING TRAVELLER,,-,C1HRMTW-SUPER SPEED/NO. 11,-,R&F/GERMANY/-,KTM-MNSTR,2.00
SP73527400,,RING TRAVELLER,,-,C1LM UDR STARLET/NO.3,-,BRACKER/GERMANY/-,KTM-MNSTR,1.00
SP73527400,,RING TRAVELLER,,-,C1MM UDR-SAPHIR /2\0,-,BRACKER/GERMANY/-,KTM-MNSTR,1.00
SP73527400,,RING TRAVELLER,,-,C1MM UDR-SAPHIR/1\0,-,BRACKER/GERMANY/-,KTM-MNSTR,1.00
SP73527400,,RING TRAVELLER,,-,C1MM UDR-SAPHIR/5\0,-,BRACKER/GERMANY/-,KTM-MNSTR,1.00
SP73527400,,RING TRAVELLER,,-,C1MM UDR-SAPHIR/NO. 02,-,BRACKER/GERMANY/-,KTM-MNSTR,3.00
SP73527400,,RING TRAVELLER,,-,C1MM UDR-SAPHIR/NO. 04,-,-,DBL-WH,1.00
SP73527400,,RING TRAVELLER,,-,C1MM UDR-SAPHIR/NO. 05,-,BRACKER/GERMANY/-,KTM-MNSTR,1.00
SP73527400,,RING TRAVELLER,,-,C1MM UDR-SAPHIR/NO. 07,-,BRACKER/GERMANY/-,RING-WH,1.00
SP73527400,,RING TRAVELLER,,-,C1MM UDR-SAPHIR/NO. 08,-,BRACKER/GERMANY/-,KTM-MNSTR,2.00
SP73527400,,RING TRAVELLER,,-,C1MM UDR-SAPHIR/NO. 14,-,BRACKER/GERMANY/-,KTM-MNSTR,1.00
SP73527400,,RING TRAVELLER,,-,C1UL UDR /NO. 03,-,BRACKER/GERMANY/-,KTM-MNSTR,3.00
SP73527400,,RING TRAVELLER,,-,C1UL UDR SAPHIR/1\0,-,BRACKER/GERMANY/-,KTM-MNSTR,1.00
SP73527400,,RING TRAVELLER,,-,C1UL UDR SAPHIR/2\0,-,BRACKER/GERMANY/-,KTM-MNSTR,4.00
SP73527400,,RING TRAVELLER,,-,C1UL UDR SAPHIR/3\0,-,BRACKER/GERMANY/-,KTM-MNSTR,8.00
SP73527400,,RING TRAVELLER,,-,C1UL UDR SAPHIR/8\0,-,BRACKER/GERMANY/-,KTM-MNSTR,2.00
SP73527400,,RING TRAVELLER,,-,C1UL UDR-SAPHIR/10\0,-,BRACKER/GERMANY/-,KTM-MNSTR,1.00
SP73527400,,RING TRAVELLER,,-,C1UM UDR SAPHIR/1\0,-,BRACKER/GERMANY/-,KTM-MNSTR,2.00
SP73527400,,RING TRAVELLER,,-,C1UM UDR SAPHIR/2\0,-,BRACKER/GERMANY/-,KTM-MNSTR,1.00
SP73527400,,RING TRAVELLER,,-,C1UM UDR SAPHIR/4\0,-,BRACKER/GERMANY/-,KTM-MNSTR,2.00
SP73527400,,RING TRAVELLER,,-,C1UM UDR SAPHIR/5\0,-,BRACKER/GERMANY/-,KTM-MNSTR,1.00
SP73527400,,RING TRAVELLER,,-,C1UM UDR SAPHIR/7\0,-,BRACKER/GERMANY/-,KTM-MNSTR,2.00
SP73527400,,RING TRAVELLER,,-,C1UM UDR SAPHIR/No; 1,-,BRACKER/GERMANY/-,KTM-MNSTR,1.00
SP73527400,,RING TRAVELLER,,-,EL1 UDR /10\0,-,LRT/INDIA/-,KTM-MNSTR,2.00
SP73527400,,RING TRAVELLER,,-,EL1 UDR /12\0,-,LRT/INDIA/-,KTM-MNSTR,3.00
SP73527400,,RING TRAVELLER,,-,EL1 UDR /13\0,-,LRT/INDIA/-,KTM-MNSTR,2.00
SP73527400,,RING TRAVELLER,,-,EL1 UDR /14\0,-,LRT/INDIA/-,KTM-MNSTR,3.00
SP73527400,,RING TRAVELLER,,-,EL1 UDR /15\0,-,LRT/INDIA/-,KTM-MNSTR,4.00
SP73527400,,RING TRAVELLER,,-,EL1 UDR /16\0,-,LRT/INDIA/-,KTM-MNSTR,2.00
SP73527400,,RING TRAVELLER,,-,EL1 UDR /18\0,-,LRT/INDIA/-,KTM-MNSTR,1.00
SP73527400,,RING TRAVELLER,,-,EL1 UDR /20\0,-,LRT/INDIA/-,KTM-MNSTR,2.00
SP73527400,,RING TRAVELLER,,-,EL1 UDR /22\0,-,LRT/INDIA/-,KTM-MNSTR,1.00
SP73527400,,RING TRAVELLER,,-,EL1 UDR /3\0,-,LRT/INDIA/-,KTM-MNSTR,1.00
SP73527400,,RING TRAVELLER,,-,EL1 UDR /4\0,-,LRT/INDIA/-,KTM-MNSTR,1.00
SP73527400,,RING TRAVELLER,,-,EL1 UDR /5\0,-,LRT/INDIA/-,KTM-MNSTR,1.00
SP73527400,,RING TRAVELLER,,-,EL1 UDR /6\0,-,LRT/INDIA/-,KTM-MNSTR,2.00
SP73527400,,RING TRAVELLER,,-,EL1 UDR /7\0,-,LRT/INDIA/-,KTM-MNSTR,2.00
SP73527400,,RING TRAVELLER,,-,EL1 UDR /8\0,-,LRT/INDIA/-,KTM-MNSTR,2.00
SP73527400,,RING TRAVELLER,,-,EL1 UDR /9\0,-,LRT/INDIA/-,KTM-MNSTR,2.00
SP73527400,,RING TRAVELLER,,-,EL1F/18\0,-,R&F/GERMANY/-,KTM-MNSTR,1.00
SP73527400,,RING TRAVELLER,,-,EL1F-BLACK SPEED /5\0,-,R&F/GERMANY/-,KTM-MNSTR,2.00
SP73527400,,RING TRAVELLER,,-,EL1F-BLACK SPEED /9\0,-,R&F/GERMANY/-,KTM-MNSTR,1.00
SP73527400,,RING TRAVELLER,,-,EL1F-BLACK SPEED/10\0,-,R&F/GERMANY/-,KTM-MNSTR,1.00
SP73527400,,RING TRAVELLER,,-,EL1F-BLACK SPEED/12\0,-,R&F/GERMANY/-,KTM-MNSTR,1.00
SP73527400,,RING TRAVELLER,,-,EL1F-BLACK SPEED/13\0,-,R&F/GERMANY/-,KTM-MNSTR,1.00
SP73527400,,RING TRAVELLER,,-,EL1F-SAPHIR/17\0,-,BRACKER/GERMANY/-,KTM-MNSTR,1.00
SP73527400,,RING TRAVELLER,,-,EL1HF-SUPER SPEED /14\0,-,R&F/GERMANY/-,KTM-MNSTR,1.00
SP73527400,,RING TRAVELLER,,-,EL1HF-SUPER SPEED /2\0,-,R&F/GERMANY/-,KTM-MNSTR,1.00
SP73527400,,RING TRAVELLER,,-,EL1HF-SUPER SPEED /6\0,-,R&F/GERMANY/-,KTM-MNSTR,2.00
SP73527400,,RING TRAVELLER,,-,EL1HF-SUPPER SPEED /4\0,-,R&F/GERMANY/-,KTM-MNSTR,1.00
SP73527400,,RING TRAVELLER,,-,EL1UDR /1\0,-,LRT/INDIA/-,KTM-MNSTR,1.00
SP73527400,,RING TRAVELLER,,-,EM 1 DR-SAPHIR/NO. 01,-,BRACKER/GERMANY/-,KTM-MNSTR,1.00
SP73527400,,RING TRAVELLER,,-,EM 1 DR-SAPHIR/NO. 03,-,BRACKER/GERMANY/-,KTM-MNSTR,2.00
SP73527400,,RING TRAVELLER,,-,EM 1 DR-SAPHIR/NO. 08,-,BRACKER/GERMANY/-,KTM-MNSTR,1.00
SP73527400,,RING TRAVELLER,,-,EM 1 DR-SAPHIR/NO. 09,-,BRACKER/GERMANY/-,KTM-MNSTR,1.00
SP73527400,,RING TRAVELLER,,-,EM 1 DR-SAPHIR/NO. 10,-,BRACKER/GERMANY/-,KTM-MNSTR,1.00
SP73527400,,RING TRAVELLER,,-,HEL1HREMT-AVUS/1\0,-,R&F/GERMANY/-,KTM-MNSTR,3.00
SP73527400,,RING TRAVELLER,,-,HEL1HREMT-AVUS/2\0,-,R&F/GERMANY/-,KTM-MNSTR,3.00
SP73527400,,RING TRAVELLER,,-,HEL1HREMT-AVUS/5\0,-,R&F/GERMANY/-,KTM-MNSTR,2.00
SP73527400,,RING TRAVELLER,,-,HEL1HREMT-AVUS/7\0,-,R&F/GERMANY/-,KTM-MNSTR,10.00
SP73527400,,RING TRAVELLER,,-,HEL1HREMT-SUPER SPEED /1\0,-,R&F/GERMANY/-,KTM-MNSTR,5.00
SP73527400,,RING TRAVELLER,,-,HEL1HREMT-SUPER SPEED /2\0,-,R&F/GERMANY/-,KTM-MNSTR,5.00
SP73527400,,RING TRAVELLER,,-,HEL1HR-EMT-SUPER SPEED /4\0,-,R&F/GERMANY/-,KTM-MNSTR,4.00
SP73527400,,RING TRAVELLER,,-,HEL1HREMT-SUPER SPEED /7\0,-,R&F/GERMANY/-,KTM-MNSTR,2.00
SP73527400,,RING TRAVELLER,,-,HEL1HREMT-SUPER SPEED/NO. 0.5,-,R&F/GERMANY/-,KTM-MNSTR,3.00
SP73527400,,RING TRAVELLER,,-,HEL1HR-MT-AVUS/6\0,-,R&F/GERMANY/-,KTM-MNSTR,2.00
SP73527400,,RING TRAVELLER,,-,M\EM 1DR/NO;7,-,BRACKER/GERMANY/-,KTM-MNSTR,1.00
SP73527400,,RING TRAVELLER,,-,M1HO UDR/2\0,-,LRT/INDIA/-,KTM-MNSTR,1.00
SP73527400,,RING TRAVELLER,,-,M1HO UDR/3\0,-,LRT/INDIA/-,KTM-MNSTR,1.00
SP73527400,,RING TRAVELLER,,-,M1HO UDR/6\0,-,LRT/INDIA/-,KTM-MNSTR,1.00
SP73527400,,RING TRAVELLER,,-,M1HO UDR/7\0,-,LRT/INDIA/-,KTM-MNSTR,1.00
SP73527400,,RING TRAVELLER,,-,U1 PH UDR /2\0,-,LRT/INDIA/-,KTM-MNSTR,3.00
SP73527400,,RING TRAVELLER,,-,U1 PH UDR /3\0,-,LRT/INDIA/-,KTM-MNSTR,2.00
SP73527400,,RING TRAVELLER,,-,U1C1UDR /NO. 03,-,LRT/INDIA/-,KTM-MNSTR,1.00
SP73527400,,RING TRAVELLER,,-,U1CS UDR/NO.10,-,LRT/INDIA/-,KTM-MNSTR,3.00
SP73527400,,RING TRAVELLER,,-,U1CS UDR/NO.11,-,LRT/INDIA/-,KTM-MNSTR,1.00
SP73527400,,RING TRAVELLER,,-,U1CS UDR/NO.12,-,LRT/INDIA/-,KTM-MNSTR,3.00
SP73527400,,RING TRAVELLER,,-,U1CS UDR/NO.13,-,LRT/INDIA/-,KTM-MNSTR,3.00
SP73527400,,RING TRAVELLER,,-,U1CS UDR/NO.14,-,LRT/INDIA/-,KTM-MNSTR,4.00
SP73527400,,RING TRAVELLER,,-,U1CS UDR/NO.16,-,LRT/INDIA/-,KTM-MNSTR,4.00
SP73527400,,RING TRAVELLER,,-,U1CS UDR/NO.4,-,LRT/INDIA/-,KTM-MNSTR,3.00
SP73527400,,RING TRAVELLER,,-,U1CS UDR/NO.6,-,LRT/INDIA/-,KTM-MNSTR,6.00
SP73527400,,RING TRAVELLER,,-,U1CS UDR/NO.7,-,LRT/INDIA/-,KTM-MNSTR,1.00
SP73527400,,RING TRAVELLER,,-,U1CS UDR/NO.8,-,LRT/INDIA/-,KTM-MNSTR,1.00
SP73527400,,RING TRAVELLER,,-,U1CS UDR/NO.9,-,LRT/INDIA/-,KTM-MNSTR,3.00
SP73527400,,RING TRAVELLER,,-,U1HM UDR /1\0,-,LRT/INDIA/-,KTM-MNSTR,4.00
SP73527400,,RING TRAVELLER,,-,U1HM UDR /10\0,-,LRT/INDIA/-,KTM-MNSTR,3.00
SP73527400,,RING TRAVELLER,,-,U1HM UDR /11\0,-,LRT/INDIA/-,KTM-MNSTR,6.00
SP73527400,,RING TRAVELLER,,-,U1HM UDR /2\0,-,LRT/INDIA/-,KTM-MNSTR,3.00
SP73527400,,RING TRAVELLER,,-,U1HM UDR /3\0,-,LRT/INDIA/-,KTM-MNSTR,1.00
SP73527400,,RING TRAVELLER,,-,U1HM UDR /4\0,-,LRT/INDIA/-,KTM-MNSTR,3.00
SP73527400,,RING TRAVELLER,,-,U1HM UDR /5\0,-,LRT/INDIA/-,KTM-MNSTR,2.00
SP73527400,,RING TRAVELLER,,-,U1HM UDR /6\0,-,LRT/INDIA/-,KTM-MNSTR,2.00
SP73527400,,RING TRAVELLER,,-,U1HM UDR /7\0,-,LRT/INDIA/-,KTM-MNSTR,3.00
SP73527400,,RING TRAVELLER,,-,U1HM UDR /8\0,-,LRT/INDIA/-,KTM-MNSTR,3.00
SP73527400,,RING TRAVELLER,,-,U1HM UDR /9\0,-,LRT/INDIA/-,KTM-MNSTR,3.00
SP73527400,,RING TRAVELLER,,-,U1HM UDR /NO.01,-,LRT/INDIA/-,KTM-MNSTR,3.00
SP73527400,,RING TRAVELLER,,-,U1HM UDR /NO.02,-,LRT/INDIA/-,KTM-MNSTR,4.00
SP73527400,,RING TRAVELLER,,-,U1HM UDR /NO.03,-,LRT/INDIA/-,KTM-MNSTR,3.00
SP73527400,,RING TRAVELLER,,-,U1LEL UDR /7\0,-,LRT/INDIA/-,KTM-MNSTR,1.00
SP73527400,,RING TRAVELLER,,-,U1LEL UDR /9\0,-,LRT/INDIA/-,KTM-MNSTR,1.00
SP73527400,,RING TRAVELLER,,-,U1ML UDR /2\0,-,LRT/INDIA/-,KTM-MNSTR,4.00
SP73527400,,RING TRAVELLER,,-,U1ML UDR /3\0,-,LRT/INDIA/-,KTM-MNSTR,1.00
SP73527400,,RING TRAVELLER,,-,U1ML UDR/NO. 01,-,LRT/INDIA/-,KTM-MNSTR,1.00
SP73527400,,RING TRAVELLER,,-,U1ML UDR/NO. 02,-,LRT/INDIA/-,KTM-MNSTR,1.00
SP73527400,,RING TRAVELLER,,-,U1ML UDR/NO. 03,-,LRT/INDIA/-,KTM-MNSTR,3.00
SP73527400,,RING TRAVELLER,,-,U1ML UDR/NO. 05,-,LRT/INDIA/-,KTM-MNSTR,2.00
SP73527400,,RING TRAVELLER,,-,U1MM UDR /6\0,-,LRT/INDIA/-,KTM-MNSTR,1.00
SP73527400,,RING TRAVELLER,,-,U1MM UDR /NO.1,-,LRT/INDIA/-,KTM-MNSTR,3.00
SP73527400,,RING TRAVELLER,,-,U1MM UDR /NO.10,-,LRT/INDIA/-,KTM-MNSTR,4.00
SP73527400,,RING TRAVELLER,,-,U1MM UDR /NO.2,-,LRT/INDIA/-,KTM-MNSTR,3.00
SP73527400,,RING TRAVELLER,,-,U1MM UDR /NO.3,-,LRT/INDIA/-,KTM-MNSTR,4.00
SP73527400,,RING TRAVELLER,,-,U1MM UDR /NO.4,-,LRT/INDIA/-,KTM-MNSTR,8.00
SP73527400,,RING TRAVELLER,,-,U1MM UDR /NO.5,-,LRT/INDIA/-,DBL-WH,-1.00
SP73527400,,RING TRAVELLER,,-,U1MM UDR /NO.5,-,LRT/INDIA/-,KTM-MNSTR,4.00
SP73527400,,RING TRAVELLER,,-,U1MM UDR /NO.5,-,LRT/INDIA/-,KTM-TRNSIT,1.00
SP73527400,,RING TRAVELLER,,-,U1MM UDR /NO.6,-,LRT/INDIA/-,KTM-MNSTR,5.00
SP73527400,,RING TRAVELLER,,-,U1MM UDR /NO.7,-,LRT/INDIA/-,KTM-MNSTR,4.00
SP73527400,,RING TRAVELLER,,-,U1MM UDR /NO.8,-,LRT/INDIA/-,KTM-MNSTR,4.00
SP73527400,,RING TRAVELLER,,-,U1MM UDR /NO.9,-,LRT/INDIA/-,KTM-MNSTR,4.00
SP73527400,,RING TRAVELLER,,-,U1PH UDR /1\0,-,LRT/INDIA/-,KTM-MNSTR,7.00
SP73527400,,RING TRAVELLER,,-,U1PH UDR /NO; 2,-,LRT/INDIA/-,KTM-MNSTR,2.00
SP73527400,,RING TRAVELLER,,-,U1UL UDR /1\0,-,LRT/INDIA/-,KTM-MNSTR,3.00
SP73527400,,RING TRAVELLER,,-,U1UL UDR /10\0,-,LRT/INDIA/-,KTM-MNSTR,5.00
SP73527400,,RING TRAVELLER,,-,U1UL UDR /11\0,-,LRT/INDIA/-,KTM-MNSTR,3.00
SP73527400,,RING TRAVELLER,,-,U1UL UDR /12\0,-,LRT/INDIA/-,KTM-MNSTR,4.00
SP73527400,,RING TRAVELLER,,-,U1UL UDR /14\0,-,LRT/INDIA/-,KTM-MNSTR,2.00
SP73527400,,RING TRAVELLER,,-,U1UL UDR /18\0,-,LRT/INDIA/-,KTM-MNSTR,2.00
SP73527400,,RING TRAVELLER,,-,U1UL UDR /2\0,-,LRT/INDIA/-,KTM-MNSTR,1.00
SP73527400,,RING TRAVELLER,,-,U1UL UDR /3\0,-,LRT/INDIA/-,KTM-MNSTR,2.00
SP73527400,,RING TRAVELLER,,-,U1UL UDR /4\0,-,LRT/INDIA/-,KTM-MNSTR,3.00
SP73527400,,RING TRAVELLER,,-,U1UL UDR /5\0,-,LRT/INDIA/-,KTM-MNSTR,1.00
SP73527400,,RING TRAVELLER,,-,U1UL UDR /6\0,-,LRT/INDIA/-,KTM-MNSTR,5.00
SP73527400,,RING TRAVELLER,,-,U1UL UDR /7\0,-,LRT/INDIA/-,KTM-MNSTR,2.00
SP73527400,,RING TRAVELLER,,-,U1UL UDR /8\0,-,LRT/INDIA/-,KTM-MNSTR,6.00
SP73527400,,RING TRAVELLER,,-,U1UL UDR /9\0,-,LRT/INDIA/-,KTM-MNSTR,3.00
SP73527400,,RING TRAVELLER,,-,U1UL UDR /NO.1,-,LRT/INDIA/-,KTM-MNSTR,2.00
SP73527400,,RING TRAVELLER,,-,U1UL UDR /NO.2,-,LRT/INDIA/-,KTM-MNSTR,3.00
SP73527400,,RING TRAVELLER,,-,U1US UDR /3\0,-,LRT/INDIA/-,KTM-MNSTR,1.00
SP73527400,,RING TRAVELLER,,-,U1US UDR /6\0,-,LRT/INDIA/-,KTM-MNSTR,2.00
SP73527400,,RING TRAVELLER,,-,U1US UDR /7\0,-,LRT/INDIA/-,KTM-MNSTR,1.00
SP73527400,,RING TRAVELLER,,-,U1US UDR /NO. 01,-,LRT/INDIA/-,KTM-MNSTR,4.00
SP73527400,,RING TRAVELLER,,-,U1US UDR /NO. 02,-,LRT/INDIA/-,KTM-MNSTR,3.00
SP73527400,,RING TRAVELLER,,-,U1US UDR /NO. 03,-,LRT/INDIA/-,KTM-MNSTR,4.00
SP73527400,,RING TRAVELLER,,-,U1US UDR /NO. 04,-,LRT/INDIA/-,KTM-MNSTR,3.00
SP73527400,,RING TRAVELLER,,-,U1US UDR /NO. 05,-,LRT/INDIA/-,KTM-MNSTR,2.00
SP73527400,,RING TRAVELLER,,-,U1US UDR /NO. 06,-,LRT/INDIA/-,KTM-MNSTR,1.00
SP73527400,,RING TRAVELLER,,-,U1US UDR /NO. 08,-,LRT/INDIA/-,KTM-MNSTR,2.00
SP73527400,,RING TRAVELLER,,-,U1US UDR EXPRESS/NO. 03,-,LRT/INDIA/-,KTM-MNSTR,1.00
SP73527400,,RING TRAVELLER,,-,U1US UDR/4\0,-,LRT/INDIA/-,KTM-MNSTR,1.00
SP73527600,,ROD,,-,CONNECTING/-,-,SCHLAFHORST/GERMANY/-,KTM-MNSTR,5.00
SP73527600,,ROD,,-,INCREASE/-,-,-,KTM-MNSTR,38.00
SP73527600,,ROD,,-,ROVING FOR EXTENSION WITH M.S NUT & WASHER 8MM/-,-,-,KTM-MNSTR,6.00
SP73527600,,ROD,,-,TRANSFER/-,-,-,KTM-MNSTR,18.00
SP73527600,,ROD,,PLASTIC,PULL/-,-,-,KTM-MNSTR,77.00
SP73527800,,ROLL,,-,GUIDING/-,-,SCHLAFHORST/-/-,KTM-MNSTR,14.00
SP73527800,,ROLL,,STEEL (FOC),MIDDLE PIECE LEFT/-,-,CHINA/JINGWI/F 1520,KTM-MNSTR,1.00
SP73527800,,ROLL,,STEEL (FOC),MIDDLE PIECE RIGHT /-,-,CHINA/JINGWI/F 1520,KTM-MNSTR,1.00
SP73527820,,RUBBER,,-,FOR FINGER PLATE/-,-,-,KTM-MNSTR,100.00
SP73527900,,ROLLER,,S.S,CAM,-,SCHLAFHORST/GERMANY/-,KTM-MNSTR,30.00
SP73527910,,ROLLER FOC,,-,-,-,-,KTM-MNSTR,10.00
SP73527910,,ROLLER FOC,,-,OPENING WITH OUT WIRE,-,MESDAN/ITALY/NATI,KTM-MNSTR,1.00
SP73527910,,ROLLER FOC,,S.S,1ST AND 3RD INTERMEDIATE/-,-,ITALY/MARZOLI/FT 6E,KTM-MNSTR,2.00
SP73527910,,ROLLER FOC,,S.S,2ND INTERMEDIATE ELEMENT/-,-,ITALY/MARZOLI/FT 6E,KTM-MNSTR,1.00
SP73528200,,SCREW,,-,CYLINDER M5X16 37701 /-,-,-,KTM-MNSTR,25.00
SP73528200,,SCREW,,-,EYELET/5MM,-,-,KTM-MNSTR,295.00
SP73528300,,SEAL,,-,-,-,-,KTM-MNSTR,360.00
SP73528300,,SEAL,,-,-/40X62X8MM/OIL,-,-,KTM-MNSTR,4.00
SP73528300,,SEAL,,-,OIL /30X55X8,-,-,KTM-MNSTR,10.00
SP73528300,,SEAL,,-,OIL/30X47X7,-,-,KTM-MNSTR,18.00
SP73528300,,SEAL,,-,OIL/40X72X7 MM,-,-,KTM-MNSTR,17.00
SP73528300,,SEAL,,-,OIL/47X28-9,-,-,KTM-MNSTR,1.00
SP73528300,,SEAL,,-,OIL/715X30X7MM,-,-,KTM-MNSTR,12.00
SP73528300,,SEAL,,-,OIL/90X120X13 MM,-,-,KTM-MNSTR,22.00
SP73528300,,SEAL,,-,OIL/90X65X10 MM,-,-,KTM-MNSTR,16.00
SP73528300,,SEAL,,-,PRESSURE/ 22X38X7 MM,-,-,KTM-MNSTR,6.00
SP73528300,,SEAL,,-,RADIAL/-,-,-,KTM-MNSTR,5.00
SP73528300,,SEAL,,-,RING /-,-,-,KTM-MNSTR,31.00
SP73528300,,SEAL,,-,RING SPRAY PUMP/-,-,-,KTM-MNSTR,32.00
SP73528300,,SEAL,,-,TWIST BOX OIL /40X70X12,-,-,KTM-MNSTR,23.00
SP73528300,,SEAL,,CARBIDE,MECHANICAL/22MM,-,-,KTM-MNSTR,5.00
SP73528300,,SEAL,,CARBIDE,MECHANICAL/30MM,-,-,KTM-MNSTR,7.00
SP73528300,,SEAL,,CARBIDE,MECHANICAL/32MM,-,-,KTM-MNSTR,1.00
SP73528300,,SEAL,,NYLON,OIL /35X55X10,-,-/-/FL-16,KTM-MNSTR,2.00
SP73528300,,SEAL,,NYLON,OIL 2PC /110X140X14 MM,-,-/-/FL-16,KTM-MNSTR,6.00
SP73528300,,SEAL,,RUBBER,-/ 62X40X10 MM,-,-,KTM-MNSTR,6.00
SP73528300,,SEAL,,RUBBER,338/-,-,-,KTM-MNSTR,10.00
SP73528300,,SEAL,,RUBBER,OIL /17X30X7MM,-,NOK/-/-,KTM-MNSTR,8.00
SP73528300,,SEAL,,RUBBER,OIL /20X40X8MM,-,-,KTM-MNSTR,20.00
SP73528300,,SEAL,,RUBBER,OIL /25X35X8MM,-,-,KTM-MNSTR,25.00
SP73528300,,SEAL,,RUBBER,OIL /25X37X7MM,-,-,KTM-MNSTR,7.00
SP73528300,,SEAL,,RUBBER,OIL /45X60X9MM,-,-,KTM-MNSTR,20.00
SP73528300,,SEAL,,RUBBER,OIL/15X35X10,-,-,KTM-MNSTR,20.00
SP73528300,,SEAL,,RUBBER,OIL/30X45X8MM,-,-,KTM-MNSTR,12.00
SP73528300,,SEAL,,RUBBER,OIL/40X80X10MM,-,-,KTM-MNSTR,4.00
SP73528300,,SEAL,,RUBBER,OIL/45X65X12,-,-,KTM-MNSTR,12.00
SP73528300,,SEAL,,RUBBER,O-RING /112X108X2MM,-,-,KTM-MNSTR,60.00
SP73528300,,SEAL,,RUBBER,O-RING /16X20X3MM,-,-,KTM-MNSTR,20.00
SP73528300,,SEAL,,RUBBER,PRESSURE (BOKY)/28X200X35MM,-,-,KTM-MNSTR,6.00
SP73528300,,SEAL,,RUBBER,PRESSURE/30X40X8MM,-,-,KTM-MNSTR,8.00
SP73528300,,SEAL,,STEEL,OIL TAPPER/-,-,-,KTM-MNSTR,7.00
SP73528310,,SEAL FOC,,-,-,-,-,KTM-MNSTR,5.00
SP73528310,,SEAL FOC,,-,OIL /-,-,-,KTM-MNSTR,8.00
SP73528310,,SEAL FOC,,-,RING/-,-,-,KTM-MNSTR,2.00
SP73528600,,SENSOR,,-,-,-,-,KTM-MNSTR,36.00
SP73528600,,SENSOR,,-,BRACKET/-,-,-,KTM-MNSTR,44.00
SP73528600,,SENSOR,,-,HALL/-,-,SCHLAFHORST/GERMANY/-,KTM-MNSTR,11.00
SP73528600,,SENSOR,,-,LOWER END/-,-,SCHLAFHORST/GERMANY/-,KTM-MNSTR,3.00
SP73528600,,SENSOR,,-,MODULE/-,-,-,KTM-MNSTR,5.00
SP73528600,,SENSOR,,-,UPPER END/-,-,SCHLAFHORST/GERMANY/338,KTM-MNSTR,38.00
SP73528600,,SENSOR,,-,YARN TENSION/-,-,SCHLAFHORST/GERMANY/-,KTM-MNSTR,8.00
SP73529200,,SHAFT,,-,-,-,-,KTM-MNSTR,1.00
SP73529200,,SHAFT,,-,BEARING /-,-,-,KTM-MNSTR,25.00
SP73529200,,SHAFT,,-,DRIVE /-,-,-,KTM-MNSTR,1.00
SP73529200,,SHAFT,,-,DRUM /-,-,-,KTM-MNSTR,4.00
SP73529200,,SHAFT,,-,FLYER BOBBIN MLL-26385/-,-,-,KTM-MNSTR,1.00
SP73529200,,SHAFT,,-,FRONT ROLL WITH GEAR /18T,-,-,KTM-MNSTR,1.00
SP73529200,,SHAFT,,-,MAIN /1260MM P,-,-,KTM-MNSTR,1.00
SP73529200,,SHAFT,,-,MAIN END /SMALL,-,-,KTM-MNSTR,2.00
SP73529200,,SHAFT,,-,TWIST BOX/-,-,-,KTM-MNSTR,5.00
SP73529200,,SHAFT,,-,UNIVERSAL/-,-,-,KTM-MNSTR,2.00
SP73529200,,SHAFT,,CARBON STEEL,WORM/-,-,-,KTM-MNSTR,2.00
SP73529200,,SHAFT,,H.CARBON STEEL,-/21T,-,-,KTM-MNSTR,3.00
SP73529210,,SHAFT FOC,,-,-,-,-,KTM-MNSTR,4.00
SP73529210,,SHAFT FOC,,M.S,"MAIN HEAD CYLINDER TWIN DRIVE/1""",-,ITALY/MARZOLI/FT 6E,KTM-MNSTR,1.00
SP73529220,,SHAFT USED,,-,CAM/-,-,-,KTM-MNSTR,5.00
SP73529500,,SHOCK ABSORBER,,-,CRADLE/-,-,SCHLAFHORST/-/-,KTM-MNSTR,8.00
SP73529500,,SHOCK ABSORBER,,-,GAS PRESSURE SPRING/-,-,-,KTM-MNSTR,4.00
SP73529520,,SHOCK ABSORBER FOC,,-,CRADLE/-,-,SCHLAFHORST/-/-,KTM-MNSTR,1.00
SP73529600,,SHOE,,-,-,-,-,KTM-MNSTR,31.00
SP73530300,,SLEEVE,,-,-,-,-,KTM-MNSTR,316.00
SP73530400,,SLIDE,,-,BALL BEARING BACK/-,-,-,KTM-MNSTR,20.00
SP73530400,,SLIDE,,-,MIDDLE ROLL/-,-,-/-/FA-503,RING-WH,12.00
SP73530400,,SLIDE,,C.I, BACK ROLL /-,-,-,KTM-MNSTR,12.00
SP73530400,,SLIDE,,C.I,BACK ROLL UNDER HEAD RIGHT/-,-,-/-/FA-502,KTM-MNSTR,5.00
SP73530750,,SOCKET,,-,PNEUMATIC PUSH IN FITTING ONE SIDE THREAD16.4MM/12MM,-,-,KTM-MNSTR,10.00
SP73530750,,SOCKET,,ALUMINIUM, FOR PNEUMAFIL PIPE/-,-,-,KTM-MNSTR,35.00
SP73530800,,SOFTWARE MANUAL FOC,,-,MOTOR DRIVER,-,TURKEY/ASTEKS/SF 201,KTM-MNSTR,1.00
SP73530900,,SPACER,,-,RING/-,-,SKF/-/-,CRD-WH,2.00
SP73530900,,SPACER,,-,RING/-,-,SKF/-/-,KTM-MNSTR,"2,398.00"
SP73530900,,SPACER,,-,-,-/BEIGE,SKF/-/FL-16,KTM-MNSTR,140.00
SP73530900,,SPACER,,-,-/2.6MM,-/VIOLET,SKF/-/-,KTM-MNSTR,"1,000.00"
SP73530900,,SPACER,,-,-,-/WHITE,SKF/-/-,KTM-MNSTR,350.00
SP73531000,,SPARE PARTS SET,,-,UT5 (-4) CONVEYOR,-,SWITZERLAND/USTER/UT5,KTM-MNSTR,1.00
SP73531300,,SPINDLE,,-,BOLSTER NASA HP-S68-7-CRD,-,NOVIBRA/-/-,KTM-MNSTR,131.00
SP73531330,,SPINDLE FOC,,-,TURN BOBBINS ASSEMBLY/-,-,ITALY/MARZOLI/FT 6E,KTM-MNSTR,1.00
SP73531500,,SPRING,,-,-,-,-,KTM-MNSTR,5.00
SP73531500,,SPRING,,-, LEG/-,-,-,KTM-MNSTR,1.00
SP73531500,,SPRING,,-,ARM PENDULAM /-,-,-/-/ F-1520,KTM-MNSTR,-50.00
SP73531500,,SPRING,,-,BLOW ROOM /-,-,-,KTM-MNSTR,10.00
SP73531500,,SPRING,,-,CONTACT  0.2 DICK/-,-,-,KTM-MNSTR,2.00
SP73531500,,SPRING,,-,DRAW /-,-,-,KTM-MNSTR,5.00
SP73531500,,SPRING,,-,FLAT-LEFT /-,-,-,KTM-MNSTR,1.00
SP73531500,,SPRING,,-,FLAT-RIGHT/-,-,-,KTM-MNSTR,1.00
SP73531500,,SPRING,,-,LEAF/-,-,-,KTM-MNSTR,100.00
SP73531500,,SPRING,,-,PRESSURE /-,-,-,KTM-MNSTR,27.00
SP73531500,,SPRING,,-,REGULATER/-,-,-,KTM-MNSTR,150.00
SP73531500,,SPRING,,-,TENSOR/0.8,-,-,KTM-MNSTR,90.00
SP73531500,,SPRING,,-,TORSION 36802 /-,-,-,KTM-MNSTR,20.00
SP73531500,,SPRING,,-,TENSION 0.7 /-,-/PINK,-/JAPAN /-,KTM-MNSTR,178.00
SP73531500,,SPRING,,M.S,TENSION /16X50MM,-,-,KTM-MNSTR,15.00
SP73531500,,SPRING,,M.S,TENSION/-,-,-,KTM-MNSTR,14.00
SP73531500,,SPRING,,M.S,TENSOR CUTTER/-,-,-,KTM-MNSTR,60.00
SP73531700,,STATIONARY FLAT,,ALUMINIUM,FIXED FLAT G S-TECH ST 550 D,1279/GREEN,GROZ-BECKERT/-/-,KTM-MNSTR,1.00
SP73532200,,SUPPORT,,-,-,-,-,KTM-MNSTR,1.00
SP73532200,,SUPPORT,,-,BALL CAGES/-,-,SCHLAFHORST/-/-,KTM-MNSTR,24.00
SP73532400,,TAPE,,-,SPINDLE/11X0.0.8MM,-/GREEN,HANIL/KOREA/-,KTM-MNSTR,"12,000.00"
SP73532400,,TAPE,,-,SPINDLE/13X0.0.8MM,-/GREEN,HANIL/KOREA/-,KTM-MNSTR,"1,500.00"
SP73532410,,TAPE FOC,,-,LIFTING,-,CHINA/JINGWI/F 1520,KTM-MNSTR,2.00
SP73532440,,TAPE,,STEEL,LIFTING/450MM,-,-/-/FA-503,KTM-MNSTR,100.00
SP73532440,,TAPE,,STEEL,RING RAIL/460MMX8MM,-,-,KTM-MNSTR,30.00
SP73532450,,TAPE,,-,BLOWER /10X2.5MM,-,HANIL/KOREA,KTM-MNSTR,"3,300.00"
SP73532600,,TEE,,-,PNEUMATIC/6MM,-,-,KTM-MNSTR,30.00
SP73532700,,TERMINAL,,-,STRIP LUG Z03-61630-00/-,-,-,KTM-MNSTR,9.00
SP73533200,,TOP SET,,-,CLIPPED TX 40 M/101+1SET,-,GROZ-BECKERT/-/-,KTM-MNSTR,1.00
SP73533300,,TRANSDUCER,,-,"PRESSURE TRANSMITTER/0-20M BAR,  0-5V, B 23",-,RIETER/-/SB D-26,KTM-MNSTR,1.00
SP73533300,,TRANSDUCER,,-,PRESSURE/-,-,-,KTM-MNSTR,3.00
SP73533300,,TRANSDUCER,,-,PRESSURE/-,-,CROSROL/-/-,KTM-MNSTR,1.00
SP73533320,,TRANSDUCER FOC,,-,PRESSURE BATT FORMATION CHAMBER/-,-,-,KTM-MNSTR,1.00
SP73533320,,TRANSDUCER FOC,,-,"PRESSURE TRANSMITTER/0-20M BAR,  0-5V",-,-/-/SB D-26,KTM-MNSTR,1.00
SP73533420,,TRAP DOOR,,-, LEFT-RIGHT /-,-,-,KTM-MNSTR,21.00
SP73533510,,TRUMPET FOC,,-,RC FOR FALSE TWIST D.10 GR 12/-,-,MARZOLI/-/-,KTM-MNSTR,10.00
SP73533600,,TUBE,,-,DRUM/-,-,-,KTM-MNSTR,1.00
SP73533600,,TUBE,,-,PRESSURE WITH SOCKET/-,-,-,KTM-MNSTR,6.00
SP73533600,,TUBE,,-,SUCTION/-,-,-,KTM-MNSTR,29.00
SP73533600,,TUBE,,RUBBER,"PATTELLI/DIA 22X190MM, BORE 20MM",-,-,KTM-MNSTR,90.00
SP73533610,,TUBE FOC,,-,ADAPTOR/-,-,GERMANY/SCHLAFHORST/X 6,KTM-MNSTR,4.00
SP73534050,,UNDER CASING,,-,CYLINDER JALI/-,-,-/-/-,KTM-MNSTR,4.00
SP73534050,,UNDER CASING,,-,DOFFER JALI/-,-,-/-/-,KTM-MNSTR,4.00
SP73534050,,UNDER CASING,,-,TAKERIN JALI/-,-,-/-/-,KTM-MNSTR,4.00
SP73534200,,VALVE,,-,-,-,-,KTM-MNSTR,8.00
SP73534200,,VALVE,,-,-,-,BOGE/-/-,KTM-MNSTR,2.00
SP73534200,,VALVE,,-, BALL /-,-,-,KTM-MNSTR,2.00
SP73534200,,VALVE,,-,BLOCK/-,-,SCHLAFHORST/GERMANY/-,KTM-MNSTR,4.00
SP73534200,,VALVE,,-,CHECK G ¬ TYPE /-,-,-,KTM-MNSTR,1.00
SP73534200,,VALVE,,-,CUT OFF 2\2 NW 6 G1\4 /-,-,-,KTM-MNSTR,1.00
SP73534200,,VALVE,,-,SOLENIOD /5\2 WAY 24v DC-1.7W,-,-,KTM-MNSTR,3.00
SP73534200,,VALVE,,-,SOLENOID /-,-,-,KTM-MNSTR,10.00
SP73534200,,VALVE,,-,SOLENOID /-,-,-/-/ S-40-S-40-2,ATC-WH,1.00
SP73534200,,VALVE,,-,SOLENOID /4.41,-,-,KTM-MNSTR,1.00
SP73534200,,VALVE,,-,SOLENOID/5WAY 12V DC 20~120PSI,-,JOSSI/-/-,KTM-MNSTR,2.00
SP73534200,,VALVE,,-,VENTING COMPLETE/-,-,KAESER/-/-,KTM-MNSTR,1.00
SP73534200,,VALVE,,-,YARN TRAP,-,SCHLAFHORST/-/-,KTM-MNSTR,2.00
SP73534200,,VALVE,,BRASS,"STEAM/1"", 220V, 28AMP, 50HZ, ED 100",-,-,KTM-MNSTR,2.00
SP73534200,,VALVE,,METALLIC,SOLENOID/MR 10A.12V,-,JINGWAY JWF 1213A,KTM-MNSTR,10.00
SP73534210,,VALVE FOC,,-,-,-,-,KTM-MNSTR,34.00
SP73534210,,VALVE FOC,,-,BLOCK/-,-,-,KTM-MNSTR,3.00
SP73534210,,VALVE FOC,,-,PRESSURE WITH COIL /-,-,-,KTM-MNSTR,2.00
SP73534210,,VALVE FOC,,-,PRESSURE WITH COIL /-,-,-/SNS/4V210-08,KTM-MNSTR,1.00
SP73534210,,VALVE FOC,,-,SOLENOID WITH COIL /-,-,-,KTM-MNSTR,1.00
SP73534210,,VALVE FOC,,-,SOLENOID WITH COIL /24V DC,-,CHINA/UNIOUC/B 9589,KTM-MNSTR,2.00
SP73534210,,VALVE FOC,,-,SOLENOID/2-WAY,-,SCHLAFHORST/-/-,KTM-MNSTR,2.00
SP73534210,,VALVE FOC,,-,YARN TRAP/-,-,SCHLAFHORST/-/-,KTM-MNSTR,4.00
SP73534300,,WASHER,,-,-,-,-,KTM-MNSTR,18.00
SP73534300,,WASHER,,M.S,PLAIN MAGAZINE/-,-,-,KTM-MNSTR,19.00
SP73534300,,WASHER,,RUBBER,BLOWER NOZZLE /-,-,-,KTM-MNSTR,700.00
SP73534320,,WASHER FOC,,RUBBER,FLANGE/-,-,-,KTM-MNSTR,72.00
SP73534720,,WEIGHT,,C.I,LIFTING/BS520-2203,-,BEST/-/BEST 589,KTM-MNSTR,3.00
SP73534720,,WEIGHT,,C.I,LIFTING/BS520L-2220,-,BEST/-/BEST 589,KTM-MNSTR,24.00
SP73534800,,WHEEL,,-,"COASTER FOR SLIVER CAN 30""X42""WITH UNIVERSAL BRACKET/3""",-,-,KTM-MNSTR,100.00
SP73534800,,WHEEL,,-,PILE /-,-,-,KTM-MNSTR,9.00
SP73534800,,WHEEL,,-,TOOTHED/-,-,SCHLAFHORST/-/-,KTM-MNSTR,12.00
SP73534800,,WHEEL,,-,TOOTHED/Z-25,-,-,KTM-MNSTR,3.00
SP73534800,,WHEEL,,-,TOOTHED/Z-27,-,-,KTM-MNSTR,3.00
SP73534800,,WHEEL,,-,TOOTHED/Z-29,-,SCHLAFHORST/-/-,KTM-MNSTR,60.00
SP73534800,,WHEEL,,-,TOOTHED/Z-33,-,SCHLAFHORST/-/-,KTM-MNSTR,2.00
SP73534800,,WHEEL,,-,TOOTHED/Z-62,-,SCHLAFHORST/-/-,KTM-MNSTR,1.00
SP73534800,,WHEEL,,PLASTIC,TOOTHED/-,-,SCHLAFHORST/-/-,KTM-MNSTR,22.00
SP73534800,,WHEEL,,TEFLON,BLOWER /-,-,-,KTM-MNSTR,17.00
SP73534900,,WHEEL CHAIN,,-,-,-,-,KTM-MNSTR,1.00
SP73534900,,WHEEL CHAIN,,-,BACK/62T,-,-/-/FA-415,KTM-MNSTR,1.00
SP73534900,,WHEEL CHAIN,,-,TOOTH-Z/22T,-,-,KTM-MNSTR,16.00
SP73534900,,WHEEL CHAIN,,M.S,-/25T WHEEL GEAR,-,-,KTM-MNSTR,16.00
SP73534900,,WHEEL CHAIN,,M.S,-/27T,-,-,KTM-MNSTR,17.00
SP73534900,,WHEEL CHAIN,,M.S,"DOUBLE/41T, BORE 40MM, CHAIN # 50",-,-,KTM-MNSTR,4.00
SP73534900,,WHEEL CHAIN,,M.S,"SINGLE/69T, BORE 35MM,CHAIN # 50, DIA 365MM, CORTER10MM, KNO",-,-,KTM-MNSTR,1.00
SP73535100,,WIRE,,-,STRIPPING ROLL/R2,-,GROZ-BECKERT/-/-,KTM-MNSTR,30.00
SP73535135,,WIRE FOC,,-,OPENING ROLLER (NATI),-,-,KTM-MNSTR,1.00
SP73535150,,WIRE,,-,"DOFF ER ARCHED TOOTH/N-403CBXO 9, N 40 ?30 XO 9",-,GRAF/SWITZERLAND/JWF 1213A,KTM-MNSTR,1.00
SP73535150,,WIRE,,-,DOFFER/D37-30-40 R5,-,GROZ-BECKERT/-/-,KTM-MNSTR,1.00
SP73535150,,WIRE,,DURATECH,"CYLINDER/40""X40"" - C25-20-72",-,GROZ-BECKERT/-/-,KTM-MNSTR,1.00
SP73535900,,YARN TENSIONER,,-,LONG STAPLE FIBERS/-,-,-,KTM-MNSTR,1.00
SP73536150,,ASSY,,-,HYDRAULIC FITTING/-,-,-/-/FL-16,KTM-MNSTR,1.00
SP73536600,,BRAKE,,-,LAPPET/-,-,-,KTM-MNSTR,8.00
SP73536800,,BUG,,-,SS 6142/95DIA,-,-,KTM-MNSTR,4.00
SP73536900,,BUILDING MOTION,,-,-,-,-,KTM-MNSTR,1.00
SP73537000,,BUTTON,,-,PUSH WITH SPRING /-,-,-,KTM-MNSTR,150.00
SP73537020,,BUTTON USED,,PLASTIC,ROD/-,-/YELLOW,-,KTM-MNSTR,5.00
SP73537100,,CATCH SWALLOW TAIL,,-,R\L WITH STOP PIECE/-,-,-,KTM-MNSTR,2.00
SP73537400,,COLLAR,,-,-/-/THRUST,-,-/SCHLAFHORST/X-5,KTM-MNSTR,8.00
SP73537400,,COLLAR,,-,B-10098/-,-,-,KTM-MNSTR,20.00
SP73537500,,COLLECTOR,,-,CARBON CURRENT COMPLETE/-,-,ITALY/MARZOLI/FT 6E,KTM-MNSTR,1.00
SP73537800,,FAN USED,,ALUMINIUM,SUPPLY AIR/1000MM,-,-,KTM-MNSTR,1.00
SP73537900,,FINAL SET OF BOARD,,-,-,-,-,KTM-MNSTR,1.00
SP73538700,,PIECE SIGNAL,,-,-,-,-,KTM-MNSTR,20.00
SP73539100,,RELEASING DEVICE,,-,-,-,-,KTM-MNSTR,5.00
SP73539500,,STAND,,C.I,ROLL/27MM,-,-,KTM-MNSTR,4.00
SP73539700,,WEARING PARTS,,-,FOR MIN PRESSURE VALVE/-,-,-,KTM-MNSTR,1.00
SP73539700,,WEARING PARTS,,-,FOR OIL REGULATOR/-,-,BOGE/-/55KW SL F75-3,KTM-MNSTR,2.00
SP73539800,,WORM,,-,-,-,-,KTM-MNSTR,1.00
SP73539800,,WORM,,M. S,"FOR GEAR/50T, L 120MM",-,-,KTM-MNSTR,2.00
SP73539800,,WORM,,PLASTIC,WHEEL/-,-,SCHLAFHORST/GERMANY/-,KTM-MNSTR,5.00
SP73539900,,KNOB,,-,HANDLE/-,-,-,KTM-MNSTR,15.00
SP73540730,,STRIP FOC,,-,COMB/-,-,SCHLAFHORST/GERMANY/-,KTM-MNSTR,1.00
SP73540800,,FOAM,,-,"SMOKING/WIDTH 6', THICKNESS 20MM",-,-,KTM-MNSTR,50.00
SP73541000,,BOX,,-,"LENGTH METER COMPLETE/MMM 60 .PS-N5 220V, 50HZ",-,-,KTM-MNSTR,1.00
SP73541600,,CUTTER,,-,ASSY/-,-,SCHLAFHORST/-/-,KTM-MNSTR,10.00
SP73541600,,CUTTER,,CERAMIC,-/-/HALF,-,SCHLAFHORST/-/-,KTM-MNSTR,16.00
SP73542220,,DEVICE FOC,,-,WAXING/-,-,GERMANY/SCHLAFHORST/X 6,KTM-MNSTR,3.00
SP73543200,,CONTROL,,-,UNIT/-,-,SCHLAFHORST/GERMANY/-,KTM-MNSTR,1.00
SP73543700,,BLOCK,,PLASTIC,-/-/LATTICE APRON STOP,-,BEST BS 589M/-/-,KTM-MNSTR,"3,000.00"
SP73544320,,BASE USED,,PLASTIC,CONNECTOR/-,-,-,KTM-MNSTR,10.00
SP73545300,,UNIT,,-,BUFFER/-,-,-,KTM-MNSTR,1.00
SP73545300,,UNIT,,-,OPERATION/-,-,SCHLAFHORST/GERMANY/-,KTM-MNSTR,1.00
SP73545300,,UNIT,,-,TENSION/-,-,SCHLAFHORST/GERMANY/-,KTM-MNSTR,2.00
SP73545300,,UNIT,,-,WINDING CONTROL/-,-,SCHLAFHORST/GERMANY/-,KTM-MNSTR,3.00
SP73545800,,STATOR,,-,-,-,SCHLAFHORST/GERMANY/-,KTM-MNSTR,2.00
SP73546000,,MEASURING HEAD,,-,-,-,SCHLAFHORST/GERMANY/-,KTM-MNSTR,4.00
SP73546100,,STRIP,,NYLON,"-/1«""",-,-,KTM-MNSTR,5.00
SP73547800,,COMPACT SYSTEM,,-,FOR FA-1520/480 SPINDLES,-,ROTORCRAFT/SWITZERLAND/-,KTM-MNSTR,1.00
SP73548900,,PULLEY (USED),,ALUMINUM,MOTOR-5L/OUTER DIA 64X70MM-5V,-,-,KTM-MNSTR,8.00
SP73548900,,PULLEY (USED),,M.S,FLAT ENDLESS BELT/160MM,-,-/-/F 1508,KTM-MNSTR,14.00
SP73548900,,PULLEY (USED),,M.S,FLAT ENDLESS BELT/170MM,-,-/-/F 1508,KTM-MNSTR,19.00
SP73548900,,PULLEY (USED),,M.S,FLAT ENDLESS BELT/180MM,-,-/-/F 1508,KTM-MNSTR,9.00
SP73548900,,PULLEY (USED),,M.S,FLAT ENDLESS BELT/200MM,-,-/-/F 1508,KTM-MNSTR,26.00
SP73548900,,PULLEY (USED),,M.S,FLAT ENDLESS BELT/210MM,-,-/-/F 1508,KTM-MNSTR,15.00
SP73548900,,PULLEY (USED),,M.S,FLAT ENDLESS BELT/215MM,-,-/-/F 1508,KTM-MNSTR,10.00
SP73548900,,PULLEY (USED),,M.S,FLAT ENDLESS BELT/220MM,-,-/-/F 1508,KTM-MNSTR,1.00
SP73548900,,PULLEY (USED),,M.S,FLAT ENDLESS BELT/230MM,-,-/-/F 1508,KTM-MNSTR,12.00
SP73548900,,PULLEY (USED),,M.S,FLAT ENDLESS BELT/240MM,-,-/-/F 1508,KTM-MNSTR,15.00
SP73548900,,PULLEY (USED),,M.S,"V TYPE,3V/180MM",-,-/-/FA 503,KTM-MNSTR,3.00
SP73548900,,PULLEY (USED),,M.S,"V TYPE,3V/190MM",-,-/-/FA 503,KTM-MNSTR,6.00
SP73548900,,PULLEY (USED),,M.S,"V TYPE,3V/195MM",-,-/-/FA 503,KTM-MNSTR,4.00
SP73548900,,PULLEY (USED),,M.S,"V TYPE,3V/210MM",-,-/-/FA 503,KTM-MNSTR,8.00
SP73549000,,STIRRER,,GLASS,"-/L-217MM, THICKNESS 7MM",-,-,KTM-MNSTR,3.00
SP73549700,,DAMPING,,PLASTIC,-,-,-,KTM-MNSTR,6.00
SP73549720,,DAMPING USED,,-,-,-,-,KTM-MNSTR,5.00
SP73550100,,ACTUATOR,,M.S,-,-,GERMANY/SCHLAFHORST/338,KTM-MNSTR,20.00
SP73550600,,ARBOR,,-,-,-,ITALY/MARZOLI/FT 6E,KTM-MNSTR,1.00
SP73552720,,TOOL FOC,,-,REMOVAL/-,-,CHINA/WEIPU/B 9589,KTM-MNSTR,1.00
SP73553120,,CPU FOC,,-,-,-,-,KTM-MNSTR,1.00
SP73553500,,CONTROLLER,,-,SERVO/MSD MA 3015 E K92,-,-,KTM-MNSTR,2.00
SP73553520,,CONTROLLER FOC,,-,-,-,-,KTM-MNSTR,1.00
SP73553520,,CONTROLLER FOC,,-,PHASE ANGLE/90-250V AC,-,TURKEY/ASTEKS/SF 201,KTM-MNSTR,1.00
SP73553530,,PACKING FOC,,-,-,-,-,KTM-MNSTR,10.00
SP73556300,,ELECTROMAGNET,,-,-,-,SCHLAFHORST/-/-,KTM-MNSTR,5.00
SP73556800,,YARN TRAP,,-,-,-,GERMANY/SCHLAFHORST/X 6,KTM-MNSTR,10.00
SP73556800,,YARN TRAP,,-,-,-,SCHLAFHORST/-/-,KTM-MNSTR,18.00
SP73557300,,STRAP FOC,,-,SCISSOR/-,-,GERMANY/SCHLAFHORST/X 6,KTM-MNSTR,5.00
SP73557310,,STRAP,,-,SCISSOR/-,-,GERMANY/SCHLAFHORST/X6,KTM-MNSTR,45.00
SP73558000,,PRESSURE PART,,-,-,-,-,KTM-MNSTR,9.00
SP73560700,,FULL STEP FOC,,RUBBER,-,BLACK,CHINA/JINGWI/F 1520,KTM-MNSTR,4.00
WS7350001,,WEIGHTING SCALE,,-,ELECTRONIC/300 KG DIVISION 200 GRAM,-,SANG/-/D-60S,KTM-MNSTR,1.00
Total,,,,,,,,,"1,633,868"
,,,,,,,,,
